<?xml version="1.0" encoding="UTF-8"?>
<alto xmlns:xsi="http://www.w3.org/2001/XMLSchema-instance"
      xmlns="http://www.loc.gov/standards/alto/ns-v4#"
      xsi:schemaLocation="http://www.loc.gov/standards/alto/ns-v4# http://www.loc.gov/standards/alto/v4/alto-4-2.xsd">
  <Description>
    <MeasurementUnit>pixel</MeasurementUnit>
    <sourceImageInformation>
      <fileName>10_9550c_default.jpg</fileName>
      <fileIdentifier>https://mazarinum.bibliotheque-mazarine.fr/i/?IIIF=/af/0a/c2/41/af0ac241-0f82-4dc2-a6df-bb95b17c4e73/iiif/751063002_inc59_0011.tif/full/full/0/default.jpg</fileIdentifier>
    </sourceImageInformation>
  </Description>
  
  <Tags>
    <OtherTag ID="BT1" LABEL="Title" DESCRIPTION="block type Title"/><OtherTag ID="BT2" LABEL="Main" DESCRIPTION="block type Main"/><OtherTag ID="BT3" LABEL="Commentary" DESCRIPTION="block type Commentary"/><OtherTag ID="BT4" LABEL="Illustration" DESCRIPTION="block type Illustration"/><OtherTag ID="BT1467" LABEL="Page" DESCRIPTION="block type Page"/>
    <OtherTag ID="LT1" LABEL="Main" DESCRIPTION="line type Main"/><OtherTag ID="LT2" LABEL="Numbering" DESCRIPTION="line type Numbering"/><OtherTag ID="LT3" LABEL="Correction" DESCRIPTION="line type Correction"/><OtherTag ID="LT4" LABEL="Signature" DESCRIPTION="line type Signature"/>
  </Tags>
  
  <Layout>
    <Page WIDTH="3747"
          HEIGHT="5000"
          PHYSICAL_IMG_NR="2"
          ID="eSc_dummypage_">
      <PrintSpace HPOS="0"
                  VPOS="0"
                  WIDTH="3747"
                  HEIGHT="5000">
        
        <TextBlock HPOS="450"
                   VPOS="462"
                   WIDTH="1079"
                   HEIGHT="3467"
                   ID="eSc_textblock_dc78c154"
                   TAGREFS="BT2">
          <Shape><Polygon POINTS="1512 462 1512 829 1117 840 1110 967 1529 983 1522 1090 1276 1101 1278 1232 1529 1233 1525 1408 1523 1412 773 1412 773 1426 764 1426 764 1479 802 1479 802 1484 1517 1484 1512 1600 808 1600 808 1650 1509 1650 1504 1768 792 1768 792 1824 1501 1824 1496 1931 780 1931 780 1981 1494 1981 1481 2268 1016 2268 1016 2335 1497 2335 1529 2400 1512 3862 1029 3929 466 3912 450 500 516 466"/></Shape>
          
          
          <TextLine ID="eSc_line_a9dc36ac"
                    
                    BASELINE="462 541 1479 541" 
                    HPOS="458"
                    VPOS="429"
                    WIDTH="1021"
                    HEIGHT="146">
            <Shape><Polygon POINTS="462 541 458 445 1475 429 1479 541 1479 566 462 575"/></Shape>
	    <String CONTENT="genuit Abãtem acrisum &amp; Iasiiũ."
                    HPOS="458"
                    VPOS="429"
                    WIDTH="1021"
                    HEIGHT="146"></String>
          </TextLine>

          
          
          <TextLine ID="eSc_line_346a9343"
                    
                    BASELINE="462 633 1492 625" 
                    HPOS="454"
                    VPOS="550"
                    WIDTH="1038"
                    HEIGHT="108">
            <Shape><Polygon POINTS="462 633 454 558 1479 550 1492 625 1483 658 458 654"/></Shape>
	    <String CONTENT="De Abante filio Lincei qui genuit"
                    HPOS="454"
                    VPOS="550"
                    WIDTH="1038"
                    HEIGHT="108"></String>
          </TextLine>

          
          
          <TextLine ID="eSc_line_df2f4b08"
                    
                    BASELINE="462 716 737 716" 
                    HPOS="458"
                    VPOS="629"
                    WIDTH="279"
                    HEIGHT="112">
            <Shape><Polygon POINTS="462 716 458 650 562 629 562 629 566 629 566 629 737 654 737 716 737 733 462 741"/></Shape>
	    <String CONTENT="pritum."
                    HPOS="458"
                    VPOS="629"
                    WIDTH="279"
                    HEIGHT="112"></String>
          </TextLine>

          
          
          <TextLine ID="eSc_line_00284d76"
                    
                    BASELINE="466 800 1492 800" 
                    HPOS="462"
                    VPOS="708"
                    WIDTH="1030"
                    HEIGHT="121">
            <Shape><Polygon POINTS="466 800 462 716 1487 708 1492 800 1492 820 466 829"/></Shape>
	    <String CONTENT="De Prito filio Abantis qui genuit"
                    HPOS="462"
                    VPOS="708"
                    WIDTH="1030"
                    HEIGHT="121"></String>
          </TextLine>

          
          
          <TextLine ID="eSc_line_ac71f2c9"
                    
                    BASELINE="462 883 1066 875" 
                    HPOS="458"
                    VPOS="800"
                    WIDTH="608"
                    HEIGHT="104">
            <Shape><Polygon POINTS="462 883 458 800 1058 812 1066 875 1062 895 462 904"/></Shape>
	    <String CONTENT="Meram &amp; sorores."
                    HPOS="458"
                    VPOS="800"
                    WIDTH="608"
                    HEIGHT="104"></String>
          </TextLine>

          
          
          <TextLine ID="eSc_line_1114d7ab"
                    
                    BASELINE="462 962 1075 962" 
                    HPOS="462"
                    VPOS="887"
                    WIDTH="613"
                    HEIGHT="100">
            <Shape><Polygon POINTS="462 962 462 887 1075 887 1075 962 1075 987 462 987"/></Shape>
	    <String CONTENT="De Mera priti filia."
                    HPOS="462"
                    VPOS="887"
                    WIDTH="613"
                    HEIGHT="100"></String>
          </TextLine>

          
          
          <TextLine ID="eSc_line_86a8bb4a"
                    
                    BASELINE="462 1050 1504 1050" 
                    HPOS="458"
                    VPOS="954"
                    WIDTH="1046"
                    HEIGHT="125">
            <Shape><Polygon POINTS="462 1050 458 958 1500 954 1504 1050 1504 1070 462 1079"/></Shape>
	    <String CONTENT="De Acrisio Abantis filio qui genu"
                    HPOS="458"
                    VPOS="954"
                    WIDTH="1046"
                    HEIGHT="125"></String>
          </TextLine>

          
          
          <TextLine ID="eSc_line_02fd5646"
                    
                    BASELINE="462 1137 1258 1137" 
                    HPOS="458"
                    VPOS="1062"
                    WIDTH="800"
                    HEIGHT="108">
            <Shape><Polygon POINTS="462 1137 462 1062 1258 1062 1258 1137 1254 1170 458 1154"/></Shape>
	    <String CONTENT="it Danem matrem persei."
                    HPOS="458"
                    VPOS="1062"
                    WIDTH="800"
                    HEIGHT="108"></String>
          </TextLine>

          
          
          <TextLine ID="eSc_line_ffe8ba8f"
                    
                    BASELINE="462 1220 1117 1220" 
                    HPOS="458"
                    VPOS="1137"
                    WIDTH="659"
                    HEIGHT="108">
            <Shape><Polygon POINTS="462 1220 462 1137 1117 1145 1117 1220 1112 1245 458 1237"/></Shape>
	    <String CONTENT="De dane filia acrisii."
                    HPOS="458"
                    VPOS="1137"
                    WIDTH="659"
                    HEIGHT="108"></String>
          </TextLine>

          
          
          <TextLine ID="eSc_line_93d5eceb"
                    
                    BASELINE="462 1300 1504 1300" 
                    HPOS="458"
                    VPOS="1212"
                    WIDTH="1046"
                    HEIGHT="121">
            <Shape><Polygon POINTS="462 1300 462 1212 1504 1225 1504 1300 1500 1333 458 1320"/></Shape>
	    <String CONTENT="De Iasio Abantis filio : qui genuit"
                    HPOS="458"
                    VPOS="1212"
                    WIDTH="1046"
                    HEIGHT="121"></String>
          </TextLine>

          
          
          <TextLine ID="eSc_line_c338a2cd"
                    
                    BASELINE="462 1387 1500 1387" 
                    HPOS="458"
                    VPOS="1304"
                    WIDTH="1042"
                    HEIGHT="108">
            <Shape><Polygon POINTS="462 1387 458 1312 1496 1304 1500 1387 1496 1412 458 1408"/></Shape>
	    <String CONTENT="Athalantem Amphyonem &amp; Tha&#39;"
                    HPOS="458"
                    VPOS="1304"
                    WIDTH="1042"
                    HEIGHT="108"></String>
          </TextLine>

          
          
          <TextLine ID="eSc_line_3312e041"
                    
                    BASELINE="462 1470 741 1470" 
                    HPOS="458"
                    VPOS="1395"
                    WIDTH="283"
                    HEIGHT="100">
            <Shape><Polygon POINTS="462 1470 462 1395 741 1404 741 1470 737 1495 458 1487"/></Shape>
	    <String CONTENT="laonem."
                    HPOS="458"
                    VPOS="1395"
                    WIDTH="283"
                    HEIGHT="100"></String>
          </TextLine>

          
          
          <TextLine ID="eSc_line_0893d385"
                    
                    BASELINE="462 1554 1500 1554" 
                    HPOS="462"
                    VPOS="1470"
                    WIDTH="1038"
                    HEIGHT="113">
            <Shape><Polygon POINTS="462 1554 462 1470 1500 1470 1500 1554 1500 1579 462 1583"/></Shape>
	    <String CONTENT="De athalante filia Iasii &amp; matre par"
                    HPOS="462"
                    VPOS="1470"
                    WIDTH="1038"
                    HEIGHT="113"></String>
          </TextLine>

          
          
          <TextLine ID="eSc_line_379a1280"
                    
                    BASELINE="462 1637 787 1629" 
                    HPOS="454"
                    VPOS="1562"
                    WIDTH="333"
                    HEIGHT="96">
            <Shape><Polygon POINTS="462 1637 454 1575 775 1562 787 1629 787 1650 462 1658"/></Shape>
	    <String CONTENT="thenopey."
                    HPOS="454"
                    VPOS="1562"
                    WIDTH="333"
                    HEIGHT="96"></String>
          </TextLine>

          
          
          <TextLine ID="eSc_line_db5a4c96"
                    
                    BASELINE="462 1716 1508 1729" 
                    HPOS="454"
                    VPOS="1633"
                    WIDTH="1054"
                    HEIGHT="133">
            <Shape><Polygon POINTS="462 1716 462 1633 1508 1650 1508 1729 1504 1750 1187 1766 1183 1766 1183 1766 1183 1766 1179 1766 1179 1766 1175 1766 1175 1766 1150 1745 1146 1745 1129 1745 946 1762 946 1762 941 1762 454 1733"/></Shape>
	    <String CONTENT="De amphyone iasii filio qui genuit"
                    HPOS="454"
                    VPOS="1633"
                    WIDTH="1054"
                    HEIGHT="133"></String>
          </TextLine>

          
          
          <TextLine ID="eSc_line_87c73a7f"
                    
                    BASELINE="462 1804 737 1804" 
                    HPOS="458"
                    VPOS="1729"
                    WIDTH="279"
                    HEIGHT="100">
            <Shape><Polygon POINTS="462 1804 462 1729 737 1729 737 1804 733 1829 458 1820"/></Shape>
	    <String CONTENT="Clorim."
                    HPOS="458"
                    VPOS="1729"
                    WIDTH="279"
                    HEIGHT="100"></String>
          </TextLine>

          
          
          <TextLine ID="eSc_line_e6730fb1"
                    
                    BASELINE="466 1883 1492 1891" 
                    HPOS="454"
                    VPOS="1787"
                    WIDTH="1038"
                    HEIGHT="146">
            <Shape><Polygon POINTS="466 1883 466 1787 1487 1804 1492 1891 1487 1912 983 1933 979 1933 979 1933 979 1933 875 1912 512 1929 508 1929 508 1929 504 1929 504 1929 504 1929 454 1904"/></Shape>
	    <String CONTENT="De Clori filia amphyonis &amp; neley"
                    HPOS="454"
                    VPOS="1787"
                    WIDTH="1038"
                    HEIGHT="146"></String>
          </TextLine>

          
          
          <TextLine ID="eSc_line_234215d9"
                    
                    BASELINE="466 1970 750 1970" 
                    HPOS="462"
                    VPOS="1900"
                    WIDTH="288"
                    HEIGHT="91">
            <Shape><Polygon POINTS="466 1970 462 1904 746 1900 750 1970 750 1991 466 1991"/></Shape>
	    <String CONTENT="coniuge."
                    HPOS="462"
                    VPOS="1900"
                    WIDTH="288"
                    HEIGHT="91"></String>
          </TextLine>

          
          
          <TextLine ID="eSc_line_586a3d37"
                    
                    BASELINE="466 2050 1508 2058" 
                    HPOS="458"
                    VPOS="1945"
                    WIDTH="1050"
                    HEIGHT="146">
            <Shape><Polygon POINTS="466 2050 466 1975 708 1975 712 1970 733 1954 733 1954 737 1954 737 1954 737 1954 741 1954 741 1954 741 1954 746 1954 746 1954 854 1970 879 1975 883 1970 908 1950 908 1945 908 1945 912 1945 912 1945 912 1945 916 1945 916 1945 921 1945 1087 1950 1087 1950 1087 1950 1092 1950 1092 1950 1096 1950 1096 1950 1121 1970 1137 1983 1221 1983 1233 1970 1246 1958 1246 1954 1246 1954 1250 1954 1250 1954 1250 1954 1254 1954 1254 1954 1258 1954 1258 1954 1258 1954 1262 1954 1312 1970 1346 1979 1504 1970 1508 2058 1500 2091 458 2066"/></Shape>
	    <String CONTENT="De Thalaone Iasii filio qui genuit"
                    HPOS="458"
                    VPOS="1945"
                    WIDTH="1050"
                    HEIGHT="146"></String>
          </TextLine>

          
          
          <TextLine ID="eSc_line_30e16afc"
                    
                    BASELINE="462 2133 1421 2145" 
                    HPOS="454"
                    VPOS="2041"
                    WIDTH="967"
                    HEIGHT="138">
            <Shape><Polygon POINTS="462 2133 462 2041 1417 2070 1421 2145 1412 2179 454 2154"/></Shape>
	    <String CONTENT="Euridicem Flegiũ &amp; Adrastum."
                    HPOS="454"
                    VPOS="2041"
                    WIDTH="967"
                    HEIGHT="138"></String>
          </TextLine>

          
          
          <TextLine ID="eSc_line_1107cc9c"
                    
                    BASELINE="466 2220 1500 2229" 
                    HPOS="458"
                    VPOS="2133"
                    WIDTH="1042"
                    HEIGHT="121">
            <Shape><Polygon POINTS="466 2220 466 2133 1496 2141 1500 2229 1492 2254 458 2245"/></Shape>
	    <String CONTENT="De Euridice thalaonis filia &amp; am&#39;"
                    HPOS="458"
                    VPOS="2133"
                    WIDTH="1042"
                    HEIGHT="121"></String>
          </TextLine>

          
          
          <TextLine ID="eSc_line_eb9d1921"
                    
                    BASELINE="458 2308 991 2304" 
                    HPOS="445"
                    VPOS="2229"
                    WIDTH="551"
                    HEIGHT="112">
            <Shape><Polygon POINTS="458 2308 445 2233 979 2229 991 2304 996 2316 933 2341 933 2341 929 2341 929 2341 925 2341 454 2325"/></Shape>
	    <String CONTENT="phyarai coniuge."
                    HPOS="445"
                    VPOS="2229"
                    WIDTH="551"
                    HEIGHT="112"></String>
          </TextLine>

          
          
          <TextLine ID="eSc_line_9fd12ad2"
                    
                    BASELINE="466 2391 1233 2387" 
                    HPOS="458"
                    VPOS="2304"
                    WIDTH="775"
                    HEIGHT="112">
            <Shape><Polygon POINTS="466 2391 458 2308 1221 2304 1233 2387 1229 2416 466 2416"/></Shape>
	    <String CONTENT="De flegio filio thalaonis."
                    HPOS="458"
                    VPOS="2304"
                    WIDTH="775"
                    HEIGHT="112"></String>
          </TextLine>

          
          
          <TextLine ID="eSc_line_a666f0d9"
                    
                    BASELINE="466 2466 1504 2487" 
                    HPOS="458"
                    VPOS="2379"
                    WIDTH="1046"
                    HEIGHT="141">
            <Shape><Polygon POINTS="466 2466 466 2379 1504 2391 1504 2487 1496 2520 458 2483"/></Shape>
	    <String CONTENT="De Adrasto rege filio thalaonis:ꝗ"
                    HPOS="458"
                    VPOS="2379"
                    WIDTH="1046"
                    HEIGHT="141"></String>
          </TextLine>

          
          
          <TextLine ID="eSc_line_26cca5e4"
                    
                    BASELINE="466 2562 1371 2562" 
                    HPOS="466"
                    VPOS="2495"
                    WIDTH="905"
                    HEIGHT="96">
            <Shape><Polygon POINTS="466 2562 466 2495 1371 2495 1371 2562 1371 2583 466 2591"/></Shape>
	    <String CONTENT="genuit deyphylem &amp; argyam."
                    HPOS="466"
                    VPOS="2495"
                    WIDTH="905"
                    HEIGHT="96"></String>
          </TextLine>

          
          
          <TextLine ID="eSc_line_61dc0685"
                    
                    BASELINE="466 2641 1508 2650" 
                    HPOS="458"
                    VPOS="2558"
                    WIDTH="1050"
                    HEIGHT="125">
            <Shape><Polygon POINTS="466 2641 466 2558 1508 2566 1508 2650 1500 2683 458 2670"/></Shape>
	    <String CONTENT="De deyphyle adrasti filia &amp; thideo"
                    HPOS="458"
                    VPOS="2558"
                    WIDTH="1050"
                    HEIGHT="125"></String>
          </TextLine>

          
          
          <TextLine ID="eSc_line_194d921b"
                    
                    BASELINE="462 2729 766 2729" 
                    HPOS="462"
                    VPOS="2666"
                    WIDTH="304"
                    HEIGHT="84">
            <Shape><Polygon POINTS="462 2729 462 2666 766 2666 766 2729 766 2750 462 2750"/></Shape>
	    <String CONTENT="coniuge."
                    HPOS="462"
                    VPOS="2666"
                    WIDTH="304"
                    HEIGHT="84"></String>
          </TextLine>

          
          
          <TextLine ID="eSc_line_e5b991a3"
                    
                    BASELINE="466 2808 1496 2820" 
                    HPOS="458"
                    VPOS="2712"
                    WIDTH="1038"
                    HEIGHT="129">
            <Shape><Polygon POINTS="466 2808 466 2712 1492 2741 1496 2820 1487 2841 458 2825"/></Shape>
	    <String CONTENT="De argya Adrasti filia &amp; coniuge"
                    HPOS="458"
                    VPOS="2712"
                    WIDTH="1038"
                    HEIGHT="129"></String>
          </TextLine>

          
          
          <TextLine ID="eSc_line_005269bb"
                    
                    BASELINE="462 2891 808 2891" 
                    HPOS="462"
                    VPOS="2812"
                    WIDTH="346"
                    HEIGHT="100">
            <Shape><Polygon POINTS="462 2891 462 2812 808 2820 808 2891 808 2912 462 2912"/></Shape>
	    <String CONTENT="Pollinicis."
                    HPOS="462"
                    VPOS="2812"
                    WIDTH="346"
                    HEIGHT="100"></String>
          </TextLine>

          
          
          <TextLine ID="eSc_line_304f7959"
                    
                    BASELINE="466 2979 1500 2987" 
                    HPOS="458"
                    VPOS="2895"
                    WIDTH="1042"
                    HEIGHT="125">
            <Shape><Polygon POINTS="466 2979 466 2895 1500 2900 1500 2987 1492 3020 458 3000"/></Shape>
	    <String CONTENT="De agenore tertio beli prisci filio:ꝗ"
                    HPOS="458"
                    VPOS="2895"
                    WIDTH="1042"
                    HEIGHT="125"></String>
          </TextLine>

          
          
          <TextLine ID="eSc_line_3773337c"
                    
                    BASELINE="466 3058 1500 3070" 
                    HPOS="462"
                    VPOS="2987"
                    WIDTH="1038"
                    HEIGHT="104">
            <Shape><Polygon POINTS="466 3058 466 2987 1496 3000 1500 3070 1496 3083 462 3091"/></Shape>
	    <String CONTENT="genuit septem filios : quorũ prima"
                    HPOS="462"
                    VPOS="2987"
                    WIDTH="1038"
                    HEIGHT="104"></String>
          </TextLine>

          
          
          <TextLine ID="eSc_line_803efc35"
                    
                    BASELINE="475 3141 1500 3154" 
                    HPOS="466"
                    VPOS="3062"
                    WIDTH="1034"
                    HEIGHT="125">
            <Shape><Polygon POINTS="475 3141 470 3066 1492 3062 1500 3154 1492 3187 466 3175"/></Shape>
	    <String CONTENT="Thaygeta.secundus Polydorus.ter"
                    HPOS="466"
                    VPOS="3062"
                    WIDTH="1034"
                    HEIGHT="125"></String>
          </TextLine>

          
          
          <TextLine ID="eSc_line_029cd649"
                    
                    BASELINE="466 3229 1500 3241" 
                    HPOS="458"
                    VPOS="3154"
                    WIDTH="1042"
                    HEIGHT="100">
            <Shape><Polygon POINTS="466 3229 466 3154 1496 3166 1500 3241 1492 3254 458 3241"/></Shape>
	    <String CONTENT="tius Cylix.quartus Phoenix. quĩta"
                    HPOS="458"
                    VPOS="3154"
                    WIDTH="1042"
                    HEIGHT="100"></String>
          </TextLine>

          
          
          <TextLine ID="eSc_line_bd44c521"
                    
                    BASELINE="466 3312 1500 3320" 
                    HPOS="458"
                    VPOS="3233"
                    WIDTH="1042"
                    HEIGHT="129">
            <Shape><Polygon POINTS="466 3312 466 3233 1496 3241 1500 3320 1492 3362 458 3337"/></Shape>
	    <String CONTENT="Europa.sextus Cadmus. septimus"
                    HPOS="458"
                    VPOS="3233"
                    WIDTH="1042"
                    HEIGHT="129"></String>
          </TextLine>

          
          
          <TextLine ID="eSc_line_cacc2a7b"
                    
                    BASELINE="466 3400 816 3400" 
                    HPOS="462"
                    VPOS="3312"
                    WIDTH="354"
                    HEIGHT="121">
            <Shape><Polygon POINTS="466 3400 466 3312 816 3325 816 3400 812 3433 462 3420"/></Shape>
	    <String CONTENT="Labdacus."
                    HPOS="462"
                    VPOS="3312"
                    WIDTH="354"
                    HEIGHT="121"></String>
          </TextLine>

          
          
          <TextLine ID="eSc_line_3da3a656"
                    
                    BASELINE="466 3479 1462 3487" 
                    HPOS="458"
                    VPOS="3395"
                    WIDTH="1004"
                    HEIGHT="121">
            <Shape><Polygon POINTS="466 3479 466 3395 1458 3395 1462 3487 1454 3516 458 3504"/></Shape>
	    <String CONTENT="De thaygeta agenoris prima filia."
                    HPOS="458"
                    VPOS="3395"
                    WIDTH="1004"
                    HEIGHT="121"></String>
          </TextLine>

          
          
          <TextLine ID="eSc_line_d8b8f0cb"
                    
                    BASELINE="470 3558 1504 3579" 
                    HPOS="462"
                    VPOS="3475"
                    WIDTH="1042"
                    HEIGHT="129">
            <Shape><Polygon POINTS="470 3558 470 3475 1504 3491 1504 3579 1496 3604 462 3591"/></Shape>
	    <String CONTENT="De Polydoro secundo Agenoris"
                    HPOS="462"
                    VPOS="3475"
                    WIDTH="1042"
                    HEIGHT="129"></String>
          </TextLine>

          
          
          <TextLine ID="eSc_line_4c46629f"
                    
                    BASELINE="466 3650 650 3650" 
                    HPOS="462"
                    VPOS="3570"
                    WIDTH="188"
                    HEIGHT="100">
            <Shape><Polygon POINTS="466 3650 466 3570 650 3570 650 3650 646 3670 462 3666"/></Shape>
	    <String CONTENT="filio."
                    HPOS="462"
                    VPOS="3570"
                    WIDTH="188"
                    HEIGHT="100"></String>
          </TextLine>

          
          
          <TextLine ID="eSc_line_2e5c20c4"
                    
                    BASELINE="466 3729 1492 3750" 
                    HPOS="458"
                    VPOS="3645"
                    WIDTH="1034"
                    HEIGHT="130">
            <Shape><Polygon POINTS="466 3729 466 3645 1492 3675 1492 3750 1483 3775 458 3754"/></Shape>
	    <String CONTENT="De Cylice tertio Agenoris filio:ꝗ"
                    HPOS="458"
                    VPOS="3645"
                    WIDTH="1034"
                    HEIGHT="130"></String>
          </TextLine>

          
          
          <TextLine ID="eSc_line_7366b8ca"
                    
                    BASELINE="470 3816 1487 3829" 
                    HPOS="458"
                    VPOS="3741"
                    WIDTH="1029"
                    HEIGHT="134">
            <Shape><Polygon POINTS="470 3816 470 3741 1483 3745 1487 3829 1483 3850 1150 3875 1146 3875 1146 3875 883 3850 837 3870 837 3870 837 3870 833 3870 833 3870 829 3870 829 3870 829 3870 825 3870 825 3870 821 3870 779 3845 520 3862 516 3862 516 3862 516 3862 512 3862 512 3862 458 3837"/></Shape>
	    <String CONTENT="genuit Lampsacium &amp; pygmalio&#39;"
                    HPOS="458"
                    VPOS="3741"
                    WIDTH="1029"
                    HEIGHT="134"></String>
          </TextLine>

          
          
          <TextLine ID="eSc_line_925ea13a"
                    
                    BASELINE="470 3900 1025 3908" 
                    HPOS="462"
                    VPOS="3825"
                    WIDTH="563"
                    HEIGHT="158">
            <Shape><Polygon POINTS="470 3900 470 3825 1021 3833 1025 3908 1016 3962 833 3954 791 3970 758 3983 758 3983 754 3983 754 3983 750 3983 750 3983 750 3983 687 3970 579 3950 554 3975 550 3975 550 3979 550 3979 546 3979 546 3979 546 3979 541 3979 541 3979 541 3979 537 3979 462 3975"/></Shape>
	    <String CONTENT="nem &amp; pyrodem."
                    HPOS="462"
                    VPOS="3825"
                    WIDTH="563"
                    HEIGHT="158"></String>
          </TextLine>

          
        </TextBlock>
        
        <TextBlock HPOS="1717"
                   VPOS="461"
                   WIDTH="1079"
                   HEIGHT="3484"
                   ID="eSc_textblock_793b0c0f"
                   TAGREFS="BT2">
          <Shape><Polygon POINTS="2596 466 2796 583 2780 2179 2596 2266 2780 2316 2780 2462 2596 2529 2780 2583 2796 2779 2780 2862 2567 2895 2496 2966 2496 3079 2596 3133 2579 3229 2780 3283 2780 3779 2663 3833 2646 3945 1717 3929 1728 461"/></Shape>
          
          
          <TextLine ID="eSc_line_639612cb"
                    
                    BASELINE="1733 537 2621 550" 
                    HPOS="1725"
                    VPOS="387"
                    WIDTH="896"
                    HEIGHT="179">
            <Shape><Polygon POINTS="1733 537 1733 387 1875 387 1875 387 1875 387 1879 387 1879 387 1879 387 1883 387 1888 391 1958 437 2113 445 2204 408 2246 391 2246 391 2250 391 2250 391 2250 391 2254 391 2254 391 2254 391 2259 391 2259 391 2304 412 2388 450 2617 429 2621 550 2613 566 1725 558"/></Shape>
	    <String CONTENT="De Lampsacio Cylicis filio."
                    HPOS="1725"
                    VPOS="387"
                    WIDTH="896"
                    HEIGHT="179"></String>
          </TextLine>

          
          
          <TextLine ID="eSc_line_5ea44513"
                    
                    BASELINE="1733 633 2780 633" 
                    HPOS="1729"
                    VPOS="550"
                    WIDTH="1051"
                    HEIGHT="108">
            <Shape><Polygon POINTS="1733 633 1733 550 2780 554 2780 633 2775 658 1729 654"/></Shape>
	    <String CONTENT="De pygmalione primo Cylicis fi&#39;"
                    HPOS="1729"
                    VPOS="550"
                    WIDTH="1051"
                    HEIGHT="108"></String>
          </TextLine>

          
          
          <TextLine ID="eSc_line_5a388754"
                    
                    BASELINE="1733 712 2784 720" 
                    HPOS="1729"
                    VPOS="633"
                    WIDTH="1055"
                    HEIGHT="129">
            <Shape><Polygon POINTS="1733 712 1733 633 2780 633 2784 720 2780 741 2263 762 2259 762 2259 762 2254 762 2254 762 2254 762 2250 762 2250 762 2225 741 2221 741 1729 741"/></Shape>
	    <String CONTENT="lio &amp; ex priorum rege : qui genuit"
                    HPOS="1729"
                    VPOS="633"
                    WIDTH="1055"
                    HEIGHT="129"></String>
          </TextLine>

          
          
          <TextLine ID="eSc_line_f74182aa"
                    
                    BASELINE="1729 800 2038 800" 
                    HPOS="1725"
                    VPOS="716"
                    WIDTH="313"
                    HEIGHT="104">
            <Shape><Polygon POINTS="1729 800 1729 716 2038 729 2038 800 2033 820 1725 816"/></Shape>
	    <String CONTENT="Paphum"
                    HPOS="1725"
                    VPOS="716"
                    WIDTH="313"
                    HEIGHT="104"></String>
          </TextLine>

          
          
          <TextLine ID="eSc_line_e9a0b83e"
                    
                    BASELINE="1733 887 2780 887" 
                    HPOS="1729"
                    VPOS="795"
                    WIDTH="1051"
                    HEIGHT="125">
            <Shape><Polygon POINTS="1733 887 1729 804 2775 795 2780 887 2775 920 1729 908"/></Shape>
	    <String CONTENT="De Papho pygmalionis filio : qui"
                    HPOS="1729"
                    VPOS="795"
                    WIDTH="1051"
                    HEIGHT="125"></String>
          </TextLine>

          
          
          <TextLine ID="eSc_line_75ee5a2b"
                    
                    BASELINE="1733 966 2263 975" 
                    HPOS="1729"
                    VPOS="895"
                    WIDTH="534"
                    HEIGHT="96">
            <Shape><Polygon POINTS="1733 966 1733 895 2259 900 2263 975 2259 987 1729 991"/></Shape>
	    <String CONTENT="genuit Cinaram."
                    HPOS="1729"
                    VPOS="895"
                    WIDTH="534"
                    HEIGHT="96"></String>
          </TextLine>

          
          
          <TextLine ID="eSc_line_f076353b"
                    
                    BASELINE="1738 1054 2775 1062" 
                    HPOS="1729"
                    VPOS="966"
                    WIDTH="1046"
                    HEIGHT="109">
            <Shape><Polygon POINTS="1738 1054 1733 975 2767 966 2775 1062 2767 1075 1729 1066"/></Shape>
	    <String CONTENT="De Cinara filio paphi : qui genuit"
                    HPOS="1729"
                    VPOS="966"
                    WIDTH="1046"
                    HEIGHT="109"></String>
          </TextLine>

          
          
          <TextLine ID="eSc_line_9902276e"
                    
                    BASELINE="1733 1137 2700 1145" 
                    HPOS="1729"
                    VPOS="1054"
                    WIDTH="971"
                    HEIGHT="108">
            <Shape><Polygon POINTS="1733 1137 1733 1054 2696 1066 2700 1145 2696 1162 1729 1162"/></Shape>
	    <String CONTENT="Mirram:&amp; ex Mirra Adonem."
                    HPOS="1729"
                    VPOS="1054"
                    WIDTH="971"
                    HEIGHT="108"></String>
          </TextLine>

          
          
          <TextLine ID="eSc_line_246d36e0"
                    
                    BASELINE="1738 1216 2775 1229" 
                    HPOS="1729"
                    VPOS="1129"
                    WIDTH="1046"
                    HEIGHT="137">
            <Shape><Polygon POINTS="1738 1216 1738 1129 2771 1141 2775 1229 2767 1266 1729 1245"/></Shape>
	    <String CONTENT="De Mirra filia Cinarae: &amp; matre"
                    HPOS="1729"
                    VPOS="1129"
                    WIDTH="1046"
                    HEIGHT="137"></String>
          </TextLine>

          
          
          <TextLine ID="eSc_line_61e0b868"
                    
                    BASELINE="1733 1308 2008 1300" 
                    HPOS="1721"
                    VPOS="1229"
                    WIDTH="287"
                    HEIGHT="96">
            <Shape><Polygon POINTS="1733 1308 1721 1237 1996 1229 2008 1300 2004 1325 1729 1320"/></Shape>
	    <String CONTENT="Adonis."
                    HPOS="1721"
                    VPOS="1229"
                    WIDTH="287"
                    HEIGHT="96"></String>
          </TextLine>

          
          
          <TextLine ID="eSc_line_be25f5bf"
                    
                    BASELINE="1738 1387 2730 1395" 
                    HPOS="1729"
                    VPOS="1275"
                    WIDTH="1001"
                    HEIGHT="141">
            <Shape><Polygon POINTS="1738 1387 1738 1279 2033 1304 2100 1279 2108 1275 2108 1275 2113 1275 2113 1275 2113 1275 2117 1275 2117 1275 2121 1275 2121 1275 2121 1275 2125 1275 2125 1275 2125 1279 2125 1279 2154 1304 2263 1287 2263 1287 2267 1287 2267 1287 2267 1287 2271 1287 2271 1287 2271 1287 2275 1287 2275 1287 2300 1308 2721 1279 2730 1395 2721 1416 1729 1408"/></Shape>
	    <String CONTENT="De adone filio &amp; nepote Cinarę."
                    HPOS="1729"
                    VPOS="1275"
                    WIDTH="1001"
                    HEIGHT="141"></String>
          </TextLine>

          
          
          <TextLine ID="eSc_line_31ddba00"
                    
                    BASELINE="1738 1479 2459 1479" 
                    HPOS="1738"
                    VPOS="1395"
                    WIDTH="721"
                    HEIGHT="105">
            <Shape><Polygon POINTS="1738 1479 1738 1395 2459 1404 2459 1479 2459 1495 1738 1500"/></Shape>
	    <String CONTENT="De pyrode Cylicis filio."
                    HPOS="1738"
                    VPOS="1395"
                    WIDTH="721"
                    HEIGHT="105"></String>
          </TextLine>

          
          
          <TextLine ID="eSc_line_b4d5c72c"
                    
                    BASELINE="1738 1562 2775 1562" 
                    HPOS="1738"
                    VPOS="1470"
                    WIDTH="1037"
                    HEIGHT="113">
            <Shape><Polygon POINTS="1738 1562 1738 1470 2775 1487 2775 1562 2775 1583 1738 1583"/></Shape>
	    <String CONTENT="De Phoenice quarto Agenoris fi&#39;"
                    HPOS="1738"
                    VPOS="1470"
                    WIDTH="1037"
                    HEIGHT="113"></String>
          </TextLine>

          
          
          <TextLine ID="eSc_line_5b19b1d8"
                    
                    BASELINE="1738 1641 2767 1654" 
                    HPOS="1729"
                    VPOS="1550"
                    WIDTH="1038"
                    HEIGHT="116">
            <Shape><Polygon POINTS="1738 1641 1738 1550 2083 1570 2354 1554 2367 1554 2371 1554 2371 1554 2371 1554 2375 1554 2375 1554 2438 1575 2759 1558 2767 1654 2759 1666 1729 1654"/></Shape>
	    <String CONTENT="lio:qui genuit Phylistentem &amp; belũ"
                    HPOS="1729"
                    VPOS="1550"
                    WIDTH="1038"
                    HEIGHT="116"></String>
          </TextLine>

          
          
          <TextLine ID="eSc_line_5b376381"
                    
                    BASELINE="1738 1729 2775 1737" 
                    HPOS="1729"
                    VPOS="1650"
                    WIDTH="1046"
                    HEIGHT="112">
            <Shape><Polygon POINTS="1738 1729 1738 1650 2771 1658 2775 1737 2767 1762 1729 1758"/></Shape>
	    <String CONTENT="De Phylistene filio Phoenicis: qui"
                    HPOS="1729"
                    VPOS="1650"
                    WIDTH="1046"
                    HEIGHT="112"></String>
          </TextLine>

          
          
          <TextLine ID="eSc_line_1e3351d4"
                    
                    BASELINE="1738 1812 2259 1820" 
                    HPOS="1733"
                    VPOS="1733"
                    WIDTH="526"
                    HEIGHT="104">
            <Shape><Polygon POINTS="1738 1812 1738 1733 2254 1733 2259 1820 2254 1837 1733 1837"/></Shape>
	    <String CONTENT="genuit Sicheum."
                    HPOS="1733"
                    VPOS="1733"
                    WIDTH="526"
                    HEIGHT="104"></String>
          </TextLine>

          
          
          <TextLine ID="eSc_line_864f649a"
                    
                    BASELINE="1742 1900 2771 1900" 
                    HPOS="1738"
                    VPOS="1816"
                    WIDTH="1033"
                    HEIGHT="113">
            <Shape><Polygon POINTS="1742 1900 1742 1816 2771 1820 2771 1900 2767 1929 1738 1920"/></Shape>
	    <String CONTENT="De Sicheo Phylistenis filio &amp; di&#39;"
                    HPOS="1738"
                    VPOS="1816"
                    WIDTH="1033"
                    HEIGHT="113"></String>
          </TextLine>

          
          
          <TextLine ID="eSc_line_3a244df5"
                    
                    BASELINE="1738 1983 2113 1975" 
                    HPOS="1729"
                    VPOS="1904"
                    WIDTH="384"
                    HEIGHT="104">
            <Shape><Polygon POINTS="1738 1983 1729 1912 2100 1904 2113 1975 2108 2004 1738 2008"/></Shape>
	    <String CONTENT="donis uiro."
                    HPOS="1729"
                    VPOS="1904"
                    WIDTH="384"
                    HEIGHT="104"></String>
          </TextLine>

          
          
          <TextLine ID="eSc_line_de2aab46"
                    
                    BASELINE="1742 2070 2771 2070" 
                    HPOS="1742"
                    VPOS="1987"
                    WIDTH="1029"
                    HEIGHT="104">
            <Shape><Polygon POINTS="1742 2070 1742 1987 2771 1987 2771 2070 2771 2087 1742 2091"/></Shape>
	    <String CONTENT="De Belo Phoenicis filio:qui genu&#39;"
                    HPOS="1742"
                    VPOS="1987"
                    WIDTH="1029"
                    HEIGHT="104"></String>
          </TextLine>

          
          
          <TextLine ID="eSc_line_c7545582"
                    
                    BASELINE="1738 2150 2759 2162" 
                    HPOS="1729"
                    VPOS="2066"
                    WIDTH="1030"
                    HEIGHT="121">
            <Shape><Polygon POINTS="1738 2150 1738 2066 2755 2066 2759 2162 2750 2187 1729 2175"/></Shape>
	    <String CONTENT="it pygmalionem &amp; Didonem &amp;"
                    HPOS="1729"
                    VPOS="2066"
                    WIDTH="1030"
                    HEIGHT="121"></String>
          </TextLine>

          
          
          <TextLine ID="eSc_line_e5c67aad"
                    
                    BASELINE="1733 2237 2046 2237" 
                    HPOS="1729"
                    VPOS="2154"
                    WIDTH="317"
                    HEIGHT="116">
            <Shape><Polygon POINTS="1733 2237 1733 2154 2046 2162 2046 2237 2042 2270 1729 2254"/></Shape>
	    <String CONTENT="Annam."
                    HPOS="1729"
                    VPOS="2154"
                    WIDTH="317"
                    HEIGHT="116"></String>
          </TextLine>

          
          
          <TextLine ID="eSc_line_90edcbec"
                    
                    BASELINE="1738 2325 2509 2325" 
                    HPOS="1733"
                    VPOS="2237"
                    WIDTH="776"
                    HEIGHT="108">
            <Shape><Polygon POINTS="1738 2325 1733 2241 2504 2237 2509 2325 2509 2345 1738 2345"/></Shape>
	    <String CONTENT="De pygmanione filio beli."
                    HPOS="1733"
                    VPOS="2237"
                    WIDTH="776"
                    HEIGHT="108"></String>
          </TextLine>

          
          
          <TextLine ID="eSc_line_099e5eb6"
                    
                    BASELINE="1738 2404 2763 2412" 
                    HPOS="1729"
                    VPOS="2308"
                    WIDTH="1034"
                    HEIGHT="121">
            <Shape><Polygon POINTS="1738 2404 1738 2308 2763 2325 2763 2412 2755 2429 1729 2420"/></Shape>
	    <String CONTENT="De Didone filia Beli : &amp; coniuge"
                    HPOS="1729"
                    VPOS="2308"
                    WIDTH="1034"
                    HEIGHT="121"></String>
          </TextLine>

          
          
          <TextLine ID="eSc_line_d283b55f"
                    
                    BASELINE="1738 2491 1979 2491" 
                    HPOS="1733"
                    VPOS="2404"
                    WIDTH="246"
                    HEIGHT="104">
            <Shape><Polygon POINTS="1738 2491 1738 2404 1979 2408 1979 2491 1975 2508 1733 2504"/></Shape>
	    <String CONTENT="Sichei."
                    HPOS="1733"
                    VPOS="2404"
                    WIDTH="246"
                    HEIGHT="104"></String>
          </TextLine>

          
          
          <TextLine ID="eSc_line_a0fdcef2"
                    
                    BASELINE="1738 2570 2509 2579" 
                    HPOS="1729"
                    VPOS="2479"
                    WIDTH="780"
                    HEIGHT="125">
            <Shape><Polygon POINTS="1738 2570 1733 2483 2500 2479 2509 2579 2500 2604 1729 2587"/></Shape>
	    <String CONTENT="De Anna Beli regis filia."
                    HPOS="1729"
                    VPOS="2479"
                    WIDTH="780"
                    HEIGHT="125"></String>
          </TextLine>

          
          
          <TextLine ID="eSc_line_faaee774"
                    
                    BASELINE="1738 2654 2746 2662" 
                    HPOS="1733"
                    VPOS="2558"
                    WIDTH="1013"
                    HEIGHT="125">
            <Shape><Polygon POINTS="1738 2654 1738 2558 1933 2579 2738 2575 2746 2662 2742 2683 1733 2683"/></Shape>
	    <String CONTENT="De Europa agenoris quinta filia."
                    HPOS="1733"
                    VPOS="2558"
                    WIDTH="1013"
                    HEIGHT="125"></String>
          </TextLine>

          
          
          <TextLine ID="eSc_line_860f35a4"
                    
                    BASELINE="1738 2737 2767 2754" 
                    HPOS="1729"
                    VPOS="2658"
                    WIDTH="1038"
                    HEIGHT="125">
            <Shape><Polygon POINTS="1738 2737 1738 2658 2767 2658 2767 2754 2759 2783 1729 2750"/></Shape>
	    <String CONTENT="De Cadmo agenoris sexto filio : ꝗ"
                    HPOS="1729"
                    VPOS="2658"
                    WIDTH="1038"
                    HEIGHT="125"></String>
          </TextLine>

          
          
          <TextLine ID="eSc_line_cbb18d7a"
                    
                    BASELINE="1738 2829 2767 2837" 
                    HPOS="1729"
                    VPOS="2737"
                    WIDTH="1038"
                    HEIGHT="117">
            <Shape><Polygon POINTS="1738 2829 1738 2737 2763 2754 2767 2837 2759 2854 1729 2845"/></Shape>
	    <String CONTENT="genuit Semelem Agauem Aucto&#39;"
                    HPOS="1729"
                    VPOS="2737"
                    WIDTH="1038"
                    HEIGHT="117"></String>
          </TextLine>

          
          
          <TextLine ID="eSc_line_b9b5e689"
                    
                    BASELINE="1738 2908 2267 2916" 
                    HPOS="1729"
                    VPOS="2829"
                    WIDTH="538"
                    HEIGHT="100">
            <Shape><Polygon POINTS="1738 2908 1738 2829 2263 2837 2267 2916 2259 2929 1729 2920"/></Shape>
	    <String CONTENT="noem &amp; Ynoem."
                    HPOS="1729"
                    VPOS="2829"
                    WIDTH="538"
                    HEIGHT="100"></String>
          </TextLine>

          
          
          <TextLine ID="eSc_line_24dfb8fd"
                    
                    BASELINE="1733 2991 2463 3000" 
                    HPOS="1725"
                    VPOS="2908"
                    WIDTH="738"
                    HEIGHT="117">
            <Shape><Polygon POINTS="1733 2991 1733 2908 2459 2916 2463 3000 2454 3025 1725 3008"/></Shape>
	    <String CONTENT="De Semele filia Cadmi."
                    HPOS="1725"
                    VPOS="2908"
                    WIDTH="738"
                    HEIGHT="117"></String>
          </TextLine>

          
          
          <TextLine ID="eSc_line_22863b71"
                    
                    BASELINE="1733 3083 2454 3083" 
                    HPOS="1729"
                    VPOS="3004"
                    WIDTH="725"
                    HEIGHT="112">
            <Shape><Polygon POINTS="1733 3083 1733 3004 2454 3004 2454 3083 2450 3116 1729 3100"/></Shape>
	    <String CONTENT="De Agaue filia Cadmi."
                    HPOS="1729"
                    VPOS="3004"
                    WIDTH="725"
                    HEIGHT="112"></String>
          </TextLine>

          
          
          <TextLine ID="eSc_line_5b655d2a"
                    
                    BASELINE="1738 3162 2571 3175" 
                    HPOS="1729"
                    VPOS="3083"
                    WIDTH="842"
                    HEIGHT="117">
            <Shape><Polygon POINTS="1738 3162 1738 3083 2571 3087 2571 3175 2563 3200 1729 3175"/></Shape>
	    <String CONTENT="De Auctone filia Cadmi."
                    HPOS="1729"
                    VPOS="3083"
                    WIDTH="842"
                    HEIGHT="117"></String>
          </TextLine>

          
          
          <TextLine ID="eSc_line_941363dc"
                    
                    BASELINE="1733 3250 2417 3250" 
                    HPOS="1733"
                    VPOS="3158"
                    WIDTH="684"
                    HEIGHT="117">
            <Shape><Polygon POINTS="1733 3250 1733 3158 2417 3175 2417 3250 2417 3266 1733 3275"/></Shape>
	    <String CONTENT="De Ynoe Cadmi filia."
                    HPOS="1733"
                    VPOS="3158"
                    WIDTH="684"
                    HEIGHT="117"></String>
          </TextLine>

          
          
          <TextLine ID="eSc_line_e298e90a"
                    
                    BASELINE="1733 3329 2759 3345" 
                    HPOS="1725"
                    VPOS="3241"
                    WIDTH="1034"
                    HEIGHT="125">
            <Shape><Polygon POINTS="1733 3329 1733 3241 2759 3245 2759 3345 2750 3366 1725 3350"/></Shape>
	    <String CONTENT="DE Labdaco sexto Ageneris filio:"
                    HPOS="1725"
                    VPOS="3241"
                    WIDTH="1034"
                    HEIGHT="125"></String>
          </TextLine>

          
          
          <TextLine ID="eSc_line_c7059288"
                    
                    BASELINE="1733 3416 2342 3425" 
                    HPOS="1725"
                    VPOS="3320"
                    WIDTH="617"
                    HEIGHT="121">
            <Shape><Polygon POINTS="1733 3416 1733 3320 2338 3341 2342 3425 2334 3441 1725 3433"/></Shape>
	    <String CONTENT="qui genuit Layum."
                    HPOS="1725"
                    VPOS="3320"
                    WIDTH="617"
                    HEIGHT="121"></String>
          </TextLine>

          
          
          <TextLine ID="eSc_line_c5c9ca12"
                    
                    BASELINE="1738 3495 2771 3508" 
                    HPOS="1729"
                    VPOS="3412"
                    WIDTH="1042"
                    HEIGHT="121">
            <Shape><Polygon POINTS="1738 3495 1738 3412 2767 3412 2771 3508 2763 3533 1729 3516"/></Shape>
	    <String CONTENT="De Layo rege thebarum Labdaci"
                    HPOS="1729"
                    VPOS="3412"
                    WIDTH="1042"
                    HEIGHT="121"></String>
          </TextLine>

          
          
          <TextLine ID="eSc_line_0ef22a79"
                    
                    BASELINE="1729 3583 2538 3595" 
                    HPOS="1721"
                    VPOS="3500"
                    WIDTH="817"
                    HEIGHT="116">
            <Shape><Polygon POINTS="1729 3583 1729 3500 2538 3516 2538 3595 2529 3616 1721 3600"/></Shape>
	    <String CONTENT="filio:qui genuit Edyppum."
                    HPOS="1721"
                    VPOS="3500"
                    WIDTH="817"
                    HEIGHT="116"></String>
          </TextLine>

          
          
          <TextLine ID="eSc_line_b8103fa8"
                    
                    BASELINE="1733 3666 2775 3679" 
                    HPOS="1725"
                    VPOS="3583"
                    WIDTH="1050"
                    HEIGHT="133">
            <Shape><Polygon POINTS="1733 3666 1733 3583 2775 3600 2775 3679 2767 3716 1725 3687"/></Shape>
	    <String CONTENT="De Edyppo filio Lay: qui genuit"
                    HPOS="1725"
                    VPOS="3583"
                    WIDTH="1050"
                    HEIGHT="133"></String>
          </TextLine>

          
          
          <TextLine ID="eSc_line_09f8f60b"
                    
                    BASELINE="1733 3750 2763 3766" 
                    HPOS="1725"
                    VPOS="3666"
                    WIDTH="1038"
                    HEIGHT="134">
            <Shape><Polygon POINTS="1733 3750 1733 3666 2759 3691 2763 3766 2755 3800 1725 3779"/></Shape>
	    <String CONTENT="Anthygonam &amp; Hysemenam &amp;"
                    HPOS="1725"
                    VPOS="3666"
                    WIDTH="1038"
                    HEIGHT="134"></String>
          </TextLine>

          
          
          <TextLine ID="eSc_line_c67ee323"
                    
                    BASELINE="1729 3837 2504 3845" 
                    HPOS="1721"
                    VPOS="3758"
                    WIDTH="783"
                    HEIGHT="104">
            <Shape><Polygon POINTS="1729 3837 1729 3758 2500 3766 2504 3845 2496 3862 1721 3854"/></Shape>
	    <String CONTENT="Etheoclem &amp; pollinicem."
                    HPOS="1721"
                    VPOS="3758"
                    WIDTH="783"
                    HEIGHT="104"></String>
          </TextLine>

          
          
          <TextLine ID="eSc_line_d1704cf3"
                    
                    BASELINE="1738 3929 2634 3929" 
                    HPOS="1733"
                    VPOS="3833"
                    WIDTH="901"
                    HEIGHT="167">
            <Shape><Polygon POINTS="1738 3929 1738 3833 2634 3854 2634 3929 2629 4000 2513 3979 2479 3995 2471 4000 2471 4000 2471 4000 2467 4000 2467 4000 2467 4000 2463 4000 2463 4000 2459 4000 2442 3995 2375 3979 2204 3991 2046 4000 2042 4000 2042 4000 2042 4000 2038 4000 2038 4000 2004 3983 1992 3979 1975 3983 1921 4000 1917 4000 1917 4000 1917 4000 1913 4000 1913 4000 1733 3975"/></Shape>
	    <String CONTENT="De Anthygona Edyppi filia."
                    HPOS="1733"
                    VPOS="3833"
                    WIDTH="901"
                    HEIGHT="167"></String>
          </TextLine>

          
        </TextBlock>
        
        <TextBlock HPOS="3173"
                   VPOS="166"
                   WIDTH="90"
                   HEIGHT="86"
                   ID="eSc_textblock_962e9c14"
                   TAGREFS="BT1467">
          <Shape><Polygon POINTS="3246 166 3263 246 3173 252 3184 166"/></Shape>
          
        </TextBlock>
        
        <TextBlock HPOS="1513"
                   VPOS="453"
                   WIDTH="9"
                   HEIGHT="28"
                   ID="eSc_textblock_02525bc2"
                   TAGREFS="BT">
          <Shape><Polygon POINTS="1522 481 1522 453 1513 453 1513 481"/></Shape>
          
        </TextBlock>
        
        <TextBlock HPOS="3219"
                   VPOS="264"
                   WIDTH="14"
                   HEIGHT="7"
                   ID="eSc_textblock_a40789aa"
                   TAGREFS="BT">
          <Shape><Polygon POINTS="3219 264 3219 271 3233 271 3233 264"/></Shape>
          
        </TextBlock>
        

        
        <TextBlock ID="eSc_dummyblock_">
          
          
          <TextLine ID="eSc_line_2d877b1f"
                    
                    BASELINE="3196 225 3246 225" 
                    HPOS="3188"
                    VPOS="50"
                    WIDTH="58"
                    HEIGHT="237">
            <Shape><Polygon POINTS="3196 225 3192 58 3242 50 3246 225 3238 287 3188 270"/></Shape>
	    <String CONTENT="2"
                    HPOS="3188"
                    VPOS="50"
                    WIDTH="58"
                    HEIGHT="237"></String>
          </TextLine>

          
        </TextBlock>
        
      </PrintSpace>
    </Page>
  </Layout>
</alto>
