<?xml version="1.0" encoding="UTF-8"?>
<alto xmlns:xsi="http://www.w3.org/2001/XMLSchema-instance"
      xmlns="http://www.loc.gov/standards/alto/ns-v4#"
      xsi:schemaLocation="http://www.loc.gov/standards/alto/ns-v4# http://www.loc.gov/standards/alto/v4/alto-4-2.xsd">
  <Description>
    <MeasurementUnit>pixel</MeasurementUnit>
    <sourceImageInformation>
      <fileName>10_9550c_default.jpg</fileName>
      <fileIdentifier>https://mazarinum.bibliotheque-mazarine.fr/i/?IIIF=/af/0a/c2/41/af0ac241-0f82-4dc2-a6df-bb95b17c4e73/iiif/751063002_inc59_0011.tif/full/full/0/default.jpg</fileIdentifier>
    </sourceImageInformation>
  </Description>
  
  <Tags>
    <OtherTag ID="BT1" LABEL="Title" DESCRIPTION="block type Title"/><OtherTag ID="BT2" LABEL="Main" DESCRIPTION="block type Main"/><OtherTag ID="BT3" LABEL="Commentary" DESCRIPTION="block type Commentary"/><OtherTag ID="BT4" LABEL="Illustration" DESCRIPTION="block type Illustration"/><OtherTag ID="BT1467" LABEL="Page" DESCRIPTION="block type Page"/>
    <OtherTag ID="LT1" LABEL="Main" DESCRIPTION="line type Main"/><OtherTag ID="LT2" LABEL="Numbering" DESCRIPTION="line type Numbering"/><OtherTag ID="LT3" LABEL="Correction" DESCRIPTION="line type Correction"/><OtherTag ID="LT4" LABEL="Signature" DESCRIPTION="line type Signature"/>
  </Tags>
  
  <Layout>
    <Page WIDTH="3747"
          HEIGHT="5000"
          PHYSICAL_IMG_NR="2"
          ID="eSc_dummypage_">
      <PrintSpace HPOS="0"
                  VPOS="0"
                  WIDTH="3747"
                  HEIGHT="5000">
        
        <TextBlock HPOS="1717"
                   VPOS="453"
                   WIDTH="1079"
                   HEIGHT="3492"
                   ID="eSc_textblock_793b0c0f"
                   TAGREFS="BT2">
          <Shape><Polygon POINTS="2596 466 2796 583 2780 2179 2596 2266 2780 2316 2780 2462 2596 2529 2780 2583 2796 2779 2780 2862 2567 2895 2496 2966 2496 3079 2596 3133 2579 3229 2780 3283 2780 3779 2663 3833 2646 3945 1717 3929 1790 453"/></Shape>
          
          
          <TextLine ID="eSc_line_639612cb"
                    
                    BASELINE="1733 537 2621 550" 
                    HPOS="1725"
                    VPOS="387"
                    WIDTH="896"
                    HEIGHT="179">
            <Shape><Polygon POINTS="1733 537 1733 387 1875 387 1875 387 1875 387 1879 387 1879 387 1879 387 1883 387 1888 391 1958 437 2113 445 2204 408 2246 391 2246 391 2250 391 2250 391 2250 391 2254 391 2254 391 2254 391 2259 391 2259 391 2304 412 2388 450 2617 429 2621 550 2613 566 1725 558"/></Shape>
	    <String CONTENT=""
                    HPOS="1725"
                    VPOS="387"
                    WIDTH="896"
                    HEIGHT="179"></String>
          </TextLine>

          
          
          <TextLine ID="eSc_line_5ea44513"
                    
                    BASELINE="1733 633 2780 633" 
                    HPOS="1729"
                    VPOS="550"
                    WIDTH="1051"
                    HEIGHT="108">
            <Shape><Polygon POINTS="1733 633 1733 550 2780 554 2780 633 2775 658 1729 654"/></Shape>
	    <String CONTENT=""
                    HPOS="1729"
                    VPOS="550"
                    WIDTH="1051"
                    HEIGHT="108"></String>
          </TextLine>

          
          
          <TextLine ID="eSc_line_5a388754"
                    
                    BASELINE="1733 712 2784 720" 
                    HPOS="1729"
                    VPOS="633"
                    WIDTH="1055"
                    HEIGHT="129">
            <Shape><Polygon POINTS="1733 712 1733 633 2780 633 2784 720 2780 741 2263 762 2259 762 2259 762 2254 762 2254 762 2254 762 2250 762 2250 762 2225 741 2221 741 1729 741"/></Shape>
	    <String CONTENT=""
                    HPOS="1729"
                    VPOS="633"
                    WIDTH="1055"
                    HEIGHT="129"></String>
          </TextLine>

          
          
          <TextLine ID="eSc_line_f74182aa"
                    
                    BASELINE="1729 800 2038 800" 
                    HPOS="1725"
                    VPOS="716"
                    WIDTH="313"
                    HEIGHT="104">
            <Shape><Polygon POINTS="1729 800 1729 716 2038 729 2038 800 2033 820 1725 816"/></Shape>
	    <String CONTENT=""
                    HPOS="1725"
                    VPOS="716"
                    WIDTH="313"
                    HEIGHT="104"></String>
          </TextLine>

          
          
          <TextLine ID="eSc_line_e9a0b83e"
                    
                    BASELINE="1733 887 2780 887" 
                    HPOS="1729"
                    VPOS="795"
                    WIDTH="1051"
                    HEIGHT="125">
            <Shape><Polygon POINTS="1733 887 1729 804 2775 795 2780 887 2775 920 1729 908"/></Shape>
	    <String CONTENT=""
                    HPOS="1729"
                    VPOS="795"
                    WIDTH="1051"
                    HEIGHT="125"></String>
          </TextLine>

          
          
          <TextLine ID="eSc_line_75ee5a2b"
                    
                    BASELINE="1733 966 2263 975" 
                    HPOS="1729"
                    VPOS="895"
                    WIDTH="534"
                    HEIGHT="96">
            <Shape><Polygon POINTS="1733 966 1733 895 2259 900 2263 975 2259 987 1729 991"/></Shape>
	    <String CONTENT=""
                    HPOS="1729"
                    VPOS="895"
                    WIDTH="534"
                    HEIGHT="96"></String>
          </TextLine>

          
          
          <TextLine ID="eSc_line_f076353b"
                    
                    BASELINE="1738 1054 2775 1062" 
                    HPOS="1729"
                    VPOS="966"
                    WIDTH="1046"
                    HEIGHT="109">
            <Shape><Polygon POINTS="1738 1054 1733 975 2767 966 2775 1062 2767 1075 1729 1066"/></Shape>
	    <String CONTENT=""
                    HPOS="1729"
                    VPOS="966"
                    WIDTH="1046"
                    HEIGHT="109"></String>
          </TextLine>

          
          
          <TextLine ID="eSc_line_9902276e"
                    
                    BASELINE="1733 1137 2700 1145" 
                    HPOS="1729"
                    VPOS="1054"
                    WIDTH="971"
                    HEIGHT="108">
            <Shape><Polygon POINTS="1733 1137 1733 1054 2696 1066 2700 1145 2696 1162 1729 1162"/></Shape>
	    <String CONTENT=""
                    HPOS="1729"
                    VPOS="1054"
                    WIDTH="971"
                    HEIGHT="108"></String>
          </TextLine>

          
          
          <TextLine ID="eSc_line_246d36e0"
                    
                    BASELINE="1738 1216 2775 1229" 
                    HPOS="1729"
                    VPOS="1129"
                    WIDTH="1046"
                    HEIGHT="137">
            <Shape><Polygon POINTS="1738 1216 1738 1129 2771 1141 2775 1229 2767 1266 1729 1245"/></Shape>
	    <String CONTENT=""
                    HPOS="1729"
                    VPOS="1129"
                    WIDTH="1046"
                    HEIGHT="137"></String>
          </TextLine>

          
          
          <TextLine ID="eSc_line_61e0b868"
                    
                    BASELINE="1733 1308 2008 1300" 
                    HPOS="1721"
                    VPOS="1229"
                    WIDTH="287"
                    HEIGHT="96">
            <Shape><Polygon POINTS="1733 1308 1721 1237 1996 1229 2008 1300 2004 1325 1729 1320"/></Shape>
	    <String CONTENT=""
                    HPOS="1721"
                    VPOS="1229"
                    WIDTH="287"
                    HEIGHT="96"></String>
          </TextLine>

          
          
          <TextLine ID="eSc_line_be25f5bf"
                    
                    BASELINE="1738 1387 2730 1395" 
                    HPOS="1729"
                    VPOS="1275"
                    WIDTH="1001"
                    HEIGHT="141">
            <Shape><Polygon POINTS="1738 1387 1738 1279 2033 1304 2100 1279 2108 1275 2108 1275 2113 1275 2113 1275 2113 1275 2117 1275 2117 1275 2121 1275 2121 1275 2121 1275 2125 1275 2125 1275 2125 1279 2125 1279 2154 1304 2263 1287 2263 1287 2267 1287 2267 1287 2267 1287 2271 1287 2271 1287 2271 1287 2275 1287 2275 1287 2300 1308 2721 1279 2730 1395 2721 1416 1729 1408"/></Shape>
	    <String CONTENT=""
                    HPOS="1729"
                    VPOS="1275"
                    WIDTH="1001"
                    HEIGHT="141"></String>
          </TextLine>

          
          
          <TextLine ID="eSc_line_31ddba00"
                    
                    BASELINE="1738 1479 2459 1479" 
                    HPOS="1738"
                    VPOS="1395"
                    WIDTH="721"
                    HEIGHT="105">
            <Shape><Polygon POINTS="1738 1479 1738 1395 2459 1404 2459 1479 2459 1495 1738 1500"/></Shape>
	    <String CONTENT=""
                    HPOS="1738"
                    VPOS="1395"
                    WIDTH="721"
                    HEIGHT="105"></String>
          </TextLine>

          
          
          <TextLine ID="eSc_line_b4d5c72c"
                    
                    BASELINE="1738 1562 2775 1562" 
                    HPOS="1738"
                    VPOS="1470"
                    WIDTH="1037"
                    HEIGHT="113">
            <Shape><Polygon POINTS="1738 1562 1738 1470 2775 1487 2775 1562 2775 1583 1738 1583"/></Shape>
	    <String CONTENT=""
                    HPOS="1738"
                    VPOS="1470"
                    WIDTH="1037"
                    HEIGHT="113"></String>
          </TextLine>

          
          
          <TextLine ID="eSc_line_5b19b1d8"
                    
                    BASELINE="1738 1641 2767 1654" 
                    HPOS="1729"
                    VPOS="1550"
                    WIDTH="1038"
                    HEIGHT="116">
            <Shape><Polygon POINTS="1738 1641 1738 1550 2083 1570 2354 1554 2367 1554 2371 1554 2371 1554 2371 1554 2375 1554 2375 1554 2438 1575 2759 1558 2767 1654 2759 1666 1729 1654"/></Shape>
	    <String CONTENT=""
                    HPOS="1729"
                    VPOS="1550"
                    WIDTH="1038"
                    HEIGHT="116"></String>
          </TextLine>

          
          
          <TextLine ID="eSc_line_5b376381"
                    
                    BASELINE="1738 1729 2775 1737" 
                    HPOS="1729"
                    VPOS="1650"
                    WIDTH="1046"
                    HEIGHT="112">
            <Shape><Polygon POINTS="1738 1729 1738 1650 2771 1658 2775 1737 2767 1762 1729 1758"/></Shape>
	    <String CONTENT=""
                    HPOS="1729"
                    VPOS="1650"
                    WIDTH="1046"
                    HEIGHT="112"></String>
          </TextLine>

          
          
          <TextLine ID="eSc_line_1e3351d4"
                    
                    BASELINE="1738 1812 2259 1820" 
                    HPOS="1733"
                    VPOS="1733"
                    WIDTH="526"
                    HEIGHT="104">
            <Shape><Polygon POINTS="1738 1812 1738 1733 2254 1733 2259 1820 2254 1837 1733 1837"/></Shape>
	    <String CONTENT=""
                    HPOS="1733"
                    VPOS="1733"
                    WIDTH="526"
                    HEIGHT="104"></String>
          </TextLine>

          
          
          <TextLine ID="eSc_line_864f649a"
                    
                    BASELINE="1742 1900 2771 1900" 
                    HPOS="1738"
                    VPOS="1816"
                    WIDTH="1033"
                    HEIGHT="113">
            <Shape><Polygon POINTS="1742 1900 1742 1816 2771 1820 2771 1900 2767 1929 1738 1920"/></Shape>
	    <String CONTENT=""
                    HPOS="1738"
                    VPOS="1816"
                    WIDTH="1033"
                    HEIGHT="113"></String>
          </TextLine>

          
          
          <TextLine ID="eSc_line_3a244df5"
                    
                    BASELINE="1738 1983 2113 1975" 
                    HPOS="1729"
                    VPOS="1904"
                    WIDTH="384"
                    HEIGHT="104">
            <Shape><Polygon POINTS="1738 1983 1729 1912 2100 1904 2113 1975 2108 2004 1738 2008"/></Shape>
	    <String CONTENT=""
                    HPOS="1729"
                    VPOS="1904"
                    WIDTH="384"
                    HEIGHT="104"></String>
          </TextLine>

          
          
          <TextLine ID="eSc_line_de2aab46"
                    
                    BASELINE="1742 2070 2771 2070" 
                    HPOS="1742"
                    VPOS="1987"
                    WIDTH="1029"
                    HEIGHT="104">
            <Shape><Polygon POINTS="1742 2070 1742 1987 2771 1987 2771 2070 2771 2087 1742 2091"/></Shape>
	    <String CONTENT=""
                    HPOS="1742"
                    VPOS="1987"
                    WIDTH="1029"
                    HEIGHT="104"></String>
          </TextLine>

          
          
          <TextLine ID="eSc_line_c7545582"
                    
                    BASELINE="1738 2150 2759 2162" 
                    HPOS="1729"
                    VPOS="2066"
                    WIDTH="1030"
                    HEIGHT="121">
            <Shape><Polygon POINTS="1738 2150 1738 2066 2755 2066 2759 2162 2750 2187 1729 2175"/></Shape>
	    <String CONTENT=""
                    HPOS="1729"
                    VPOS="2066"
                    WIDTH="1030"
                    HEIGHT="121"></String>
          </TextLine>

          
          
          <TextLine ID="eSc_line_e5c67aad"
                    
                    BASELINE="1733 2237 2046 2237" 
                    HPOS="1729"
                    VPOS="2154"
                    WIDTH="317"
                    HEIGHT="116">
            <Shape><Polygon POINTS="1733 2237 1733 2154 2046 2162 2046 2237 2042 2270 1729 2254"/></Shape>
	    <String CONTENT=""
                    HPOS="1729"
                    VPOS="2154"
                    WIDTH="317"
                    HEIGHT="116"></String>
          </TextLine>

          
          
          <TextLine ID="eSc_line_90edcbec"
                    
                    BASELINE="1738 2325 2509 2325" 
                    HPOS="1733"
                    VPOS="2237"
                    WIDTH="776"
                    HEIGHT="108">
            <Shape><Polygon POINTS="1738 2325 1733 2241 2504 2237 2509 2325 2509 2345 1738 2345"/></Shape>
	    <String CONTENT=""
                    HPOS="1733"
                    VPOS="2237"
                    WIDTH="776"
                    HEIGHT="108"></String>
          </TextLine>

          
          
          <TextLine ID="eSc_line_099e5eb6"
                    
                    BASELINE="1738 2404 2763 2412" 
                    HPOS="1729"
                    VPOS="2308"
                    WIDTH="1034"
                    HEIGHT="121">
            <Shape><Polygon POINTS="1738 2404 1738 2308 2763 2325 2763 2412 2755 2429 1729 2420"/></Shape>
	    <String CONTENT=""
                    HPOS="1729"
                    VPOS="2308"
                    WIDTH="1034"
                    HEIGHT="121"></String>
          </TextLine>

          
          
          <TextLine ID="eSc_line_d283b55f"
                    
                    BASELINE="1738 2491 1979 2491" 
                    HPOS="1733"
                    VPOS="2404"
                    WIDTH="246"
                    HEIGHT="104">
            <Shape><Polygon POINTS="1738 2491 1738 2404 1979 2408 1979 2491 1975 2508 1733 2504"/></Shape>
	    <String CONTENT=""
                    HPOS="1733"
                    VPOS="2404"
                    WIDTH="246"
                    HEIGHT="104"></String>
          </TextLine>

          
          
          <TextLine ID="eSc_line_a0fdcef2"
                    
                    BASELINE="1738 2570 2509 2579" 
                    HPOS="1729"
                    VPOS="2479"
                    WIDTH="780"
                    HEIGHT="125">
            <Shape><Polygon POINTS="1738 2570 1733 2483 2500 2479 2509 2579 2500 2604 1729 2587"/></Shape>
	    <String CONTENT=""
                    HPOS="1729"
                    VPOS="2479"
                    WIDTH="780"
                    HEIGHT="125"></String>
          </TextLine>

          
          
          <TextLine ID="eSc_line_faaee774"
                    
                    BASELINE="1738 2654 2746 2662" 
                    HPOS="1733"
                    VPOS="2558"
                    WIDTH="1013"
                    HEIGHT="125">
            <Shape><Polygon POINTS="1738 2654 1738 2558 1933 2579 2738 2575 2746 2662 2742 2683 1733 2683"/></Shape>
	    <String CONTENT=""
                    HPOS="1733"
                    VPOS="2558"
                    WIDTH="1013"
                    HEIGHT="125"></String>
          </TextLine>

          
          
          <TextLine ID="eSc_line_860f35a4"
                    
                    BASELINE="1738 2737 2767 2754" 
                    HPOS="1729"
                    VPOS="2658"
                    WIDTH="1038"
                    HEIGHT="125">
            <Shape><Polygon POINTS="1738 2737 1738 2658 2767 2658 2767 2754 2759 2783 1729 2750"/></Shape>
	    <String CONTENT=""
                    HPOS="1729"
                    VPOS="2658"
                    WIDTH="1038"
                    HEIGHT="125"></String>
          </TextLine>

          
          
          <TextLine ID="eSc_line_cbb18d7a"
                    
                    BASELINE="1738 2829 2767 2837" 
                    HPOS="1729"
                    VPOS="2737"
                    WIDTH="1038"
                    HEIGHT="117">
            <Shape><Polygon POINTS="1738 2829 1738 2737 2763 2754 2767 2837 2759 2854 1729 2845"/></Shape>
	    <String CONTENT=""
                    HPOS="1729"
                    VPOS="2737"
                    WIDTH="1038"
                    HEIGHT="117"></String>
          </TextLine>

          
          
          <TextLine ID="eSc_line_b9b5e689"
                    
                    BASELINE="1738 2908 2267 2916" 
                    HPOS="1729"
                    VPOS="2829"
                    WIDTH="538"
                    HEIGHT="100">
            <Shape><Polygon POINTS="1738 2908 1738 2829 2263 2837 2267 2916 2259 2929 1729 2920"/></Shape>
	    <String CONTENT=""
                    HPOS="1729"
                    VPOS="2829"
                    WIDTH="538"
                    HEIGHT="100"></String>
          </TextLine>

          
          
          <TextLine ID="eSc_line_24dfb8fd"
                    
                    BASELINE="1733 2991 2463 3000" 
                    HPOS="1725"
                    VPOS="2908"
                    WIDTH="738"
                    HEIGHT="117">
            <Shape><Polygon POINTS="1733 2991 1733 2908 2459 2916 2463 3000 2454 3025 1725 3008"/></Shape>
	    <String CONTENT=""
                    HPOS="1725"
                    VPOS="2908"
                    WIDTH="738"
                    HEIGHT="117"></String>
          </TextLine>

          
          
          <TextLine ID="eSc_line_22863b71"
                    
                    BASELINE="1733 3083 2454 3083" 
                    HPOS="1729"
                    VPOS="3004"
                    WIDTH="725"
                    HEIGHT="112">
            <Shape><Polygon POINTS="1733 3083 1733 3004 2454 3004 2454 3083 2450 3116 1729 3100"/></Shape>
	    <String CONTENT=""
                    HPOS="1729"
                    VPOS="3004"
                    WIDTH="725"
                    HEIGHT="112"></String>
          </TextLine>

          
          
          <TextLine ID="eSc_line_5b655d2a"
                    
                    BASELINE="1738 3162 2571 3175" 
                    HPOS="1729"
                    VPOS="3083"
                    WIDTH="842"
                    HEIGHT="117">
            <Shape><Polygon POINTS="1738 3162 1738 3083 2571 3087 2571 3175 2563 3200 1729 3175"/></Shape>
	    <String CONTENT=""
                    HPOS="1729"
                    VPOS="3083"
                    WIDTH="842"
                    HEIGHT="117"></String>
          </TextLine>

          
          
          <TextLine ID="eSc_line_941363dc"
                    
                    BASELINE="1733 3250 2417 3250" 
                    HPOS="1733"
                    VPOS="3158"
                    WIDTH="684"
                    HEIGHT="117">
            <Shape><Polygon POINTS="1733 3250 1733 3158 2417 3175 2417 3250 2417 3266 1733 3275"/></Shape>
	    <String CONTENT=""
                    HPOS="1733"
                    VPOS="3158"
                    WIDTH="684"
                    HEIGHT="117"></String>
          </TextLine>

          
          
          <TextLine ID="eSc_line_e298e90a"
                    
                    BASELINE="1733 3329 2759 3345" 
                    HPOS="1725"
                    VPOS="3241"
                    WIDTH="1034"
                    HEIGHT="125">
            <Shape><Polygon POINTS="1733 3329 1733 3241 2759 3245 2759 3345 2750 3366 1725 3350"/></Shape>
	    <String CONTENT=""
                    HPOS="1725"
                    VPOS="3241"
                    WIDTH="1034"
                    HEIGHT="125"></String>
          </TextLine>

          
          
          <TextLine ID="eSc_line_c7059288"
                    
                    BASELINE="1733 3416 2342 3425" 
                    HPOS="1725"
                    VPOS="3320"
                    WIDTH="617"
                    HEIGHT="121">
            <Shape><Polygon POINTS="1733 3416 1733 3320 2338 3341 2342 3425 2334 3441 1725 3433"/></Shape>
	    <String CONTENT=""
                    HPOS="1725"
                    VPOS="3320"
                    WIDTH="617"
                    HEIGHT="121"></String>
          </TextLine>

          
          
          <TextLine ID="eSc_line_c5c9ca12"
                    
                    BASELINE="1738 3495 2771 3508" 
                    HPOS="1729"
                    VPOS="3412"
                    WIDTH="1042"
                    HEIGHT="121">
            <Shape><Polygon POINTS="1738 3495 1738 3412 2767 3412 2771 3508 2763 3533 1729 3516"/></Shape>
	    <String CONTENT=""
                    HPOS="1729"
                    VPOS="3412"
                    WIDTH="1042"
                    HEIGHT="121"></String>
          </TextLine>

          
          
          <TextLine ID="eSc_line_0ef22a79"
                    
                    BASELINE="1729 3583 2538 3595" 
                    HPOS="1721"
                    VPOS="3500"
                    WIDTH="817"
                    HEIGHT="116">
            <Shape><Polygon POINTS="1729 3583 1729 3500 2538 3516 2538 3595 2529 3616 1721 3600"/></Shape>
	    <String CONTENT=""
                    HPOS="1721"
                    VPOS="3500"
                    WIDTH="817"
                    HEIGHT="116"></String>
          </TextLine>

          
          
          <TextLine ID="eSc_line_b8103fa8"
                    
                    BASELINE="1733 3666 2775 3679" 
                    HPOS="1725"
                    VPOS="3583"
                    WIDTH="1050"
                    HEIGHT="133">
            <Shape><Polygon POINTS="1733 3666 1733 3583 2775 3600 2775 3679 2767 3716 1725 3687"/></Shape>
	    <String CONTENT=""
                    HPOS="1725"
                    VPOS="3583"
                    WIDTH="1050"
                    HEIGHT="133"></String>
          </TextLine>

          
          
          <TextLine ID="eSc_line_09f8f60b"
                    
                    BASELINE="1733 3750 2763 3766" 
                    HPOS="1725"
                    VPOS="3666"
                    WIDTH="1038"
                    HEIGHT="134">
            <Shape><Polygon POINTS="1733 3750 1733 3666 2759 3691 2763 3766 2755 3800 1725 3779"/></Shape>
	    <String CONTENT=""
                    HPOS="1725"
                    VPOS="3666"
                    WIDTH="1038"
                    HEIGHT="134"></String>
          </TextLine>

          
          
          <TextLine ID="eSc_line_c67ee323"
                    
                    BASELINE="1729 3837 2504 3845" 
                    HPOS="1721"
                    VPOS="3758"
                    WIDTH="783"
                    HEIGHT="104">
            <Shape><Polygon POINTS="1729 3837 1729 3758 2500 3766 2504 3845 2496 3862 1721 3854"/></Shape>
	    <String CONTENT=""
                    HPOS="1721"
                    VPOS="3758"
                    WIDTH="783"
                    HEIGHT="104"></String>
          </TextLine>

          
          
          <TextLine ID="eSc_line_d1704cf3"
                    
                    BASELINE="1738 3929 2634 3929" 
                    HPOS="1733"
                    VPOS="3833"
                    WIDTH="901"
                    HEIGHT="167">
            <Shape><Polygon POINTS="1738 3929 1738 3833 2634 3854 2634 3929 2629 4000 2513 3979 2479 3995 2471 4000 2471 4000 2471 4000 2467 4000 2467 4000 2467 4000 2463 4000 2463 4000 2459 4000 2442 3995 2375 3979 2204 3991 2046 4000 2042 4000 2042 4000 2042 4000 2038 4000 2038 4000 2004 3983 1992 3979 1975 3983 1921 4000 1917 4000 1917 4000 1917 4000 1913 4000 1913 4000 1733 3975"/></Shape>
	    <String CONTENT=""
                    HPOS="1733"
                    VPOS="3833"
                    WIDTH="901"
                    HEIGHT="167"></String>
          </TextLine>

          
        </TextBlock>
        
        <TextBlock HPOS="3173"
                   VPOS="166"
                   WIDTH="90"
                   HEIGHT="86"
                   ID="eSc_textblock_962e9c14"
                   TAGREFS="BT1467">
          <Shape><Polygon POINTS="3246 166 3263 246 3173 252 3184 166"/></Shape>
          
        </TextBlock>
        
        <TextBlock HPOS="472"
                   VPOS="467"
                   WIDTH="1021"
                   HEIGHT="3445"
                   ID="eSc_textblock_fe9f4da9"
                   TAGREFS="BT2">
          <Shape><Polygon POINTS="472 467 472 3912 1493 3912 1493 467"/></Shape>
          
        </TextBlock>
        

        
      </PrintSpace>
    </Page>
  </Layout>
</alto>
