<?xml version="1.0" encoding="UTF-8"?>
<alto xmlns:xsi="http://www.w3.org/2001/XMLSchema-instance"
      xmlns="http://www.loc.gov/standards/alto/ns-v4#"
      xsi:schemaLocation="http://www.loc.gov/standards/alto/ns-v4# http://www.loc.gov/standards/alto/v4/alto-4-2.xsd">
  <Description>
    <MeasurementUnit>pixel</MeasurementUnit>
    <sourceImageInformation>
      <fileName>11_f16ce_default.jpg</fileName>
      <fileIdentifier>https://mazarinum.bibliotheque-mazarine.fr/i/?IIIF=/af/0a/c2/41/af0ac241-0f82-4dc2-a6df-bb95b17c4e73/iiif/751063002_inc59_0012.tif/full/full/0/default.jpg</fileIdentifier>
    </sourceImageInformation>
  </Description>
  
  <Tags>
    <OtherTag ID="BT1" LABEL="Title" DESCRIPTION="block type Title"/><OtherTag ID="BT2" LABEL="Main" DESCRIPTION="block type Main"/><OtherTag ID="BT3" LABEL="Commentary" DESCRIPTION="block type Commentary"/><OtherTag ID="BT4" LABEL="Illustration" DESCRIPTION="block type Illustration"/><OtherTag ID="BT1467" LABEL="Page" DESCRIPTION="block type Page"/>
    <OtherTag ID="LT1" LABEL="Main" DESCRIPTION="line type Main"/><OtherTag ID="LT2" LABEL="Numbering" DESCRIPTION="line type Numbering"/><OtherTag ID="LT3" LABEL="Correction" DESCRIPTION="line type Correction"/><OtherTag ID="LT4" LABEL="Signature" DESCRIPTION="line type Signature"/>
  </Tags>
  
  <Layout>
    <Page WIDTH="3599"
          HEIGHT="5000"
          PHYSICAL_IMG_NR="3"
          ID="eSc_dummypage_">
      <PrintSpace HPOS="0"
                  VPOS="0"
                  WIDTH="3599"
                  HEIGHT="5000">
        
        <TextBlock HPOS="2035"
                   VPOS="500"
                   WIDTH="1113"
                   HEIGHT="3412"
                   ID="eSc_textblock_042f8803"
                   TAGREFS="BT2">
          <Shape><Polygon POINTS="2772 1163 2772 1246 3113 1246 3122 1677 2277 1677 2277 1768 3124 1768 3127 1924 2497 1924 2497 2007 3129 2007 3131 2095 3126 2108 2351 2108 2351 2172 3047 2172 3047 2236 2891 2236 2891 2401 3099 2401 3131 2416 3145 3162 2360 3162 2360 3253 3146 3253 3148 3345 3047 3345 3047 3538 3137 3538 3148 3550 3148 3638 2470 3638 2470 3712 2479 3712 2479 3730 3148 3730 3148 3912 2121 3912 2121 3721 2115 3721 2035 550 2535 500 3093 516 3093 687 2268 687 2268 760 3093 760 3093 842 2323 842 2323 934 3093 934 3093 1017 2616 1017 2616 1081 3093 1081 3093 1163"/></Shape>
          
          
          <TextLine ID="eSc_line_4b6174ef"
                    
                    BASELINE="2043 600 3086 558" 
                    HPOS="2030"
                    VPOS="466"
                    WIDTH="1056"
                    HEIGHT="154">
            <Shape><Polygon POINTS="2043 600 2030 495 3073 466 3086 558 3081 579 2043 620"/></Shape>
	    <String CONTENT=""
                    HPOS="2030"
                    VPOS="466"
                    WIDTH="1056"
                    HEIGHT="154"></String>
          </TextLine>

          
          
          <TextLine ID="eSc_line_f2a52770"
                    
                    BASELINE="2051 683 3061 654" 
                    HPOS="2043"
                    VPOS="570"
                    WIDTH="1018"
                    HEIGHT="150">
            <Shape><Polygon POINTS="2051 683 2043 612 2618 570 2623 570 3052 583 3061 654 3056 691 2051 720"/></Shape>
	    <String CONTENT=""
                    HPOS="2043"
                    VPOS="570"
                    WIDTH="1018"
                    HEIGHT="150"></String>
          </TextLine>

          
          
          <TextLine ID="eSc_line_b6a46e1b"
                    
                    BASELINE="2055 762 2289 762" 
                    HPOS="2051"
                    VPOS="695"
                    WIDTH="238"
                    HEIGHT="88">
            <Shape><Polygon POINTS="2055 762 2051 704 2285 695 2289 762 2289 779 2055 783"/></Shape>
	    <String CONTENT=""
                    HPOS="2051"
                    VPOS="695"
                    WIDTH="238"
                    HEIGHT="88"></String>
          </TextLine>

          
          
          <TextLine ID="eSc_line_ec896673"
                    
                    BASELINE="2051 850 3086 820" 
                    HPOS="2039"
                    VPOS="737"
                    WIDTH="1047"
                    HEIGHT="138">
            <Shape><Polygon POINTS="2051 850 2039 762 3073 737 3086 820 3081 841 2051 875"/></Shape>
	    <String CONTENT=""
                    HPOS="2039"
                    VPOS="737"
                    WIDTH="1047"
                    HEIGHT="138"></String>
          </TextLine>

          
          
          <TextLine ID="eSc_line_ae57eaa6"
                    
                    BASELINE="2055 929 2335 920" 
                    HPOS="2051"
                    VPOS="854"
                    WIDTH="284"
                    HEIGHT="91">
            <Shape><Polygon POINTS="2055 929 2051 854 2327 858 2335 920 2335 937 2055 945"/></Shape>
	    <String CONTENT=""
                    HPOS="2051"
                    VPOS="854"
                    WIDTH="284"
                    HEIGHT="91"></String>
          </TextLine>

          
          
          <TextLine ID="eSc_line_8bf2d0e8"
                    
                    BASELINE="2055 1012 3090 983" 
                    HPOS="2047"
                    VPOS="895"
                    WIDTH="1043"
                    HEIGHT="138">
            <Shape><Polygon POINTS="2055 1012 2047 937 3077 895 3090 983 3086 1004 2055 1033"/></Shape>
	    <String CONTENT=""
                    HPOS="2047"
                    VPOS="895"
                    WIDTH="1043"
                    HEIGHT="138"></String>
          </TextLine>

          
          
          <TextLine ID="eSc_line_e8a13ec8"
                    
                    BASELINE="2060 1095 2623 1083" 
                    HPOS="2051"
                    VPOS="1008"
                    WIDTH="572"
                    HEIGHT="117">
            <Shape><Polygon POINTS="2060 1095 2051 1025 2610 1008 2623 1083 2618 1104 2060 1125"/></Shape>
	    <String CONTENT=""
                    HPOS="2051"
                    VPOS="1008"
                    WIDTH="572"
                    HEIGHT="117"></String>
          </TextLine>

          
          
          <TextLine ID="eSc_line_7185613e"
                    
                    BASELINE="2060 1179 3081 1145" 
                    HPOS="2043"
                    VPOS="1062"
                    WIDTH="1038"
                    HEIGHT="142">
            <Shape><Polygon POINTS="2060 1179 2043 1108 2076 1083 2076 1083 2080 1083 2080 1083 2085 1083 2085 1083 2085 1083 2089 1083 2089 1083 2089 1083 2168 1100 2201 1079 2206 1079 2206 1079 2206 1079 2210 1079 2210 1079 2214 1079 2214 1079 2214 1079 2310 1095 2714 1062 2719 1062 3073 1070 3081 1145 3081 1166 2060 1204"/></Shape>
	    <String CONTENT=""
                    HPOS="2043"
                    VPOS="1062"
                    WIDTH="1038"
                    HEIGHT="142"></String>
          </TextLine>

          
          
          <TextLine ID="eSc_line_0a4d7635"
                    
                    BASELINE="2068 1262 2806 1241" 
                    HPOS="2060"
                    VPOS="1175"
                    WIDTH="746"
                    HEIGHT="104">
            <Shape><Polygon POINTS="2068 1262 2060 1191 2794 1175 2806 1241 2806 1262 2068 1279"/></Shape>
	    <String CONTENT=""
                    HPOS="2060"
                    VPOS="1175"
                    WIDTH="746"
                    HEIGHT="104"></String>
          </TextLine>

          
          
          <TextLine ID="eSc_line_0d871ff2"
                    
                    BASELINE="2072 1345 3098 1312" 
                    HPOS="2064"
                    VPOS="1225"
                    WIDTH="1034"
                    HEIGHT="141">
            <Shape><Polygon POINTS="2072 1345 2064 1258 3086 1225 3098 1312 3098 1337 2072 1366"/></Shape>
	    <String CONTENT=""
                    HPOS="2064"
                    VPOS="1225"
                    WIDTH="1034"
                    HEIGHT="141"></String>
          </TextLine>

          
          
          <TextLine ID="eSc_line_33f7406c"
                    
                    BASELINE="2072 1425 3098 1400" 
                    HPOS="2064"
                    VPOS="1312"
                    WIDTH="1034"
                    HEIGHT="142">
            <Shape><Polygon POINTS="2072 1425 2064 1354 2748 1312 2752 1312 3090 1325 3098 1400 3098 1416 2072 1454"/></Shape>
	    <String CONTENT=""
                    HPOS="2064"
                    VPOS="1312"
                    WIDTH="1034"
                    HEIGHT="142"></String>
          </TextLine>

          
          
          <TextLine ID="eSc_line_ee2acf77"
                    
                    BASELINE="2072 1512 3098 1483" 
                    HPOS="2064"
                    VPOS="1395"
                    WIDTH="1034"
                    HEIGHT="146">
            <Shape><Polygon POINTS="2072 1512 2064 1441 3086 1395 3098 1483 3094 1500 2072 1541"/></Shape>
	    <String CONTENT=""
                    HPOS="2064"
                    VPOS="1395"
                    WIDTH="1034"
                    HEIGHT="146"></String>
          </TextLine>

          
          
          <TextLine ID="eSc_line_2bee9f70"
                    
                    BASELINE="2080 1587 3081 1570" 
                    HPOS="2072"
                    VPOS="1479"
                    WIDTH="1009"
                    HEIGHT="125">
            <Shape><Polygon POINTS="2080 1587 2072 1512 3069 1479 3081 1570 3077 1587 2080 1604"/></Shape>
	    <String CONTENT=""
                    HPOS="2072"
                    VPOS="1479"
                    WIDTH="1009"
                    HEIGHT="125"></String>
          </TextLine>

          
          
          <TextLine ID="eSc_line_7f9fe762"
                    
                    BASELINE="2076 1675 3106 1654" 
                    HPOS="2068"
                    VPOS="1579"
                    WIDTH="1038"
                    HEIGHT="116">
            <Shape><Polygon POINTS="2076 1675 2068 1587 3094 1579 3106 1654 3102 1670 2076 1695"/></Shape>
	    <String CONTENT=""
                    HPOS="2068"
                    VPOS="1579"
                    WIDTH="1038"
                    HEIGHT="116"></String>
          </TextLine>

          
          
          <TextLine ID="eSc_line_098b3b0b"
                    
                    BASELINE="2080 1758 2306 1750" 
                    HPOS="2072"
                    VPOS="1679"
                    WIDTH="234"
                    HEIGHT="100">
            <Shape><Polygon POINTS="2080 1758 2072 1687 2293 1679 2306 1750 2306 1762 2080 1779"/></Shape>
	    <String CONTENT=""
                    HPOS="2072"
                    VPOS="1679"
                    WIDTH="234"
                    HEIGHT="100"></String>
          </TextLine>

          
          
          <TextLine ID="eSc_line_29af1cac"
                    
                    BASELINE="2085 1837 3065 1812" 
                    HPOS="2076"
                    VPOS="1729"
                    WIDTH="989"
                    HEIGHT="129">
            <Shape><Polygon POINTS="2085 1837 2076 1758 3052 1729 3065 1812 3065 1833 2085 1858"/></Shape>
	    <String CONTENT=""
                    HPOS="2076"
                    VPOS="1729"
                    WIDTH="989"
                    HEIGHT="129"></String>
          </TextLine>

          
          
          <TextLine ID="eSc_line_7bebe62c"
                    
                    BASELINE="2089 1925 3111 1895" 
                    HPOS="2080"
                    VPOS="1804"
                    WIDTH="1031"
                    HEIGHT="146">
            <Shape><Polygon POINTS="2089 1925 2080 1845 3098 1804 3111 1895 3106 1916 2089 1950"/></Shape>
	    <String CONTENT=""
                    HPOS="2080"
                    VPOS="1804"
                    WIDTH="1031"
                    HEIGHT="146"></String>
          </TextLine>

          
          
          <TextLine ID="eSc_line_adf6dd89"
                    
                    BASELINE="2085 2004 2502 1995" 
                    HPOS="2076"
                    VPOS="1908"
                    WIDTH="426"
                    HEIGHT="112">
            <Shape><Polygon POINTS="2085 2004 2076 1933 2285 1908 2285 1908 2289 1908 2493 1929 2502 1995 2498 2012 2085 2020"/></Shape>
	    <String CONTENT=""
                    HPOS="2076"
                    VPOS="1908"
                    WIDTH="426"
                    HEIGHT="112"></String>
          </TextLine>

          
          
          <TextLine ID="eSc_line_ec5e70b1"
                    
                    BASELINE="2089 2087 3115 2058" 
                    HPOS="2080"
                    VPOS="1975"
                    WIDTH="1035"
                    HEIGHT="137">
            <Shape><Polygon POINTS="2089 2087 2080 1991 3102 1975 3115 2058 3115 2083 2089 2112"/></Shape>
	    <String CONTENT=""
                    HPOS="2080"
                    VPOS="1975"
                    WIDTH="1035"
                    HEIGHT="137"></String>
          </TextLine>

          
          
          <TextLine ID="eSc_line_be244593"
                    
                    BASELINE="2089 2170 2347 2170" 
                    HPOS="2085"
                    VPOS="2079"
                    WIDTH="262"
                    HEIGHT="112">
            <Shape><Polygon POINTS="2089 2170 2085 2104 2201 2079 2201 2079 2201 2079 2206 2079 2206 2079 2347 2104 2347 2170 2347 2191 2089 2191"/></Shape>
	    <String CONTENT=""
                    HPOS="2085"
                    VPOS="2079"
                    WIDTH="262"
                    HEIGHT="112"></String>
          </TextLine>

          
          
          <TextLine ID="eSc_line_5f610f9e"
                    
                    BASELINE="2097 2254 3044 2225" 
                    HPOS="2089"
                    VPOS="2150"
                    WIDTH="955"
                    HEIGHT="129">
            <Shape><Polygon POINTS="2097 2254 2089 2179 3031 2150 3044 2225 3044 2254 2097 2279"/></Shape>
	    <String CONTENT=""
                    HPOS="2089"
                    VPOS="2150"
                    WIDTH="955"
                    HEIGHT="129"></String>
          </TextLine>

          
          
          <TextLine ID="eSc_line_81fdb17d"
                    
                    BASELINE="2093 2337 2852 2316" 
                    HPOS="2080"
                    VPOS="2241"
                    WIDTH="772"
                    HEIGHT="113">
            <Shape><Polygon POINTS="2093 2337 2080 2262 2839 2241 2852 2316 2848 2333 2093 2354"/></Shape>
	    <String CONTENT=""
                    HPOS="2080"
                    VPOS="2241"
                    WIDTH="772"
                    HEIGHT="113"></String>
          </TextLine>

          
          
          <TextLine ID="eSc_line_4efa1d44"
                    
                    BASELINE="2101 2416 2898 2395" 
                    HPOS="2093"
                    VPOS="2325"
                    WIDTH="805"
                    HEIGHT="116">
            <Shape><Polygon POINTS="2101 2416 2093 2337 2885 2325 2898 2395 2898 2420 2101 2441"/></Shape>
	    <String CONTENT=""
                    HPOS="2093"
                    VPOS="2325"
                    WIDTH="805"
                    HEIGHT="116"></String>
          </TextLine>

          
          
          <TextLine ID="eSc_line_08ba7f45"
                    
                    BASELINE="2101 2500 3115 2475" 
                    HPOS="2093"
                    VPOS="2387"
                    WIDTH="1022"
                    HEIGHT="138">
            <Shape><Polygon POINTS="2101 2500 2093 2412 3102 2387 3115 2475 3115 2495 2101 2525"/></Shape>
	    <String CONTENT=""
                    HPOS="2093"
                    VPOS="2387"
                    WIDTH="1022"
                    HEIGHT="138"></String>
          </TextLine>

          
          
          <TextLine ID="eSc_line_f4f54c13"
                    
                    BASELINE="2101 2575 2364 2575" 
                    HPOS="2097"
                    VPOS="2504"
                    WIDTH="267"
                    HEIGHT="104">
            <Shape><Polygon POINTS="2101 2575 2097 2508 2360 2504 2364 2575 2364 2604 2101 2608"/></Shape>
	    <String CONTENT=""
                    HPOS="2097"
                    VPOS="2504"
                    WIDTH="267"
                    HEIGHT="104"></String>
          </TextLine>

          
          
          <TextLine ID="eSc_line_5b844f3c"
                    
                    BASELINE="2106 2666 3123 2650" 
                    HPOS="2097"
                    VPOS="2562"
                    WIDTH="1026"
                    HEIGHT="121">
            <Shape><Polygon POINTS="2106 2666 2097 2583 3111 2562 3123 2650 3123 2675 2106 2683"/></Shape>
	    <String CONTENT=""
                    HPOS="2097"
                    VPOS="2562"
                    WIDTH="1026"
                    HEIGHT="121"></String>
          </TextLine>

          
          
          <TextLine ID="eSc_line_036c5b98"
                    
                    BASELINE="2110 2741 2673 2733" 
                    HPOS="2101"
                    VPOS="2666"
                    WIDTH="572"
                    HEIGHT="109">
            <Shape><Polygon POINTS="2110 2741 2101 2670 2660 2666 2673 2733 2669 2750 2110 2775"/></Shape>
	    <String CONTENT=""
                    HPOS="2101"
                    VPOS="2666"
                    WIDTH="572"
                    HEIGHT="109"></String>
          </TextLine>

          
          
          <TextLine ID="eSc_line_25446a40"
                    
                    BASELINE="2118 2829 3127 2804" 
                    HPOS="2110"
                    VPOS="2720"
                    WIDTH="1017"
                    HEIGHT="134">
            <Shape><Polygon POINTS="2118 2829 2110 2750 3115 2720 3127 2804 3127 2825 2118 2854"/></Shape>
	    <String CONTENT=""
                    HPOS="2110"
                    VPOS="2720"
                    WIDTH="1017"
                    HEIGHT="134"></String>
          </TextLine>

          
          
          <TextLine ID="eSc_line_c822c5bc"
                    
                    BASELINE="2118 2908 2973 2887" 
                    HPOS="2110"
                    VPOS="2812"
                    WIDTH="863"
                    HEIGHT="129">
            <Shape><Polygon POINTS="2118 2908 2110 2841 2960 2812 2973 2887 2973 2908 2118 2941"/></Shape>
	    <String CONTENT=""
                    HPOS="2110"
                    VPOS="2812"
                    WIDTH="863"
                    HEIGHT="129"></String>
          </TextLine>

          
          
          <TextLine ID="eSc_line_6c3cbcc9"
                    
                    BASELINE="2122 2991 3131 2975" 
                    HPOS="2114"
                    VPOS="2883"
                    WIDTH="1017"
                    HEIGHT="133">
            <Shape><Polygon POINTS="2122 2991 2114 2916 3119 2883 3131 2975 3131 2991 2122 3016"/></Shape>
	    <String CONTENT=""
                    HPOS="2114"
                    VPOS="2883"
                    WIDTH="1017"
                    HEIGHT="133"></String>
          </TextLine>

          
          
          <TextLine ID="eSc_line_ab44e8f0"
                    
                    BASELINE="2118 3070 2944 3054" 
                    HPOS="2110"
                    VPOS="2987"
                    WIDTH="834"
                    HEIGHT="104">
            <Shape><Polygon POINTS="2118 3070 2110 3004 2931 2987 2944 3054 2940 3087 2118 3091"/></Shape>
	    <String CONTENT=""
                    HPOS="2110"
                    VPOS="2987"
                    WIDTH="834"
                    HEIGHT="104"></String>
          </TextLine>

          
          
          <TextLine ID="eSc_line_916f2b26"
                    
                    BASELINE="2122 3150 3136 3137" 
                    HPOS="2114"
                    VPOS="3066"
                    WIDTH="1022"
                    HEIGHT="109">
            <Shape><Polygon POINTS="2122 3150 2114 3070 3123 3066 3136 3137 3131 3166 2122 3175"/></Shape>
	    <String CONTENT=""
                    HPOS="2114"
                    VPOS="3066"
                    WIDTH="1022"
                    HEIGHT="109"></String>
          </TextLine>

          
          
          <TextLine ID="eSc_line_0d7818e2"
                    
                    BASELINE="2122 3237 2385 3237" 
                    HPOS="2118"
                    VPOS="3154"
                    WIDTH="267"
                    HEIGHT="108">
            <Shape><Polygon POINTS="2122 3237 2118 3158 2381 3154 2385 3237 2385 3258 2122 3262"/></Shape>
	    <String CONTENT=""
                    HPOS="2118"
                    VPOS="3154"
                    WIDTH="267"
                    HEIGHT="108"></String>
          </TextLine>

          
          
          <TextLine ID="eSc_line_d44ea44e"
                    
                    BASELINE="2126 3320 3136 3295" 
                    HPOS="2118"
                    VPOS="3212"
                    WIDTH="1018"
                    HEIGHT="138">
            <Shape><Polygon POINTS="2126 3320 2118 3241 3123 3212 3136 3295 3136 3325 2126 3350"/></Shape>
	    <String CONTENT=""
                    HPOS="2118"
                    VPOS="3212"
                    WIDTH="1018"
                    HEIGHT="138"></String>
          </TextLine>

          
          
          <TextLine ID="eSc_line_94bc85f3"
                    
                    BASELINE="2131 3404 2869 3387" 
                    HPOS="2122"
                    VPOS="3320"
                    WIDTH="747"
                    HEIGHT="113">
            <Shape><Polygon POINTS="2131 3404 2122 3325 2856 3320 2869 3387 2865 3416 2131 3433"/></Shape>
	    <String CONTENT=""
                    HPOS="2122"
                    VPOS="3320"
                    WIDTH="747"
                    HEIGHT="113"></String>
          </TextLine>

          
          
          <TextLine ID="eSc_line_20e98d13"
                    
                    BASELINE="2131 3483 3061 3470" 
                    HPOS="2122"
                    VPOS="3400"
                    WIDTH="939"
                    HEIGHT="112">
            <Shape><Polygon POINTS="2131 3483 2122 3404 3048 3400 3061 3470 3056 3487 2131 3512"/></Shape>
	    <String CONTENT=""
                    HPOS="2122"
                    VPOS="3400"
                    WIDTH="939"
                    HEIGHT="112"></String>
          </TextLine>

          
          
          <TextLine ID="eSc_line_9b98ec76"
                    
                    BASELINE="2131 3566 3023 3554" 
                    HPOS="2122"
                    VPOS="3479"
                    WIDTH="901"
                    HEIGHT="112">
            <Shape><Polygon POINTS="2131 3566 2122 3491 3010 3479 3023 3554 3019 3575 2131 3591"/></Shape>
	    <String CONTENT=""
                    HPOS="2122"
                    VPOS="3479"
                    WIDTH="901"
                    HEIGHT="112"></String>
          </TextLine>

          
          
          <TextLine ID="eSc_line_bf97e4cc"
                    
                    BASELINE="2131 3650 3136 3629" 
                    HPOS="2122"
                    VPOS="3554"
                    WIDTH="1014"
                    HEIGHT="125">
            <Shape><Polygon POINTS="2131 3650 2122 3579 3123 3554 3136 3629 3131 3654 2131 3679"/></Shape>
	    <String CONTENT=""
                    HPOS="2122"
                    VPOS="3554"
                    WIDTH="1014"
                    HEIGHT="125"></String>
          </TextLine>

          
          
          <TextLine ID="eSc_line_4ba31682"
                    
                    BASELINE="2131 3729 2464 3729" 
                    HPOS="2131"
                    VPOS="3654"
                    WIDTH="333"
                    HEIGHT="100">
            <Shape><Polygon POINTS="2131 3729 2131 3654 2464 3654 2464 3729 2464 3750 2131 3754"/></Shape>
	    <String CONTENT=""
                    HPOS="2131"
                    VPOS="3654"
                    WIDTH="333"
                    HEIGHT="100"></String>
          </TextLine>

          
          
          <TextLine ID="eSc_line_ef4c9ad9"
                    
                    BASELINE="2139 3816 3106 3800" 
                    HPOS="2118"
                    VPOS="3720"
                    WIDTH="988"
                    HEIGHT="125">
            <Shape><Polygon POINTS="2139 3816 2118 3750 2135 3725 2135 3725 2139 3725 2139 3720 2139 3720 2143 3720 2143 3720 2143 3720 2147 3720 2147 3720 2151 3720 3098 3725 3106 3800 3102 3833 2139 3845"/></Shape>
	    <String CONTENT=""
                    HPOS="2118"
                    VPOS="3720"
                    WIDTH="988"
                    HEIGHT="125"></String>
          </TextLine>

          
          
          <TextLine ID="eSc_line_d9956bfe"
                    
                    BASELINE="2135 3900 3140 3883" 
                    HPOS="2126"
                    VPOS="3791"
                    WIDTH="1014"
                    HEIGHT="184">
            <Shape><Polygon POINTS="2135 3900 2126 3820 2898 3791 2902 3791 3131 3812 3140 3883 3136 3937 2856 3962 2852 3962 2852 3962 2852 3962 2848 3962 2848 3962 2848 3962 2844 3962 2844 3962 2844 3958 2835 3950 2819 3933 2635 3933 2481 3962 2456 3966 2456 3966 2456 3966 2452 3966 2452 3966 2431 3966 2277 3941 2139 3975"/></Shape>
	    <String CONTENT=""
                    HPOS="2126"
                    VPOS="3791"
                    WIDTH="1014"
                    HEIGHT="184"></String>
          </TextLine>

          
        </TextBlock>
        
        <TextBlock HPOS="817"
                   VPOS="1363"
                   WIDTH="1163"
                   HEIGHT="2549"
                   ID="eSc_textblock_854dc374"
                   TAGREFS="BT2">
          <Shape><Polygon POINTS="1422 1363 1422 1365 1888 1363 1962 3428 1690 3428 1690 3483 1938 3483 1938 3904 1980 3904 1980 3912 917 3912 852 1683 817 1563 1011 1563 1011 1383 1399 1383 1399 1363"/></Shape>
          
        </TextBlock>
        
        <TextBlock HPOS="821"
                   VPOS="554"
                   WIDTH="1052"
                   HEIGHT="741"
                   ID="eSc_textblock_8bc729d2"
                   TAGREFS="BT2">
          <Shape><Polygon POINTS="1873 897 1690 897 1690 1062 1873 1062 1873 1295 821 1295 821 554 1635 554 1635 641 1873 641"/></Shape>
          
        </TextBlock>
        
        <TextBlock HPOS="801"
                   VPOS="1347"
                   WIDTH="207"
                   HEIGHT="219"
                   ID="eSc_textblock_dc4b1a1f"
                   TAGREFS="BT2">
          <Shape><Polygon POINTS="801 1347 801 1566 1008 1566 1008 1347"/></Shape>
          
        </TextBlock>
        

        
      </PrintSpace>
    </Page>
  </Layout>
</alto>
