<?xml version="1.0" encoding="UTF-8"?>
<alto xmlns:xsi="http://www.w3.org/2001/XMLSchema-instance"
      xmlns="http://www.loc.gov/standards/alto/ns-v4#"
      xsi:schemaLocation="http://www.loc.gov/standards/alto/ns-v4# http://www.loc.gov/standards/alto/v4/alto-4-2.xsd">
  <Description>
    <MeasurementUnit>pixel</MeasurementUnit>
    <sourceImageInformation>
      <fileName>11_f16ce_default.jpg</fileName>
      <fileIdentifier>https://mazarinum.bibliotheque-mazarine.fr/i/?IIIF=/af/0a/c2/41/af0ac241-0f82-4dc2-a6df-bb95b17c4e73/iiif/751063002_inc59_0012.tif/full/full/0/default.jpg</fileIdentifier>
    </sourceImageInformation>
  </Description>
  
  <Tags>
    <OtherTag ID="BT1" LABEL="Title" DESCRIPTION="block type Title"/><OtherTag ID="BT2" LABEL="Main" DESCRIPTION="block type Main"/><OtherTag ID="BT3" LABEL="Commentary" DESCRIPTION="block type Commentary"/><OtherTag ID="BT4" LABEL="Illustration" DESCRIPTION="block type Illustration"/><OtherTag ID="BT1467" LABEL="Page" DESCRIPTION="block type Page"/>
    <OtherTag ID="LT1" LABEL="Main" DESCRIPTION="line type Main"/><OtherTag ID="LT2" LABEL="Numbering" DESCRIPTION="line type Numbering"/><OtherTag ID="LT3" LABEL="Correction" DESCRIPTION="line type Correction"/><OtherTag ID="LT4" LABEL="Signature" DESCRIPTION="line type Signature"/>
  </Tags>
  
  <Layout>
    <Page WIDTH="3599"
          HEIGHT="5000"
          PHYSICAL_IMG_NR="3"
          ID="eSc_dummypage_">
      <PrintSpace HPOS="0"
                  VPOS="0"
                  WIDTH="3599"
                  HEIGHT="5000">
        
        <TextBlock HPOS="817"
                   VPOS="562"
                   WIDTH="1047"
                   HEIGHT="745"
                   ID="eSc_textblock_e5c6fa73"
                   TAGREFS="BT2">
          <Shape><Polygon POINTS="1651 616 1864 650 1864 713 1825 713 1825 729 1020 729 1020 805 1864 805 1864 876 1722 876 1722 888 1299 888 1299 964 1722 964 1722 1052 1824 1052 1864 1229 1515 1242 1515 1239 1399 1239 1399 1307 834 1307 817 600 1137 562 1606 562"/></Shape>
          
          
          <TextLine ID="eSc_line_19144611"
                    
                    BASELINE="825 645 1618 616" 
                    HPOS="813"
                    VPOS="495"
                    WIDTH="805"
                    HEIGHT="175">
            <Shape><Polygon POINTS="825 645 813 541 1246 537 1372 508 1397 504 1397 504 1397 504 1401 504 1401 504 1405 504 1413 504 1484 525 1601 495 1618 616 1618 645 825 670"/></Shape>
	    <String CONTENT="ᗞe Hysmene filia Edyppi."
                    HPOS="813"
                    VPOS="495"
                    WIDTH="805"
                    HEIGHT="175"></String>
          </TextLine>

          
          
          <TextLine ID="eSc_line_f3885ee4"
                    
                    BASELINE="829 733 1843 695" 
                    HPOS="821"
                    VPOS="604"
                    WIDTH="1022"
                    HEIGHT="154">
            <Shape><Polygon POINTS="829 733 821 658 1830 604 1843 695 1843 716 829 758"/></Shape>
	    <String CONTENT="ᗞe ethyocle edyppi filio &amp; Iocha&#39;"
                    HPOS="821"
                    VPOS="604"
                    WIDTH="1022"
                    HEIGHT="154"></String>
          </TextLine>

          
          
          <TextLine ID="eSc_line_b5e7f21e"
                    
                    BASELINE="834 812 992 808" 
                    HPOS="829"
                    VPOS="741"
                    WIDTH="163"
                    HEIGHT="96">
            <Shape><Polygon POINTS="834 812 829 741 984 745 992 808 992 829 834 837"/></Shape>
	    <String CONTENT="stę."
                    HPOS="829"
                    VPOS="741"
                    WIDTH="163"
                    HEIGHT="96"></String>
          </TextLine>

          
          
          <TextLine ID="eSc_line_3276130a"
                    
                    BASELINE="834 895 1847 854" 
                    HPOS="825"
                    VPOS="770"
                    WIDTH="1022"
                    HEIGHT="155">
            <Shape><Polygon POINTS="834 895 825 812 1834 770 1847 854 1847 883 834 925"/></Shape>
	    <String CONTENT="ᗞe Pollinice filio edyppi:ꝗ genuit"
                    HPOS="825"
                    VPOS="770"
                    WIDTH="1022"
                    HEIGHT="155"></String>
          </TextLine>

          
          
          <TextLine ID="eSc_line_cb358a32"
                    
                    BASELINE="838 975 1292 966" 
                    HPOS="829"
                    VPOS="879"
                    WIDTH="463"
                    HEIGHT="112">
            <Shape><Polygon POINTS="838 975 829 900 1280 879 1292 966 1288 987 838 991"/></Shape>
	    <String CONTENT="Thessandrum."
                    HPOS="829"
                    VPOS="879"
                    WIDTH="463"
                    HEIGHT="112"></String>
          </TextLine>

          
          
          <TextLine ID="eSc_line_41e356e9"
                    
                    BASELINE="834 1058 1705 1025" 
                    HPOS="821"
                    VPOS="950"
                    WIDTH="884"
                    HEIGHT="125">
            <Shape><Polygon POINTS="834 1058 821 975 1693 950 1705 1025 1705 1050 834 1075"/></Shape>
	    <String CONTENT="ᗞe thessandro pollinicis filio."
                    HPOS="821"
                    VPOS="950"
                    WIDTH="884"
                    HEIGHT="125"></String>
          </TextLine>

          
          
          <TextLine ID="eSc_line_9a151c2f"
                    
                    BASELINE="838 1137 1793 1100" 
                    HPOS="829"
                    VPOS="1029"
                    WIDTH="964"
                    HEIGHT="129">
            <Shape><Polygon POINTS="838 1137 829 1062 1780 1029 1793 1100 1793 1133 838 1158"/></Shape>
	    <String CONTENT="ᗞe Scitha.xiii.primi Iouis filio."
                    HPOS="829"
                    VPOS="1029"
                    WIDTH="964"
                    HEIGHT="129"></String>
          </TextLine>

          
          
          <TextLine ID="eSc_line_cdfda8a2"
                    
                    BASELINE="838 1220 1847 1179" 
                    HPOS="829"
                    VPOS="1112"
                    WIDTH="1018"
                    HEIGHT="133">
            <Shape><Polygon POINTS="838 1220 829 1150 1834 1112 1847 1179 1843 1216 838 1245"/></Shape>
	    <String CONTENT="Grnealogię deorum gentiliũ liber"
                    HPOS="829"
                    VPOS="1112"
                    WIDTH="1018"
                    HEIGHT="133"></String>
          </TextLine>

          
          
          <TextLine ID="eSc_line_85bc80c7"
                    
                    BASELINE="842 1304 1380 1287" 
                    HPOS="834"
                    VPOS="1200"
                    WIDTH="546"
                    HEIGHT="150">
            <Shape><Polygon POINTS="842 1304 834 1229 1188 1225 1192 1220 1234 1200 1234 1200 1234 1200 1238 1200 1238 1200 1238 1200 1242 1200 1242 1200 1372 1220 1380 1287 1380 1316 842 1350"/></Shape>
	    <String CONTENT="secundus explicit."
                    HPOS="834"
                    VPOS="1200"
                    WIDTH="546"
                    HEIGHT="150"></String>
          </TextLine>

          
          
          <TextLine ID="eSc_line_702b2c44"
                    
                    BASELINE="1006 1459 1864 1425" 
                    HPOS="996"
                    VPOS="1350"
                    WIDTH="863"
                    HEIGHT="141">
            <Shape><Polygon POINTS="1005 1458 996 1383 1851 1350 1859 1425 1859 1450 1005 1491"/></Shape>
	    <String CONTENT="Enealogię deorum gentilium"
                    HPOS="996"
                    VPOS="1350"
                    WIDTH="863"
                    HEIGHT="141"></String>
          </TextLine>

          
          
          <TextLine ID="eSc_line_06dd2118"
                    
                    BASELINE="1016 1553 1868 1512" 
                    HPOS="1005"
                    VPOS="1433"
                    WIDTH="859"
                    HEIGHT="137">
            <Shape><Polygon POINTS="1013 1550 1005 1483 1180 1450 1184 1450 1188 1450 1238 1466 1342 1441 1347 1441 1855 1433 1864 1508 1864 1533 1013 1570"/></Shape>
	    <String CONTENT="secundum Iohãnem boccatiũ"
                    HPOS="1005"
                    VPOS="1433"
                    WIDTH="859"
                    HEIGHT="137"></String>
          </TextLine>

          
          
          <TextLine ID="eSc_line_722c912c"
                    
                    BASELINE="854 1633 1751 1600" 
                    HPOS="846"
                    VPOS="1516"
                    WIDTH="905"
                    HEIGHT="146">
            <Shape><Polygon POINTS="854 1633 846 1562 1739 1516 1751 1600 1747 1616 854 1662"/></Shape>
	    <String CONTENT="de certaldo liber tertius incipit."
                    HPOS="846"
                    VPOS="1516"
                    WIDTH="905"
                    HEIGHT="146"></String>
          </TextLine>

          
          
          <TextLine ID="eSc_line_e1116e02"
                    
                    BASELINE="929 1704 1872 1679" 
                    HPOS="921"
                    VPOS="1591"
                    WIDTH="951"
                    HEIGHT="146">
            <Shape><Polygon POINTS="929 1704 921 1629 1859 1591 1872 1679 1872 1695 929 1737"/></Shape>
	    <String CONTENT="N arbore autem signata desuper"
                    HPOS="921"
                    VPOS="1591"
                    WIDTH="951"
                    HEIGHT="146"></String>
          </TextLine>

          
          
          <TextLine ID="eSc_line_db479a44"
                    
                    BASELINE="863 1783 1872 1762" 
                    HPOS="854"
                    VPOS="1675"
                    WIDTH="1018"
                    HEIGHT="141">
            <Shape><Polygon POINTS="863 1783 854 1716 1859 1675 1872 1762 1868 1791 863 1816"/></Shape>
	    <String CONTENT="ponitur in radice ᑕęlius ętheris fi&#39;"
                    HPOS="854"
                    VPOS="1675"
                    WIDTH="1018"
                    HEIGHT="141"></String>
          </TextLine>

          
          
          <TextLine ID="eSc_line_6f3e6976"
                    
                    BASELINE="863 1870 1872 1845" 
                    HPOS="854"
                    VPOS="1775"
                    WIDTH="1018"
                    HEIGHT="112">
            <Shape><Polygon POINTS="863 1870 854 1800 1859 1775 1872 1845 1872 1858 863 1887"/></Shape>
	    <String CONTENT="lius &amp; diei: &amp; in eius ramis &amp; fron&#39;"
                    HPOS="854"
                    VPOS="1775"
                    WIDTH="1018"
                    HEIGHT="112"></String>
          </TextLine>

          
          
          <TextLine ID="eSc_line_c13ba248"
                    
                    BASELINE="863 1950 1884 1925" 
                    HPOS="854"
                    VPOS="1854"
                    WIDTH="1030"
                    HEIGHT="133">
            <Shape><Polygon POINTS="863 1950 854 1879 1872 1854 1884 1925 1880 1945 863 1987"/></Shape>
	    <String CONTENT="dibus pars suę posteritatis osten"
                    HPOS="854"
                    VPOS="1854"
                    WIDTH="1030"
                    HEIGHT="133"></String>
          </TextLine>

          
          
          <TextLine ID="eSc_line_164b439f"
                    
                    BASELINE="863 2033 1855 2008" 
                    HPOS="854"
                    VPOS="1937"
                    WIDTH="1001"
                    HEIGHT="129">
            <Shape><Polygon POINTS="863 2033 854 1962 1843 1937 1855 2008 1855 2025 863 2066"/></Shape>
	    <String CONTENT="ditur.Fuerunt enim ᑕęlio filii.xii."
                    HPOS="854"
                    VPOS="1937"
                    WIDTH="1001"
                    HEIGHT="129"></String>
          </TextLine>

          
          
          <TextLine ID="eSc_line_d478488c"
                    
                    BASELINE="867 2112 1880 2087" 
                    HPOS="859"
                    VPOS="2004"
                    WIDTH="1021"
                    HEIGHT="133">
            <Shape><Polygon POINTS="867 2112 859 2045 1438 2008 1442 2008 1442 2008 1447 2008 1518 2025 1543 2004 1543 2004 1547 2004 1547 2004 1551 2004 1551 2004 1551 2004 1555 2004 1872 2020 1880 2087 1880 2108 867 2137"/></Shape>
	    <String CONTENT="quorum prima fuit Opis.Secunda"
                    HPOS="859"
                    VPOS="2004"
                    WIDTH="1021"
                    HEIGHT="133"></String>
          </TextLine>

          
          
          <TextLine ID="eSc_line_df15d260"
                    
                    BASELINE="875 2191 1868 2170" 
                    HPOS="867"
                    VPOS="2100"
                    WIDTH="1001"
                    HEIGHT="116">
            <Shape><Polygon POINTS="875 2191 867 2120 1855 2100 1868 2170 1864 2200 875 2216"/></Shape>
	    <String CONTENT="Thetis magna.Tertia ᑕeres prĩa."
                    HPOS="867"
                    VPOS="2100"
                    WIDTH="1001"
                    HEIGHT="116"></String>
          </TextLine>

          
          
          <TextLine ID="eSc_line_904ccddb"
                    
                    BASELINE="875 2279 1884 2250" 
                    HPOS="867"
                    VPOS="2179"
                    WIDTH="1017"
                    HEIGHT="116">
            <Shape><Polygon POINTS="875 2279 867 2208 1872 2179 1884 2250 1884 2266 875 2295"/></Shape>
	    <String CONTENT="Quartus Vulcanus primus.Quĩt⁹"
                    HPOS="867"
                    VPOS="2179"
                    WIDTH="1017"
                    HEIGHT="116"></String>
          </TextLine>

          
          
          <TextLine ID="eSc_line_58724454"
                    
                    BASELINE="875 2358 1893 2337" 
                    HPOS="867"
                    VPOS="2258"
                    WIDTH="1026"
                    HEIGHT="129">
            <Shape><Polygon POINTS="875 2358 867 2287 1880 2258 1893 2337 1889 2354 875 2387"/></Shape>
	    <String CONTENT="Mercurius tertius. Sexta Venus"
                    HPOS="867"
                    VPOS="2258"
                    WIDTH="1026"
                    HEIGHT="129"></String>
          </TextLine>

          
          
          <TextLine ID="eSc_line_c8ecf67a"
                    
                    BASELINE="879 2441 1884 2412" 
                    HPOS="871"
                    VPOS="2341"
                    WIDTH="1013"
                    HEIGHT="129">
            <Shape><Polygon POINTS="879 2441 871 2370 1872 2341 1884 2412 1884 2429 879 2470"/></Shape>
	    <String CONTENT="magna. Septima Venus secunda."
                    HPOS="871"
                    VPOS="2341"
                    WIDTH="1013"
                    HEIGHT="129"></String>
          </TextLine>

          
          
          <TextLine ID="eSc_line_e062975c"
                    
                    BASELINE="879 2520 1889 2495" 
                    HPOS="871"
                    VPOS="2425"
                    WIDTH="1018"
                    HEIGHT="116">
            <Shape><Polygon POINTS="879 2520 871 2450 1876 2425 1889 2495 1889 2512 879 2541"/></Shape>
	    <String CONTENT="Octauus Toxius.Nonus Titanus:"
                    HPOS="871"
                    VPOS="2425"
                    WIDTH="1018"
                    HEIGHT="116"></String>
          </TextLine>

          
          
          <TextLine ID="eSc_line_427a76a4"
                    
                    BASELINE="884 2604 1897 2579" 
                    HPOS="875"
                    VPOS="2508"
                    WIDTH="1022"
                    HEIGHT="125">
            <Shape><Polygon POINTS="884 2604 875 2520 1884 2508 1897 2579 1897 2595 884 2633"/></Shape>
	    <String CONTENT="Iuppiter secundus decimus.Ocea&#39;"
                    HPOS="875"
                    VPOS="2508"
                    WIDTH="1022"
                    HEIGHT="125"></String>
          </TextLine>

          
          
          <TextLine ID="eSc_line_fa1205b1"
                    
                    BASELINE="884 2683 1897 2662" 
                    HPOS="875"
                    VPOS="2579"
                    WIDTH="1022"
                    HEIGHT="137">
            <Shape><Polygon POINTS="884 2683 875 2612 1884 2579 1897 2662 1893 2683 884 2716"/></Shape>
	    <String CONTENT="nus undecimus.Saturnus duodeci⁹"
                    HPOS="875"
                    VPOS="2579"
                    WIDTH="1022"
                    HEIGHT="137"></String>
          </TextLine>

          
          
          <TextLine ID="eSc_line_ca433f50"
                    
                    BASELINE="888 2766 1901 2741" 
                    HPOS="879"
                    VPOS="2670"
                    WIDTH="1022"
                    HEIGHT="134">
            <Shape><Polygon POINTS="888 2766 879 2687 1889 2670 1901 2741 1901 2762 888 2804"/></Shape>
	    <String CONTENT="Ex istis.xii.referuantur quatuor de"
                    HPOS="879"
                    VPOS="2670"
                    WIDTH="1022"
                    HEIGHT="134"></String>
          </TextLine>

          
          
          <TextLine ID="eSc_line_a96bc484"
                    
                    BASELINE="892 2845 1901 2820" 
                    HPOS="884"
                    VPOS="2754"
                    WIDTH="1017"
                    HEIGHT="112">
            <Shape><Polygon POINTS="892 2845 884 2779 1889 2754 1901 2820 1901 2841 892 2866"/></Shape>
	    <String CONTENT="quib⁹ nulla in pręsenti libro tertio"
                    HPOS="884"
                    VPOS="2754"
                    WIDTH="1017"
                    HEIGHT="112"></String>
          </TextLine>

          
          
          <TextLine ID="eSc_line_ec54d4c4"
                    
                    BASELINE="900 2925 1901 2904" 
                    HPOS="892"
                    VPOS="2837"
                    WIDTH="1009"
                    HEIGHT="113">
            <Shape><Polygon POINTS="900 2925 892 2858 1889 2837 1901 2904 1897 2937 900 2950"/></Shape>
	    <String CONTENT="mentio fiet scilicet Titanus de quo"
                    HPOS="892"
                    VPOS="2837"
                    WIDTH="1009"
                    HEIGHT="113"></String>
          </TextLine>

          
          
          <TextLine ID="eSc_line_de335d2b"
                    
                    BASELINE="896 3008 1910 2987" 
                    HPOS="888"
                    VPOS="2912"
                    WIDTH="1022"
                    HEIGHT="121">
            <Shape><Polygon POINTS="896 3008 888 2929 1897 2912 1910 2987 1905 3025 896 3033"/></Shape>
	    <String CONTENT="scribet᷑ in.iiii.&amp; Iuppiter secũd⁹  de"
                    HPOS="888"
                    VPOS="2912"
                    WIDTH="1022"
                    HEIGHT="121"></String>
          </TextLine>

          
          
          <TextLine ID="eSc_line_1237d558"
                    
                    BASELINE="900 3087 1910 3066" 
                    HPOS="892"
                    VPOS="3000"
                    WIDTH="1018"
                    HEIGHT="112">
            <Shape><Polygon POINTS="900 3087 892 3020 1897 3000 1910 3066 1910 3091 900 3112"/></Shape>
	    <String CONTENT="quo &amp; eius prole scribetur in quĩto"
                    HPOS="892"
                    VPOS="3000"
                    WIDTH="1018"
                    HEIGHT="112"></String>
          </TextLine>

          
          
          <TextLine ID="eSc_line_2486cd90"
                    
                    BASELINE="900 3170 1901 3150" 
                    HPOS="892"
                    VPOS="3083"
                    WIDTH="1009"
                    HEIGHT="108">
            <Shape><Polygon POINTS="900 3170 892 3104 1889 3083 1901 3150 1897 3170 900 3191"/></Shape>
	    <String CONTENT="&amp; in sexto . Et Oceanus de quo"
                    HPOS="892"
                    VPOS="3083"
                    WIDTH="1009"
                    HEIGHT="108"></String>
          </TextLine>

          
          
          <TextLine ID="eSc_line_6bc2fab2"
                    
                    BASELINE="900 3245 1922 3233" 
                    HPOS="892"
                    VPOS="3162"
                    WIDTH="1030"
                    HEIGHT="121">
            <Shape><Polygon POINTS="900 3245 892 3175 1910 3162 1922 3233 1918 3258 900 3283"/></Shape>
	    <String CONTENT="scribetur in septimo. Et Saturnus"
                    HPOS="892"
                    VPOS="3162"
                    WIDTH="1030"
                    HEIGHT="121"></String>
          </TextLine>

          
          
          <TextLine ID="eSc_line_2193b16f"
                    
                    BASELINE="904 3329 1918 3312" 
                    HPOS="896"
                    VPOS="3245"
                    WIDTH="1022"
                    HEIGHT="109">
            <Shape><Polygon POINTS="904 3329 896 3254 1905 3245 1918 3312 1918 3341 904 3354"/></Shape>
	    <String CONTENT="de quo &amp; eius omni posteritate fiet"
                    HPOS="896"
                    VPOS="3245"
                    WIDTH="1022"
                    HEIGHT="109"></String>
          </TextLine>

          
          
          <TextLine ID="eSc_line_9537c0e1"
                    
                    BASELINE="913 3416 1926 3400" 
                    HPOS="904"
                    VPOS="3329"
                    WIDTH="1022"
                    HEIGHT="100">
            <Shape><Polygon POINTS="913 3416 904 3345 1914 3329 1926 3400 1926 3420 913 3429"/></Shape>
	    <String CONTENT="mentio in octquo:&amp; reliquis huius"
                    HPOS="904"
                    VPOS="3329"
                    WIDTH="1022"
                    HEIGHT="100"></String>
          </TextLine>

          
          
          <TextLine ID="eSc_line_4608b802"
                    
                    BASELINE="913 3491 1709 3479" 
                    HPOS="904"
                    VPOS="3412"
                    WIDTH="805"
                    HEIGHT="104">
            <Shape><Polygon POINTS="913 3491 904 3420 1697 3412 1709 3479 1705 3516 913 3516"/></Shape>
	    <String CONTENT="operis libris. prohemium."
                    HPOS="904"
                    VPOS="3412"
                    WIDTH="805"
                    HEIGHT="104"></String>
          </TextLine>

          
          
          <TextLine ID="eSc_line_5a792050"
                    
                    BASELINE="917 3579 1930 3554" 
                    HPOS="909"
                    VPOS="3470"
                    WIDTH="1021"
                    HEIGHT="130">
            <Shape><Polygon POINTS="917 3579 909 3508 1601 3470 1605 3470 1922 3487 1930 3554 1930 3570 917 3600"/></Shape>
	    <String CONTENT="ᗞe ᑕęlo ętheris &amp;diei filio qui ge"
                    HPOS="909"
                    VPOS="3470"
                    WIDTH="1021"
                    HEIGHT="130"></String>
          </TextLine>

          
          
          <TextLine ID="eSc_line_4480da42"
                    
                    BASELINE="917 3654 1922 3641" 
                    HPOS="909"
                    VPOS="3570"
                    WIDTH="1013"
                    HEIGHT="121">
            <Shape><Polygon POINTS="917 3654 909 3583 1910 3570 1922 3641 1918 3666 917 3691"/></Shape>
	    <String CONTENT="nuit.xi.filios dato ꝙ in pręsenti.iii."
                    HPOS="909"
                    VPOS="3570"
                    WIDTH="1013"
                    HEIGHT="121"></String>
          </TextLine>

          
          
          <TextLine ID="eSc_line_1c8df2ff"
                    
                    BASELINE="917 3737 1935 3720" 
                    HPOS="909"
                    VPOS="3654"
                    WIDTH="1026"
                    HEIGHT="116">
            <Shape><Polygon POINTS="917 3737 909 3670 1922 3654 1935 3720 1930 3741 917 3770"/></Shape>
	    <String CONTENT="libello de octo tantum tractetur ut"
                    HPOS="909"
                    VPOS="3654"
                    WIDTH="1026"
                    HEIGHT="116"></String>
          </TextLine>

          
          
          <TextLine ID="eSc_line_066df96b"
                    
                    BASELINE="921 3812 1935 3804" 
                    HPOS="913"
                    VPOS="3725"
                    WIDTH="1022"
                    HEIGHT="125">
            <Shape><Polygon POINTS="921 3812 913 3745 1922 3725 1935 3804 1930 3829 921 3850"/></Shape>
	    <String CONTENT="puta de Opi : de Thedide magna :"
                    HPOS="913"
                    VPOS="3725"
                    WIDTH="1022"
                    HEIGHT="125"></String>
          </TextLine>

          
          
          <TextLine ID="eSc_line_74f4d124"
                    
                    BASELINE="921 3900 1935 3891" 
                    HPOS="913"
                    VPOS="3820"
                    WIDTH="1022"
                    HEIGHT="155">
            <Shape><Polygon POINTS="921 3900 913 3829 1922 3820 1935 3891 1926 3970 1768 3945 1714 3966 1705 3970 1705 3970 1701 3970 1701 3970 1701 3970 1697 3970 1613 3966 1438 3950 1392 3958 1321 3975 1321 3975 1321 3975 1317 3975 1317 3975 1317 3975 1313 3975 1246 3954 1209 3945 921 3945"/></Shape>
	    <String CONTENT="de ᑕerere prima:de uulcano pͥmo."
                    HPOS="913"
                    VPOS="3820"
                    WIDTH="1022"
                    HEIGHT="155"></String>
          </TextLine>

          
        </TextBlock>
        
        <TextBlock HPOS="2035"
                   VPOS="500"
                   WIDTH="1113"
                   HEIGHT="3412"
                   ID="eSc_textblock_042f8803"
                   TAGREFS="BT2">
          <Shape><Polygon POINTS="2772 1163 2772 1246 3113 1246 3122 1677 2277 1677 2277 1768 3124 1768 3127 1924 2497 1924 2497 2007 3129 2007 3131 2095 3126 2108 2351 2108 2351 2172 3047 2172 3047 2236 2891 2236 2891 2401 3099 2401 3131 2416 3145 3162 2360 3162 2360 3253 3146 3253 3148 3345 3047 3345 3047 3538 3137 3538 3148 3550 3148 3638 2470 3638 2470 3712 2479 3712 2479 3730 3148 3730 3148 3912 2121 3912 2121 3721 2115 3721 2035 550 2535 500 3093 516 3093 687 2268 687 2268 760 3093 760 3093 842 2323 842 2323 934 3093 934 3093 1017 2616 1017 2616 1081 3093 1081 3093 1163"/></Shape>
          
          
          <TextLine ID="eSc_line_4b6174ef"
                    
                    BASELINE="2043 600 3086 558" 
                    HPOS="2030"
                    VPOS="466"
                    WIDTH="1056"
                    HEIGHT="154">
            <Shape><Polygon POINTS="2043 600 2030 495 3073 466 3086 558 3081 579 2043 620"/></Shape>
	    <String CONTENT="de Mercurio tertio:de Venere ma&#39;"
                    HPOS="2030"
                    VPOS="466"
                    WIDTH="1056"
                    HEIGHT="154"></String>
          </TextLine>

          
          
          <TextLine ID="eSc_line_f2a52770"
                    
                    BASELINE="2051 683 3061 654" 
                    HPOS="2043"
                    VPOS="570"
                    WIDTH="1018"
                    HEIGHT="150">
            <Shape><Polygon POINTS="2051 683 2043 612 2618 570 2623 570 3052 583 3061 654 3056 691 2051 720"/></Shape>
	    <String CONTENT="gna : &amp; de Venere secunda : &amp; de"
                    HPOS="2043"
                    VPOS="570"
                    WIDTH="1018"
                    HEIGHT="150"></String>
          </TextLine>

          
          
          <TextLine ID="eSc_line_b6a46e1b"
                    
                    BASELINE="2055 762 2289 762" 
                    HPOS="2051"
                    VPOS="695"
                    WIDTH="238"
                    HEIGHT="88">
            <Shape><Polygon POINTS="2055 762 2051 704 2285 695 2289 762 2289 779 2055 783"/></Shape>
	    <String CONTENT="Toxio."
                    HPOS="2051"
                    VPOS="695"
                    WIDTH="238"
                    HEIGHT="88"></String>
          </TextLine>

          
          
          <TextLine ID="eSc_line_ec896673"
                    
                    BASELINE="2051 850 3086 820" 
                    HPOS="2039"
                    VPOS="737"
                    WIDTH="1047"
                    HEIGHT="138">
            <Shape><Polygon POINTS="2051 850 2039 762 3073 737 3086 820 3081 841 2051 875"/></Shape>
	    <String CONTENT="De Opi prima Cęli filia &amp; Saturni"
                    HPOS="2039"
                    VPOS="737"
                    WIDTH="1047"
                    HEIGHT="138"></String>
          </TextLine>

          
          
          <TextLine ID="eSc_line_ae57eaa6"
                    
                    BASELINE="2055 929 2335 920" 
                    HPOS="2051"
                    VPOS="854"
                    WIDTH="284"
                    HEIGHT="91">
            <Shape><Polygon POINTS="2055 929 2051 854 2327 858 2335 920 2335 937 2055 945"/></Shape>
	    <String CONTENT="coniuge."
                    HPOS="2051"
                    VPOS="854"
                    WIDTH="284"
                    HEIGHT="91"></String>
          </TextLine>

          
          
          <TextLine ID="eSc_line_8bf2d0e8"
                    
                    BASELINE="2055 1012 3090 983" 
                    HPOS="2047"
                    VPOS="895"
                    WIDTH="1043"
                    HEIGHT="138">
            <Shape><Polygon POINTS="2055 1012 2047 937 3077 895 3090 983 3086 1004 2055 1033"/></Shape>
	    <String CONTENT="De Theti magna cęli secunda filia"
                    HPOS="2047"
                    VPOS="895"
                    WIDTH="1043"
                    HEIGHT="138"></String>
          </TextLine>

          
          
          <TextLine ID="eSc_line_e8a13ec8"
                    
                    BASELINE="2060 1095 2623 1083" 
                    HPOS="2051"
                    VPOS="1008"
                    WIDTH="572"
                    HEIGHT="117">
            <Shape><Polygon POINTS="2060 1095 2051 1025 2610 1008 2623 1083 2618 1104 2060 1125"/></Shape>
	    <String CONTENT="&amp; Oceani coniuge."
                    HPOS="2051"
                    VPOS="1008"
                    WIDTH="572"
                    HEIGHT="117"></String>
          </TextLine>

          
          
          <TextLine ID="eSc_line_7185613e"
                    
                    BASELINE="2060 1179 3081 1145" 
                    HPOS="2043"
                    VPOS="1062"
                    WIDTH="1038"
                    HEIGHT="142">
            <Shape><Polygon POINTS="2060 1179 2043 1108 2076 1083 2076 1083 2080 1083 2080 1083 2085 1083 2085 1083 2085 1083 2089 1083 2089 1083 2089 1083 2168 1100 2201 1079 2206 1079 2206 1079 2206 1079 2210 1079 2210 1079 2214 1079 2214 1079 2214 1079 2310 1095 2714 1062 2719 1062 3073 1070 3081 1145 3081 1166 2060 1204"/></Shape>
	    <String CONTENT="De Cerete prima Cęli tertia filia"
                    HPOS="2043"
                    VPOS="1062"
                    WIDTH="1038"
                    HEIGHT="142"></String>
          </TextLine>

          
          
          <TextLine ID="eSc_line_0a4d7635"
                    
                    BASELINE="2068 1262 2806 1241" 
                    HPOS="2060"
                    VPOS="1175"
                    WIDTH="746"
                    HEIGHT="104">
            <Shape><Polygon POINTS="2068 1262 2060 1191 2794 1175 2806 1241 2806 1262 2068 1279"/></Shape>
	    <String CONTENT="quę peperit acherontem."
                    HPOS="2060"
                    VPOS="1175"
                    WIDTH="746"
                    HEIGHT="104"></String>
          </TextLine>

          
          
          <TextLine ID="eSc_line_0d871ff2"
                    
                    BASELINE="2072 1345 3098 1312" 
                    HPOS="2064"
                    VPOS="1225"
                    WIDTH="1034"
                    HEIGHT="141">
            <Shape><Polygon POINTS="2072 1345 2064 1258 3086 1225 3098 1312 3098 1337 2072 1366"/></Shape>
	    <String CONTENT="De acheronte infernali fluuio Cere"
                    HPOS="2064"
                    VPOS="1225"
                    WIDTH="1034"
                    HEIGHT="141"></String>
          </TextLine>

          
          
          <TextLine ID="eSc_line_33f7406c"
                    
                    BASELINE="2072 1425 3098 1400" 
                    HPOS="2064"
                    VPOS="1312"
                    WIDTH="1034"
                    HEIGHT="142">
            <Shape><Polygon POINTS="2072 1425 2064 1354 2748 1312 2752 1312 3090 1325 3098 1400 3098 1416 2072 1454"/></Shape>
	    <String CONTENT="ris filio:qui genuit sex filios scilicet"
                    HPOS="2064"
                    VPOS="1312"
                    WIDTH="1034"
                    HEIGHT="142"></String>
          </TextLine>

          
          
          <TextLine ID="eSc_line_ee2acf77"
                    
                    BASELINE="2072 1512 3098 1483" 
                    HPOS="2064"
                    VPOS="1395"
                    WIDTH="1034"
                    HEIGHT="146">
            <Shape><Polygon POINTS="2072 1512 2064 1441 3086 1395 3098 1483 3094 1500 2072 1541"/></Shape>
	    <String CONTENT="Alecto.Thesiphone &amp; Megeram"
                    HPOS="2064"
                    VPOS="1395"
                    WIDTH="1034"
                    HEIGHT="146"></String>
          </TextLine>

          
          
          <TextLine ID="eSc_line_2bee9f70"
                    
                    BASELINE="2080 1587 3081 1570" 
                    HPOS="2072"
                    VPOS="1479"
                    WIDTH="1009"
                    HEIGHT="125">
            <Shape><Polygon POINTS="2080 1587 2072 1512 3069 1479 3081 1570 3077 1587 2080 1604"/></Shape>
	    <String CONTENT="Victoriam.Aschalaphũ &amp; Stygẽ."
                    HPOS="2072"
                    VPOS="1479"
                    WIDTH="1009"
                    HEIGHT="125"></String>
          </TextLine>

          
          
          <TextLine ID="eSc_line_7f9fe762"
                    
                    BASELINE="2076 1675 3106 1654" 
                    HPOS="2068"
                    VPOS="1579"
                    WIDTH="1038"
                    HEIGHT="116">
            <Shape><Polygon POINTS="2076 1675 2068 1587 3094 1579 3106 1654 3102 1670 2076 1695"/></Shape>
	    <String CONTENT="De furiis filiabus Acherontis in ge"
                    HPOS="2068"
                    VPOS="1579"
                    WIDTH="1038"
                    HEIGHT="116"></String>
          </TextLine>

          
          
          <TextLine ID="eSc_line_098b3b0b"
                    
                    BASELINE="2080 1758 2306 1750" 
                    HPOS="2072"
                    VPOS="1679"
                    WIDTH="234"
                    HEIGHT="100">
            <Shape><Polygon POINTS="2080 1758 2072 1687 2293 1679 2306 1750 2306 1762 2080 1779"/></Shape>
	    <String CONTENT="nerali."
                    HPOS="2072"
                    VPOS="1679"
                    WIDTH="234"
                    HEIGHT="100"></String>
          </TextLine>

          
          
          <TextLine ID="eSc_line_29af1cac"
                    
                    BASELINE="2085 1837 3065 1812" 
                    HPOS="2076"
                    VPOS="1729"
                    WIDTH="989"
                    HEIGHT="129">
            <Shape><Polygon POINTS="2085 1837 2076 1758 3052 1729 3065 1812 3065 1833 2085 1858"/></Shape>
	    <String CONTENT="De Alecto acherontis pͥma filia."
                    HPOS="2076"
                    VPOS="1729"
                    WIDTH="989"
                    HEIGHT="129"></String>
          </TextLine>

          
          
          <TextLine ID="eSc_line_7bebe62c"
                    
                    BASELINE="2089 1925 3111 1895" 
                    HPOS="2080"
                    VPOS="1804"
                    WIDTH="1031"
                    HEIGHT="146">
            <Shape><Polygon POINTS="2089 1925 2080 1845 3098 1804 3111 1895 3106 1916 2089 1950"/></Shape>
	    <String CONTENT="De Thesiphone furia Acherontis"
                    HPOS="2080"
                    VPOS="1804"
                    WIDTH="1031"
                    HEIGHT="146"></String>
          </TextLine>

          
          
          <TextLine ID="eSc_line_adf6dd89"
                    
                    BASELINE="2085 2004 2502 1995" 
                    HPOS="2076"
                    VPOS="1908"
                    WIDTH="426"
                    HEIGHT="112">
            <Shape><Polygon POINTS="2085 2004 2076 1933 2285 1908 2285 1908 2289 1908 2493 1929 2502 1995 2498 2012 2085 2020"/></Shape>
	    <String CONTENT="secunda filia."
                    HPOS="2076"
                    VPOS="1908"
                    WIDTH="426"
                    HEIGHT="112"></String>
          </TextLine>

          
          
          <TextLine ID="eSc_line_ec5e70b1"
                    
                    BASELINE="2089 2087 3115 2058" 
                    HPOS="2080"
                    VPOS="1975"
                    WIDTH="1035"
                    HEIGHT="137">
            <Shape><Polygon POINTS="2089 2087 2080 1991 3102 1975 3115 2058 3115 2083 2089 2112"/></Shape>
	    <String CONTENT="De Megera furia tertia Acheron&#39;"
                    HPOS="2080"
                    VPOS="1975"
                    WIDTH="1035"
                    HEIGHT="137"></String>
          </TextLine>

          
          
          <TextLine ID="eSc_line_be244593"
                    
                    BASELINE="2089 2170 2347 2170" 
                    HPOS="2085"
                    VPOS="2079"
                    WIDTH="262"
                    HEIGHT="112">
            <Shape><Polygon POINTS="2089 2170 2085 2104 2201 2079 2201 2079 2201 2079 2206 2079 2206 2079 2347 2104 2347 2170 2347 2191 2089 2191"/></Shape>
	    <String CONTENT="tis filia."
                    HPOS="2085"
                    VPOS="2079"
                    WIDTH="262"
                    HEIGHT="112"></String>
          </TextLine>

          
          
          <TextLine ID="eSc_line_5f610f9e"
                    
                    BASELINE="2097 2254 3044 2225" 
                    HPOS="2089"
                    VPOS="2150"
                    WIDTH="955"
                    HEIGHT="129">
            <Shape><Polygon POINTS="2097 2254 2089 2179 3031 2150 3044 2225 3044 2254 2097 2279"/></Shape>
	    <String CONTENT="De uictoria.iiii.acherontis filia."
                    HPOS="2089"
                    VPOS="2150"
                    WIDTH="955"
                    HEIGHT="129"></String>
          </TextLine>

          
          
          <TextLine ID="eSc_line_81fdb17d"
                    
                    BASELINE="2093 2337 2852 2316" 
                    HPOS="2080"
                    VPOS="2241"
                    WIDTH="772"
                    HEIGHT="113">
            <Shape><Polygon POINTS="2093 2337 2080 2262 2839 2241 2852 2316 2848 2333 2093 2354"/></Shape>
	    <String CONTENT="De honore uictorię filio."
                    HPOS="2080"
                    VPOS="2241"
                    WIDTH="772"
                    HEIGHT="113"></String>
          </TextLine>

          
          
          <TextLine ID="eSc_line_4efa1d44"
                    
                    BASELINE="2101 2416 2898 2395" 
                    HPOS="2093"
                    VPOS="2325"
                    WIDTH="805"
                    HEIGHT="116">
            <Shape><Polygon POINTS="2101 2416 2093 2337 2885 2325 2898 2395 2898 2420 2101 2441"/></Shape>
	    <String CONTENT="De maiestate honoris filia."
                    HPOS="2093"
                    VPOS="2325"
                    WIDTH="805"
                    HEIGHT="116"></String>
          </TextLine>

          
          
          <TextLine ID="eSc_line_08ba7f45"
                    
                    BASELINE="2101 2500 3115 2475" 
                    HPOS="2093"
                    VPOS="2387"
                    WIDTH="1022"
                    HEIGHT="138">
            <Shape><Polygon POINTS="2101 2500 2093 2412 3102 2387 3115 2475 3115 2495 2101 2525"/></Shape>
	    <String CONTENT="De Aschalapho quinto Acheron&#39;"
                    HPOS="2093"
                    VPOS="2387"
                    WIDTH="1022"
                    HEIGHT="138"></String>
          </TextLine>

          
          
          <TextLine ID="eSc_line_f4f54c13"
                    
                    BASELINE="2101 2575 2364 2575" 
                    HPOS="2097"
                    VPOS="2504"
                    WIDTH="267"
                    HEIGHT="104">
            <Shape><Polygon POINTS="2101 2575 2097 2508 2360 2504 2364 2575 2364 2604 2101 2608"/></Shape>
	    <String CONTENT="tis filio."
                    HPOS="2097"
                    VPOS="2504"
                    WIDTH="267"
                    HEIGHT="104"></String>
          </TextLine>

          
          
          <TextLine ID="eSc_line_5b844f3c"
                    
                    BASELINE="2106 2666 3123 2650" 
                    HPOS="2097"
                    VPOS="2562"
                    WIDTH="1026"
                    HEIGHT="121">
            <Shape><Polygon POINTS="2106 2666 2097 2583 3111 2562 3123 2650 3123 2675 2106 2683"/></Shape>
	    <String CONTENT="De Styge Acherõtis sexta filia:quę"
                    HPOS="2097"
                    VPOS="2562"
                    WIDTH="1026"
                    HEIGHT="121"></String>
          </TextLine>

          
          
          <TextLine ID="eSc_line_036c5b98"
                    
                    BASELINE="2110 2741 2673 2733" 
                    HPOS="2101"
                    VPOS="2666"
                    WIDTH="572"
                    HEIGHT="109">
            <Shape><Polygon POINTS="2110 2741 2101 2670 2660 2666 2673 2733 2669 2750 2110 2775"/></Shape>
	    <String CONTENT="peperit Cocitum."
                    HPOS="2101"
                    VPOS="2666"
                    WIDTH="572"
                    HEIGHT="109"></String>
          </TextLine>

          
          
          <TextLine ID="eSc_line_25446a40"
                    
                    BASELINE="2118 2829 3127 2804" 
                    HPOS="2110"
                    VPOS="2720"
                    WIDTH="1017"
                    HEIGHT="134">
            <Shape><Polygon POINTS="2118 2829 2110 2750 3115 2720 3127 2804 3127 2825 2118 2854"/></Shape>
	    <String CONTENT="De Cocito infernali fluuio Stygis"
                    HPOS="2110"
                    VPOS="2720"
                    WIDTH="1017"
                    HEIGHT="134"></String>
          </TextLine>

          
          
          <TextLine ID="eSc_line_c822c5bc"
                    
                    BASELINE="2118 2908 2973 2887" 
                    HPOS="2110"
                    VPOS="2812"
                    WIDTH="863"
                    HEIGHT="129">
            <Shape><Polygon POINTS="2118 2908 2110 2841 2960 2812 2973 2887 2973 2908 2118 2941"/></Shape>
	    <String CONTENT="filio:qui genuit flegetontem."
                    HPOS="2110"
                    VPOS="2812"
                    WIDTH="863"
                    HEIGHT="129"></String>
          </TextLine>

          
          
          <TextLine ID="eSc_line_6c3cbcc9"
                    
                    BASELINE="2122 2991 3131 2975" 
                    HPOS="2114"
                    VPOS="2883"
                    WIDTH="1017"
                    HEIGHT="133">
            <Shape><Polygon POINTS="2122 2991 2114 2916 3119 2883 3131 2975 3131 2991 2122 3016"/></Shape>
	    <String CONTENT="De flegetonte fluuio infernali Co."
                    HPOS="2114"
                    VPOS="2883"
                    WIDTH="1017"
                    HEIGHT="133"></String>
          </TextLine>

          
          
          <TextLine ID="eSc_line_ab44e8f0"
                    
                    BASELINE="2118 3070 2944 3054" 
                    HPOS="2110"
                    VPOS="2987"
                    WIDTH="834"
                    HEIGHT="104">
            <Shape><Polygon POINTS="2118 3070 2110 3004 2931 2987 2944 3054 2940 3087 2118 3091"/></Shape>
	    <String CONTENT="citi filio:qui genuit lethem."
                    HPOS="2110"
                    VPOS="2987"
                    WIDTH="834"
                    HEIGHT="104"></String>
          </TextLine>

          
          
          <TextLine ID="eSc_line_916f2b26"
                    
                    BASELINE="2122 3150 3136 3137" 
                    HPOS="2114"
                    VPOS="3066"
                    WIDTH="1022"
                    HEIGHT="109">
            <Shape><Polygon POINTS="2122 3150 2114 3070 3123 3066 3136 3137 3131 3166 2122 3175"/></Shape>
	    <String CONTENT="De Lethe fluuio infernali flegeton"
                    HPOS="2114"
                    VPOS="3066"
                    WIDTH="1022"
                    HEIGHT="109"></String>
          </TextLine>

          
          
          <TextLine ID="eSc_line_0d7818e2"
                    
                    BASELINE="2122 3237 2385 3237" 
                    HPOS="2118"
                    VPOS="3154"
                    WIDTH="267"
                    HEIGHT="108">
            <Shape><Polygon POINTS="2122 3237 2118 3158 2381 3154 2385 3237 2385 3258 2122 3262"/></Shape>
	    <String CONTENT="tis filio."
                    HPOS="2118"
                    VPOS="3154"
                    WIDTH="267"
                    HEIGHT="108"></String>
          </TextLine>

          
          
          <TextLine ID="eSc_line_d44ea44e"
                    
                    BASELINE="2126 3320 3136 3295" 
                    HPOS="2118"
                    VPOS="3212"
                    WIDTH="1018"
                    HEIGHT="138">
            <Shape><Polygon POINTS="2126 3320 2118 3241 3123 3212 3136 3295 3136 3325 2126 3350"/></Shape>
	    <String CONTENT="De Vulcano primo cęli filio quar&#39;"
                    HPOS="2118"
                    VPOS="3212"
                    WIDTH="1018"
                    HEIGHT="138"></String>
          </TextLine>

          
          
          <TextLine ID="eSc_line_94bc85f3"
                    
                    BASELINE="2131 3404 2869 3387" 
                    HPOS="2122"
                    VPOS="3320"
                    WIDTH="747"
                    HEIGHT="113">
            <Shape><Polygon POINTS="2131 3404 2122 3325 2856 3320 2869 3387 2865 3416 2131 3433"/></Shape>
	    <String CONTENT="to:qui genuit apollinem."
                    HPOS="2122"
                    VPOS="3320"
                    WIDTH="747"
                    HEIGHT="113"></String>
          </TextLine>

          
          
          <TextLine ID="eSc_line_20e98d13"
                    
                    BASELINE="2131 3483 3061 3470" 
                    HPOS="2122"
                    VPOS="3400"
                    WIDTH="939"
                    HEIGHT="112">
            <Shape><Polygon POINTS="2131 3483 2122 3404 3048 3400 3061 3470 3056 3487 2131 3512"/></Shape>
	    <String CONTENT="De apolline primi uulcani filio."
                    HPOS="2122"
                    VPOS="3400"
                    WIDTH="939"
                    HEIGHT="112"></String>
          </TextLine>

          
          
          <TextLine ID="eSc_line_9b98ec76"
                    
                    BASELINE="2131 3566 3023 3554" 
                    HPOS="2122"
                    VPOS="3479"
                    WIDTH="901"
                    HEIGHT="112">
            <Shape><Polygon POINTS="2131 3566 2122 3491 3010 3479 3023 3554 3019 3575 2131 3591"/></Shape>
	    <String CONTENT="De Mercurio quinto cęli filio."
                    HPOS="2122"
                    VPOS="3479"
                    WIDTH="901"
                    HEIGHT="112"></String>
          </TextLine>

          
          
          <TextLine ID="eSc_line_bf97e4cc"
                    
                    BASELINE="2131 3650 3136 3629" 
                    HPOS="2122"
                    VPOS="3554"
                    WIDTH="1014"
                    HEIGHT="125">
            <Shape><Polygon POINTS="2131 3650 2122 3579 3123 3554 3136 3629 3131 3654 2131 3679"/></Shape>
	    <String CONTENT="De hermofrodito mercurii &amp; Ve&#39;"
                    HPOS="2122"
                    VPOS="3554"
                    WIDTH="1014"
                    HEIGHT="125"></String>
          </TextLine>

          
          
          <TextLine ID="eSc_line_4ba31682"
                    
                    BASELINE="2131 3729 2464 3729" 
                    HPOS="2131"
                    VPOS="3654"
                    WIDTH="333"
                    HEIGHT="100">
            <Shape><Polygon POINTS="2131 3729 2131 3654 2464 3654 2464 3729 2464 3750 2131 3754"/></Shape>
	    <String CONTENT="neris filio."
                    HPOS="2131"
                    VPOS="3654"
                    WIDTH="333"
                    HEIGHT="100"></String>
          </TextLine>

          
          
          <TextLine ID="eSc_line_ef4c9ad9"
                    
                    BASELINE="2139 3816 3106 3800" 
                    HPOS="2118"
                    VPOS="3720"
                    WIDTH="988"
                    HEIGHT="125">
            <Shape><Polygon POINTS="2139 3816 2118 3750 2135 3725 2135 3725 2139 3725 2139 3720 2139 3720 2143 3720 2143 3720 2143 3720 2147 3720 2147 3720 2151 3720 3098 3725 3106 3800 3102 3833 2139 3845"/></Shape>
	    <String CONTENT="De uenere magna sexta cęli filia."
                    HPOS="2118"
                    VPOS="3720"
                    WIDTH="988"
                    HEIGHT="125"></String>
          </TextLine>

          
          
          <TextLine ID="eSc_line_d9956bfe"
                    
                    BASELINE="2135 3900 3140 3883" 
                    HPOS="2126"
                    VPOS="3791"
                    WIDTH="1014"
                    HEIGHT="184">
            <Shape><Polygon POINTS="2135 3900 2126 3820 2898 3791 2902 3791 3131 3812 3140 3883 3136 3937 2856 3962 2852 3962 2852 3962 2852 3962 2848 3962 2848 3962 2848 3962 2844 3962 2844 3962 2844 3958 2835 3950 2819 3933 2635 3933 2481 3962 2456 3966 2456 3966 2456 3966 2452 3966 2452 3966 2431 3966 2277 3941 2139 3975"/></Shape>
	    <String CONTENT="De secunda Venere Cęli septima"
                    HPOS="2126"
                    VPOS="3791"
                    WIDTH="1014"
                    HEIGHT="184"></String>
          </TextLine>

          
        </TextBlock>
        
        <TextBlock HPOS="817"
                   VPOS="1363"
                   WIDTH="1163"
                   HEIGHT="2549"
                   ID="eSc_textblock_854dc374"
                   TAGREFS="BT2">
          <Shape><Polygon POINTS="1422 1363 1422 1365 1888 1363 1962 3428 1690 3428 1690 3483 1938 3483 1938 3904 1980 3904 1980 3912 917 3912 852 1683 817 1563 1011 1563 1011 1383 1399 1383 1399 1363"/></Shape>
          
        </TextBlock>
        
        <TextBlock HPOS="801"
                   VPOS="1347"
                   WIDTH="207"
                   HEIGHT="219"
                   ID="eSc_textblock_dc4b1a1f"
                   TAGREFS="BT2">
          <Shape><Polygon POINTS="801 1347 801 1566 1008 1566 1008 1347"/></Shape>
          
        </TextBlock>
        

        
        <TextBlock ID="eSc_dummyblock_">
          
          
          <TextLine ID="eSc_line_6ae68345"
                    
                    BASELINE="822 1556 993 1551" 
                    HPOS="809"
                    VPOS="1333"
                    WIDTH="183"
                    HEIGHT="237">
            <Shape><Polygon POINTS="821 1554 809 1358 980 1333 992 1550 984 1570 817 1566"/></Shape>
	    <String CONTENT="G"
                    HPOS="809"
                    VPOS="1333"
                    WIDTH="183"
                    HEIGHT="237"></String>
          </TextLine>

          
        </TextBlock>
        
      </PrintSpace>
    </Page>
  </Layout>
</alto>
