<?xml version="1.0" encoding="UTF-8"?>
<alto xmlns:xsi="http://www.w3.org/2001/XMLSchema-instance"
      xmlns="http://www.loc.gov/standards/alto/ns-v4#"
      xsi:schemaLocation="http://www.loc.gov/standards/alto/ns-v4# http://www.loc.gov/standards/alto/v4/alto-4-2.xsd">
  <Description>
    <MeasurementUnit>pixel</MeasurementUnit>
    <sourceImageInformation>
      <fileName>12_4869d_default.jpg</fileName>
      <fileIdentifier>https://mazarinum.bibliotheque-mazarine.fr/i/?IIIF=/af/0a/c2/41/af0ac241-0f82-4dc2-a6df-bb95b17c4e73/iiif/751063002_inc59_0013.tif/full/full/0/default.jpg</fileIdentifier>
    </sourceImageInformation>
  </Description>
  
  <Tags>
    <OtherTag ID="BT1" LABEL="Title" DESCRIPTION="block type Title"/><OtherTag ID="BT2" LABEL="Main" DESCRIPTION="block type Main"/><OtherTag ID="BT3" LABEL="Commentary" DESCRIPTION="block type Commentary"/><OtherTag ID="BT4" LABEL="Illustration" DESCRIPTION="block type Illustration"/><OtherTag ID="BT1467" LABEL="Page" DESCRIPTION="block type Page"/>
    <OtherTag ID="LT1" LABEL="Main" DESCRIPTION="line type Main"/><OtherTag ID="LT2" LABEL="Numbering" DESCRIPTION="line type Numbering"/><OtherTag ID="LT3" LABEL="Correction" DESCRIPTION="line type Correction"/><OtherTag ID="LT4" LABEL="Signature" DESCRIPTION="line type Signature"/>
  </Tags>
  
  <Layout>
    <Page WIDTH="3731"
          HEIGHT="5000"
          PHYSICAL_IMG_NR="4"
          ID="eSc_dummypage_">
      <PrintSpace HPOS="0"
                  VPOS="0"
                  WIDTH="3731"
                  HEIGHT="5000">
        
        <TextBlock HPOS="417"
                   VPOS="483"
                   WIDTH="1092"
                   HEIGHT="3446"
                   ID="eSc_textblock_0772759b"
                   TAGREFS="BT2">
          <Shape><Polygon POINTS="1196 500 1267 733 1499 764 1499 843 1496 862 1472 865 950 865 950 929 681 929 681 997 1324 997 1499 1030 1499 1267 787 1267 787 1272 702 1272 702 1314 718 1314 718 1346 1509 1346 1504 1742 1484 1742 1484 1779 1504 1779 1504 1784 702 1784 702 1837 1503 1837 1492 2803 1162 2803 1162 2872 1491 2872 1484 3495 1484 3479 1399 3479 1399 3542 1146 3542 1146 3605 1399 3605 1399 3616 1482 3616 1481 3716 950 3716 950 3774 1480 3774 1479 3879 1468 3883 1468 3880 834 3880 834 3915 433 3929 418 1414 512 1414 512 1335 418 1335 417 1156 628 1156 628 955 612 955 612 950 513 950 450 912 466 483"/></Shape>
          
          
          <TextLine ID="eSc_line_32e35bdf"
                    
                    BASELINE="450 550 1179 558" 
                    HPOS="441"
                    VPOS="395"
                    WIDTH="738"
                    HEIGHT="180">
            <Shape><Polygon POINTS="450 550 446 416 591 395 591 395 596 395 596 395 600 395 600 395 600 395 604 395 604 395 604 400 621 416 625 420 1175 420 1179 558 1171 575 441 566"/></Shape>
	    <String CONTENT="filia:matre cupidinis."
                    HPOS="441"
                    VPOS="395"
                    WIDTH="738"
                    HEIGHT="180"></String>
          </TextLine>

          
          
          <TextLine ID="eSc_line_63c69ee4"
                    
                    BASELINE="454 637 1242 650" 
                    HPOS="446"
                    VPOS="558"
                    WIDTH="796"
                    HEIGHT="117">
            <Shape><Polygon POINTS="454 637 454 558 1238 570 1242 650 1233 675 446 662"/></Shape>
	    <String CONTENT="De cupidine Veneris filio."
                    HPOS="446"
                    VPOS="558"
                    WIDTH="796"
                    HEIGHT="117"></String>
          </TextLine>

          
          
          <TextLine ID="eSc_line_2a840ec6"
                    
                    BASELINE="454 725 1246 733" 
                    HPOS="446"
                    VPOS="645"
                    WIDTH="800"
                    HEIGHT="109">
            <Shape><Polygon POINTS="454 725 454 645 1246 658 1246 733 1238 754 446 737"/></Shape>
	    <String CONTENT="De toxio cęli filio octauo."
                    HPOS="446"
                    VPOS="645"
                    WIDTH="800"
                    HEIGHT="109"></String>
          </TextLine>

          
          
          <TextLine ID="eSc_line_b9fee1a4"
                    
                    BASELINE="454 804 1492 820" 
                    HPOS="446"
                    VPOS="725"
                    WIDTH="1046"
                    HEIGHT="112">
            <Shape><Polygon POINTS="454 804 454 725 1492 725 1492 820 1484 837 446 820"/></Shape>
	    <String CONTENT="Genealogię deorum gentiliũ liber"
                    HPOS="446"
                    VPOS="725"
                    WIDTH="1046"
                    HEIGHT="112"></String>
          </TextLine>

          
          
          <TextLine ID="eSc_line_f69888a6"
                    
                    BASELINE="454 891 946 900" 
                    HPOS="446"
                    VPOS="816"
                    WIDTH="500"
                    HEIGHT="117">
            <Shape><Polygon POINTS="454 891 454 816 942 825 946 900 937 933 446 929"/></Shape>
	    <String CONTENT="tertius explicit."
                    HPOS="446"
                    VPOS="816"
                    WIDTH="500"
                    HEIGHT="117"></String>
          </TextLine>

          
          
          <TextLine ID="eSc_line_1d080f73"
                    
                    BASELINE="632 1074 1488 1070" 
                    HPOS="608"
                    VPOS="975"
                    WIDTH="876"
                    HEIGHT="112">
            <Shape><Polygon POINTS="629 1070 608 1008 629 979 633 979 633 975 637 975 641 975 646 975 1454 1000 1484 1066 1484 1087 629 1087"/></Shape>
	    <String CONTENT="Enealogię deorum gentilium"
                    HPOS="608"
                    VPOS="975"
                    WIDTH="876"
                    HEIGHT="112"></String>
          </TextLine>

          
          
          <TextLine ID="eSc_line_e53b6310"
                    
                    BASELINE="635 1145 1484 1158" 
                    HPOS="625"
                    VPOS="1054"
                    WIDTH="854"
                    HEIGHT="125">
            <Shape><Polygon POINTS="633 1141 633 1054 1475 1066 1479 1154 1471 1179 625 1170"/></Shape>
	    <String CONTENT="secundum Iohannẽ Boccatiũ"
                    HPOS="625"
                    VPOS="1054"
                    WIDTH="854"
                    HEIGHT="125"></String>
          </TextLine>

          
          
          <TextLine ID="eSc_line_22e3f12f"
                    
                    BASELINE="450 1225 1484 1245" 
                    HPOS="441"
                    VPOS="1141"
                    WIDTH="1043"
                    HEIGHT="142">
            <Shape><Polygon POINTS="450 1225 450 1141 1479 1162 1484 1245 1479 1262 1071 1283 1067 1283 441 1241"/></Shape>
	    <String CONTENT="se certaldo liver quartus incipit fe&#39;"
                    HPOS="441"
                    VPOS="1141"
                    WIDTH="1043"
                    HEIGHT="142"></String>
          </TextLine>

          
          
          <TextLine ID="eSc_line_a0ce6f74"
                    
                    BASELINE="446 1312 666 1304" 
                    HPOS="433"
                    VPOS="1233"
                    WIDTH="233"
                    HEIGHT="100">
            <Shape><Polygon POINTS="446 1312 433 1237 654 1233 666 1304 666 1329 446 1333"/></Shape>
	    <String CONTENT="liciter."
                    HPOS="433"
                    VPOS="1233"
                    WIDTH="233"
                    HEIGHT="100"></String>
          </TextLine>

          
          
          <TextLine ID="eSc_line_d1d4b668"
                    
                    BASELINE="529 1395 1479 1412" 
                    HPOS="521"
                    VPOS="1308"
                    WIDTH="958"
                    HEIGHT="125">
            <Shape><Polygon POINTS="529 1395 529 1308 1479 1329 1479 1412 1471 1433 521 1425"/></Shape>
	    <String CONTENT="N arbore autem signata desuꝑ"
                    HPOS="521"
                    VPOS="1308"
                    WIDTH="958"
                    HEIGHT="125"></String>
          </TextLine>

          
          
          <TextLine ID="eSc_line_bf908804"
                    
                    BASELINE="450 1475 1479 1495" 
                    HPOS="441"
                    VPOS="1395"
                    WIDTH="1038"
                    HEIGHT="117">
            <Shape><Polygon POINTS="450 1475 450 1395 1479 1412 1479 1495 1471 1512 441 1504"/></Shape>
	    <String CONTENT="ponitur in radice Cęlius eo ꝙ nõdũ"
                    HPOS="441"
                    VPOS="1395"
                    WIDTH="1038"
                    HEIGHT="117"></String>
          </TextLine>

          
          
          <TextLine ID="eSc_line_375c9e2b"
                    
                    BASELINE="450 1558 1479 1579" 
                    HPOS="441"
                    VPOS="1483"
                    WIDTH="1038"
                    HEIGHT="117">
            <Shape><Polygon POINTS="450 1558 450 1483 1475 1487 1479 1579 1471 1600 441 1575"/></Shape>
	    <String CONTENT="filii eius descripti sunt: sen in ea tã"
                    HPOS="441"
                    VPOS="1483"
                    WIDTH="1038"
                    HEIGHT="117"></String>
          </TextLine>

          
          
          <TextLine ID="eSc_line_b6640178"
                    
                    BASELINE="446 1641 1475 1662" 
                    HPOS="437"
                    VPOS="1558"
                    WIDTH="1038"
                    HEIGHT="121">
            <Shape><Polygon POINTS="446 1641 446 1558 1471 1587 1475 1662 1467 1679 437 1658"/></Shape>
	    <String CONTENT="in ramis ꝗᷓ frondibus omnis Tita&#39;"
                    HPOS="437"
                    VPOS="1558"
                    WIDTH="1038"
                    HEIGHT="121"></String>
          </TextLine>

          
          
          <TextLine ID="eSc_line_cf2aac7f"
                    
                    BASELINE="446 1725 1479 1750" 
                    HPOS="429"
                    VPOS="1654"
                    WIDTH="1050"
                    HEIGHT="129">
            <Shape><Polygon POINTS="446 1725 446 1654 1479 1658 1479 1750 1471 1783 754 1754 729 1754 479 1766 475 1766 475 1766 475 1766 471 1766 471 1766 471 1766 466 1766 429 1741"/></Shape>
	    <String CONTENT="nis progenies demonstratur. prohę"
                    HPOS="429"
                    VPOS="1654"
                    WIDTH="1050"
                    HEIGHT="129"></String>
          </TextLine>

          
          
          <TextLine ID="eSc_line_9b5b15b4"
                    
                    BASELINE="446 1812 679 1812" 
                    HPOS="446"
                    VPOS="1750"
                    WIDTH="233"
                    HEIGHT="83">
            <Shape><Polygon POINTS="446 1812 446 1750 679 1750 679 1812 679 1833 446 1833"/></Shape>
	    <String CONTENT="mium."
                    HPOS="446"
                    VPOS="1750"
                    WIDTH="233"
                    HEIGHT="83"></String>
          </TextLine>

          
          
          <TextLine ID="eSc_line_a797694e"
                    
                    BASELINE="441 1895 1471 1912" 
                    HPOS="433"
                    VPOS="1791"
                    WIDTH="1038"
                    HEIGHT="138">
            <Shape><Polygon POINTS="441 1895 441 1791 779 1820 921 1800 921 1800 925 1800 925 1800 925 1800 929 1800 929 1800 929 1800 933 1800 971 1825 1088 1804 1088 1804 1092 1804 1092 1804 1092 1804 1217 1829 1467 1808 1471 1912 1463 1929 433 1912"/></Shape>
	    <String CONTENT="De titano cęli filio.viii.qui genuit"
                    HPOS="433"
                    VPOS="1791"
                    WIDTH="1038"
                    HEIGHT="138"></String>
          </TextLine>

          
          
          <TextLine ID="eSc_line_4b63573b"
                    
                    BASELINE="441 1979 1471 2000" 
                    HPOS="433"
                    VPOS="1900"
                    WIDTH="1038"
                    HEIGHT="125">
            <Shape><Polygon POINTS="441 1979 441 1900 1467 1916 1471 2000 1463 2025 433 1991"/></Shape>
	    <String CONTENT="filios multos : ex quibus hic . xiiii."
                    HPOS="433"
                    VPOS="1900"
                    WIDTH="1038"
                    HEIGHT="125"></String>
          </TextLine>

          
          
          <TextLine ID="eSc_line_492c3b8b"
                    
                    BASELINE="441 2062 1475 2083" 
                    HPOS="433"
                    VPOS="1983"
                    WIDTH="1042"
                    HEIGHT="117">
            <Shape><Polygon POINTS="441 2062 441 1983 1471 2004 1475 2083 1467 2100 433 2079"/></Shape>
	    <String CONTENT="nominatur. Quorum primus ype"
                    HPOS="433"
                    VPOS="1983"
                    WIDTH="1042"
                    HEIGHT="117"></String>
          </TextLine>

          
          
          <TextLine ID="eSc_line_3f6b2978"
                    
                    BASELINE="441 2145 1471 2170" 
                    HPOS="433"
                    VPOS="2070"
                    WIDTH="1038"
                    HEIGHT="113">
            <Shape><Polygon POINTS="441 2145 441 2070 1467 2079 1471 2170 1463 2183 433 2158"/></Shape>
	    <String CONTENT="riun secũdus Briareus.tertius ceus"
                    HPOS="433"
                    VPOS="2070"
                    WIDTH="1038"
                    HEIGHT="113"></String>
          </TextLine>

          
          
          <TextLine ID="eSc_line_78ceb3ab"
                    
                    BASELINE="441 2229 1429 2245" 
                    HPOS="433"
                    VPOS="2158"
                    WIDTH="996"
                    HEIGHT="125">
            <Shape><Polygon POINTS="441 2229 441 2158 1425 2175 1429 2245 1425 2262 1183 2283 1179 2283 433 2245"/></Shape>
	    <String CONTENT="quartus thyphon uel thypheus.v."
                    HPOS="433"
                    VPOS="2158"
                    WIDTH="996"
                    HEIGHT="125"></String>
          </TextLine>

          
          
          <TextLine ID="eSc_line_3cb032e4"
                    
                    BASELINE="441 2316 1475 2337" 
                    HPOS="433"
                    VPOS="2220"
                    WIDTH="1042"
                    HEIGHT="130">
            <Shape><Polygon POINTS="441 2316 441 2220 1475 2241 1475 2337 1467 2350 433 2329"/></Shape>
	    <String CONTENT="Encheladus.vi.Egeõ.vii.aurora.viii"
                    HPOS="433"
                    VPOS="2220"
                    WIDTH="1042"
                    HEIGHT="130"></String>
          </TextLine>

          
          
          <TextLine ID="eSc_line_cf18d952"
                    
                    BASELINE="437 2395 1471 2420" 
                    HPOS="429"
                    VPOS="2300"
                    WIDTH="1042"
                    HEIGHT="137">
            <Shape><Polygon POINTS="437 2395 441 2300 521 2320 879 2316 1117 2316 1121 2316 1467 2345 1471 2420 1463 2437 429 2412"/></Shape>
	    <String CONTENT="Iapetus.ix.Atreus.x.Alous.xi.pa&#39;"
                    HPOS="429"
                    VPOS="2300"
                    WIDTH="1042"
                    HEIGHT="137"></String>
          </TextLine>

          
          
          <TextLine ID="eSc_line_53b0880b"
                    
                    BASELINE="437 2479 1454 2508" 
                    HPOS="429"
                    VPOS="2400"
                    WIDTH="1025"
                    HEIGHT="125">
            <Shape><Polygon POINTS="437 2479 437 2400 1450 2420 1454 2508 1446 2525 429 2504"/></Shape>
	    <String CONTENT="lenes.xii.Rancus.xiii.purpureus."
                    HPOS="429"
                    VPOS="2400"
                    WIDTH="1025"
                    HEIGHT="125"></String>
          </TextLine>

          
          
          <TextLine ID="eSc_line_53d9bf59"
                    
                    BASELINE="437 2566 1471 2591" 
                    HPOS="429"
                    VPOS="2491"
                    WIDTH="1042"
                    HEIGHT="129">
            <Shape><Polygon POINTS="437 2566 437 2491 1471 2516 1471 2591 1463 2620 429 2583"/></Shape>
	    <String CONTENT="xiiii.lycaon.Geniut pręterea gigan"
                    HPOS="429"
                    VPOS="2491"
                    WIDTH="1042"
                    HEIGHT="129"></String>
          </TextLine>

          
          
          <TextLine ID="eSc_line_c7e43db9"
                    
                    BASELINE="437 2645 1463 2670" 
                    HPOS="429"
                    VPOS="2575"
                    WIDTH="1034"
                    HEIGHT="112">
            <Shape><Polygon POINTS="437 2645 437 2575 1459 2595 1463 2670 1454 2687 429 2675"/></Shape>
	    <String CONTENT="tes:quorum nomina nõ habemus."
                    HPOS="429"
                    VPOS="2575"
                    WIDTH="1034"
                    HEIGHT="112"></String>
          </TextLine>

          
          
          <TextLine ID="eSc_line_b6210742"
                    
                    BASELINE="437 2733 1463 2762" 
                    HPOS="429"
                    VPOS="2645"
                    WIDTH="1034"
                    HEIGHT="142">
            <Shape><Polygon POINTS="437 2733 437 2645 1459 2679 1463 2762 1454 2787 429 2754"/></Shape>
	    <String CONTENT="De yperoine prĩo titanis filio.Qui"
                    HPOS="429"
                    VPOS="2645"
                    WIDTH="1034"
                    HEIGHT="142"></String>
          </TextLine>

          
          
          <TextLine ID="eSc_line_f4884577"
                    
                    BASELINE="437 2816 1138 2829" 
                    HPOS="429"
                    VPOS="2737"
                    WIDTH="709"
                    HEIGHT="113">
            <Shape><Polygon POINTS="437 2816 437 2737 1133 2741 1138 2829 1129 2850 429 2837"/></Shape>
	    <String CONTENT="genuit solem &amp; lunam."
                    HPOS="429"
                    VPOS="2737"
                    WIDTH="709"
                    HEIGHT="113"></String>
          </TextLine>

          
          
          <TextLine ID="eSc_line_0d538708"
                    
                    BASELINE="437 2900 1459 2920" 
                    HPOS="429"
                    VPOS="2825"
                    WIDTH="1030"
                    HEIGHT="129">
            <Shape><Polygon POINTS="437 2900 437 2825 1459 2845 1459 2920 1450 2954 429 2912"/></Shape>
	    <String CONTENT="De sole yperoinis filio. qui genuit"
                    HPOS="429"
                    VPOS="2825"
                    WIDTH="1030"
                    HEIGHT="129"></String>
          </TextLine>

          
          
          <TextLine ID="eSc_line_f4f6b9a8"
                    
                    BASELINE="433 2983 1463 3004" 
                    HPOS="425"
                    VPOS="2904"
                    WIDTH="1038"
                    HEIGHT="129">
            <Shape><Polygon POINTS="433 2983 433 2904 1463 2929 1463 3004 1454 3033 425 2995"/></Shape>
	    <String CONTENT="horas:quas loco uni⁹ filię pono.Et"
                    HPOS="425"
                    VPOS="2904"
                    WIDTH="1038"
                    HEIGHT="129"></String>
          </TextLine>

          
          
          <TextLine ID="eSc_line_dea0b9ec"
                    
                    BASELINE="433 3066 1463 3091" 
                    HPOS="425"
                    VPOS="2991"
                    WIDTH="1038"
                    HEIGHT="113">
            <Shape><Polygon POINTS="433 3066 433 2991 1459 3008 1463 3091 1454 3104 425 3079"/></Shape>
	    <String CONTENT="sic prima genuit Zonas:quas ęque"
                    HPOS="425"
                    VPOS="2991"
                    WIDTH="1038"
                    HEIGHT="113"></String>
          </TextLine>

          
          
          <TextLine ID="eSc_line_076d3b12"
                    
                    BASELINE="433 3150 1463 3175" 
                    HPOS="425"
                    VPOS="3070"
                    WIDTH="1038"
                    HEIGHT="117">
            <Shape><Polygon POINTS="433 3150 433 3070 1459 3083 1463 3175 1454 3187 425 3162"/></Shape>
	    <String CONTENT="loco unius filię scribo.&amp; sic secundã"
                    HPOS="425"
                    VPOS="3070"
                    WIDTH="1038"
                    HEIGHT="117"></String>
          </TextLine>

          
          
          <TextLine ID="eSc_line_dddcab28"
                    
                    BASELINE="433 3233 1463 3258" 
                    HPOS="425"
                    VPOS="3154"
                    WIDTH="1038"
                    HEIGHT="133">
            <Shape><Polygon POINTS="433 3233 433 3154 1459 3179 1463 3258 1454 3287 425 3245"/></Shape>
	    <String CONTENT="tertiam phetusam.iiii.Salempetii."
                    HPOS="425"
                    VPOS="3154"
                    WIDTH="1038"
                    HEIGHT="133"></String>
          </TextLine>

          
          
          <TextLine ID="eSc_line_6af7f340"
                    
                    BASELINE="433 3316 1467 3345" 
                    HPOS="425"
                    VPOS="3237"
                    WIDTH="1042"
                    HEIGHT="129">
            <Shape><Polygon POINTS="433 3316 433 3237 1463 3262 1467 3345 1459 3366 425 3329"/></Shape>
	    <String CONTENT="v.dyrcem.vi.miletum.vii.pasyphem"
                    HPOS="425"
                    VPOS="3237"
                    WIDTH="1042"
                    HEIGHT="129"></String>
          </TextLine>

          
          
          <TextLine ID="eSc_line_8775aba6"
                    
                    BASELINE="433 3400 1450 3429" 
                    HPOS="425"
                    VPOS="3325"
                    WIDTH="1025"
                    HEIGHT="129">
            <Shape><Polygon POINTS="433 3400 433 3325 1446 3354 1450 3429 1442 3454 425 3412"/></Shape>
	    <String CONTENT="viii.Oetam.ix.Circem.x.Angitiã."
                    HPOS="425"
                    VPOS="3325"
                    WIDTH="1025"
                    HEIGHT="129"></String>
          </TextLine>

          
          
          <TextLine ID="eSc_line_bb4ba26c"
                    
                    BASELINE="433 3483 1388 3516" 
                    HPOS="425"
                    VPOS="3400"
                    WIDTH="963"
                    HEIGHT="129">
            <Shape><Polygon POINTS="433 3483 433 3400 1388 3429 1388 3516 1379 3529 425 3495"/></Shape>
	    <String CONTENT="De horis filiabus solis &amp; cronis."
                    HPOS="425"
                    VPOS="3400"
                    WIDTH="963"
                    HEIGHT="129"></String>
          </TextLine>

          
          
          <TextLine ID="eSc_line_3a7c0985"
                    
                    BASELINE="429 3566 1133 3583" 
                    HPOS="421"
                    VPOS="3487"
                    WIDTH="712"
                    HEIGHT="117">
            <Shape><Polygon POINTS="429 3566 429 3487 1129 3500 1133 3583 1125 3604 421 3583"/></Shape>
	    <String CONTENT="De Eonis filiabus solis."
                    HPOS="421"
                    VPOS="3487"
                    WIDTH="712"
                    HEIGHT="117"></String>
          </TextLine>

          
          
          <TextLine ID="eSc_line_b7331a42"
                    
                    BASELINE="433 3650 1454 3683" 
                    HPOS="425"
                    VPOS="3562"
                    WIDTH="1029"
                    HEIGHT="138">
            <Shape><Polygon POINTS="433 3650 433 3562 1454 3579 1454 3683 1446 3700 425 3666"/></Shape>
	    <String CONTENT="De phetusa &amp; salempetii.iii.&amp;"
                    HPOS="425"
                    VPOS="3562"
                    WIDTH="1029"
                    HEIGHT="138"></String>
          </TextLine>

          
          
          <TextLine ID="eSc_line_afda6f44"
                    
                    BASELINE="433 3733 929 3741" 
                    HPOS="425"
                    VPOS="3658"
                    WIDTH="504"
                    HEIGHT="104">
            <Shape><Polygon POINTS="433 3733 433 3658 925 3666 929 3741 921 3762 425 3750"/></Shape>
	    <String CONTENT="iiii.filiabus solis."
                    HPOS="425"
                    VPOS="3658"
                    WIDTH="504"
                    HEIGHT="104"></String>
          </TextLine>

          
          
          <TextLine ID="eSc_line_40ea8622"
                    
                    BASELINE="433 3816 1463 3854" 
                    HPOS="425"
                    VPOS="3716"
                    WIDTH="1038"
                    HEIGHT="250">
            <Shape><Polygon POINTS="433 3816 433 3716 1183 3733 1183 3733 1183 3733 1188 3733 1188 3733 1188 3733 1192 3733 1192 3733 1192 3737 1208 3754 1213 3754 1217 3754 1288 3737 1288 3737 1288 3737 1292 3737 1292 3737 1463 3766 1463 3854 1450 3966 1146 3937 1008 3954 1008 3954 1004 3954 1004 3954 1004 3954 921 3933 917 3933 917 3933 917 3933 912 3933 912 3933 912 3929 883 3900 842 3858 425 3845"/></Shape>
	    <String CONTENT="De dyrce solis quinta filia &amp; lyci re"
                    HPOS="425"
                    VPOS="3716"
                    WIDTH="1038"
                    HEIGHT="250"></String>
          </TextLine>

          
          
          <TextLine ID="eSc_line_b70a09f1"
                    
                    BASELINE="437 3912 808 3912" 
                    HPOS="433"
                    VPOS="3820"
                    WIDTH="375"
                    HEIGHT="163">
            <Shape><Polygon POINTS="437 3912 437 3820 808 3841 808 3912 808 3983 679 3983 675 3979 675 3979 671 3979 671 3979 671 3979 666 3979 666 3979 662 3975 633 3954 546 3954 525 3966 516 3979 516 3979 516 3979 512 3979 512 3979 508 3979 508 3979 508 3979 504 3979 504 3979 504 3979 433 3962"/></Shape>
	    <String CONTENT="gis coniuge."
                    HPOS="433"
                    VPOS="3820"
                    WIDTH="375"
                    HEIGHT="163"></String>
          </TextLine>

          
        </TextBlock>
        
        <TextBlock HPOS="1684"
                   VPOS="500"
                   WIDTH="1113"
                   HEIGHT="3479"
                   ID="eSc_textblock_2542da67"
                   TAGREFS="BT2">
          <Shape><Polygon POINTS="2797 510 2795 633 2534 633 2534 681 2740 681 2740 792 2792 792 2791 859 2115 859 2115 934 2789 934 2785 1128 2285 1128 2285 1188 2780 1188 2780 1283 2162 1283 2162 1285 2119 1282 2115 1356 2764 1376 2764 1470 2493 1471 2485 1613 2775 1619 2780 1712 2089 1717 2092 1767 2287 1771 2330 1853 2430 1863 2455 1949 2772 1943 2771 2071 2387 2059 2391 2124 2765 2126 2765 2221 2277 2221 2277 2288 2764 2288 2764 2391 1944 2391 1944 2399 1924 2399 1924 2435 2764 2435 2763 2612 2732 2626 2732 2625 2451 2625 2451 2665 2463 2665 2463 2688 2476 2688 2476 2703 2582 2703 2582 2771 2588 2771 2547 2916 2547 2919 2492 2919 2492 3035 2513 3035 2513 3051 2747 3051 2747 3239 2530 3239 2530 3306 2747 3306 2747 3415 2154 3415 2154 3447 2747 3447 2747 3449 2732 3449 2732 3563 2080 3563 2080 3600 2083 3600 2083 3623 2289 3623 2289 3619 2716 3619 2716 3951 2725 3951 2697 3979 1684 3945 1734 500"/></Shape>
          
          
          <TextLine ID="eSc_line_8edc7d4f"
                    
                    BASELINE="1738 575 2772 595" 
                    HPOS="1730"
                    VPOS="425"
                    WIDTH="1042"
                    HEIGHT="187">
            <Shape><Polygon POINTS="1738 575 1738 425 2013 433 2013 433 2013 433 2017 433 2017 433 2017 433 2021 433 2021 433 2080 475 2109 450 2109 450 2113 450 2113 450 2113 450 2117 450 2117 450 2121 450 2121 450 2121 450 2126 450 2126 450 2126 450 2180 479 2305 458 2305 458 2309 458 2309 458 2309 458 2313 458 2397 483 2447 458 2447 458 2447 458 2451 458 2451 458 2455 458 2455 458 2709 487 2763 462 2772 595 2763 612 1730 604"/></Shape>
	    <String CONTENT="De Mileto solis sexto filio:qui ge&#39;"
                    HPOS="1730"
                    VPOS="425"
                    WIDTH="1042"
                    HEIGHT="187"></String>
          </TextLine>

          
          
          <TextLine ID="eSc_line_f5f88007"
                    
                    BASELINE="1742 658 2513 675" 
                    HPOS="1734"
                    VPOS="575"
                    WIDTH="779"
                    HEIGHT="116">
            <Shape><Polygon POINTS="1742 658 1742 575 2509 583 2513 675 2505 691 1734 670"/></Shape>
	    <String CONTENT="nuit caunum &amp; biblidem."
                    HPOS="1734"
                    VPOS="575"
                    WIDTH="779"
                    HEIGHT="116"></String>
          </TextLine>

          
          
          <TextLine ID="eSc_line_0e2551f7"
                    
                    BASELINE="1738 745 2730 758" 
                    HPOS="1730"
                    VPOS="662"
                    WIDTH="1000"
                    HEIGHT="121">
            <Shape><Polygon POINTS="1738 745 1738 662 2726 662 2730 758 2722 783 1730 762"/></Shape>
	    <String CONTENT="De cauno &amp; bilblide filiis Mileti."
                    HPOS="1730"
                    VPOS="662"
                    WIDTH="1000"
                    HEIGHT="121"></String>
          </TextLine>

          
          
          <TextLine ID="eSc_line_df8ccee3"
                    
                    BASELINE="1738 833 2784 845" 
                    HPOS="1730"
                    VPOS="745"
                    WIDTH="1054"
                    HEIGHT="125">
            <Shape><Polygon POINTS="1738 833 1738 745 2780 758 2784 845 2776 870 1730 866"/></Shape>
	    <String CONTENT="De pasyphe.vii.solia filia &amp; Mino&#39;"
                    HPOS="1730"
                    VPOS="745"
                    WIDTH="1054"
                    HEIGHT="125"></String>
          </TextLine>

          
          
          <TextLine ID="eSc_line_41b9b4e2"
                    
                    BASELINE="1734 916 2071 916" 
                    HPOS="1730"
                    VPOS="833"
                    WIDTH="341"
                    HEIGHT="112">
            <Shape><Polygon POINTS="1734 916 1730 841 2067 833 2071 916 2071 941 1734 945"/></Shape>
	    <String CONTENT="is coniuge."
                    HPOS="1730"
                    VPOS="833"
                    WIDTH="341"
                    HEIGHT="112"></String>
          </TextLine>

          
          
          <TextLine ID="eSc_line_cc9ed9a3"
                    
                    BASELINE="1734 1000 2776 1012" 
                    HPOS="1730"
                    VPOS="912"
                    WIDTH="1046"
                    HEIGHT="117">
            <Shape><Polygon POINTS="1734 1000 1734 912 2772 920 2776 1012 2772 1025 1730 1029"/></Shape>
	    <String CONTENT="De Oeta colchorũ rege:solis filio"
                    HPOS="1730"
                    VPOS="912"
                    WIDTH="1046"
                    HEIGHT="117"></String>
          </TextLine>

          
          
          <TextLine ID="eSc_line_45d7bf90"
                    
                    BASELINE="1738 1087 2776 1100" 
                    HPOS="1730"
                    VPOS="1000"
                    WIDTH="1046"
                    HEIGHT="116">
            <Shape><Polygon POINTS="1738 1087 1738 1000 2772 1000 2776 1100 2768 1116 1730 1108"/></Shape>
	    <String CONTENT="viii.qui gẽuit Medeam &amp; absyrthi"
                    HPOS="1730"
                    VPOS="1000"
                    WIDTH="1046"
                    HEIGHT="116"></String>
          </TextLine>

          
          
          <TextLine ID="eSc_line_a23340cb"
                    
                    BASELINE="1734 1170 2292 1170" 
                    HPOS="1730"
                    VPOS="1087"
                    WIDTH="562"
                    HEIGHT="113">
            <Shape><Polygon POINTS="1734 1170 1734 1087 2292 1095 2292 1170 2288 1200 1730 1191"/></Shape>
	    <String CONTENT="um&amp;Calciopem."
                    HPOS="1730"
                    VPOS="1087"
                    WIDTH="562"
                    HEIGHT="113"></String>
          </TextLine>

          
          
          <TextLine ID="eSc_line_dcb0d8d1"
                    
                    BASELINE="1730 1245 2772 1266" 
                    HPOS="1721"
                    VPOS="1166"
                    WIDTH="1051"
                    HEIGHT="121">
            <Shape><Polygon POINTS="1730 1245 1730 1166 2772 1170 2772 1266 2763 1287 1721 1270"/></Shape>
	    <String CONTENT="De Medea Oetę filia &amp; Iaso&#39;"
                    HPOS="1721"
                    VPOS="1166"
                    WIDTH="1051"
                    HEIGHT="121"></String>
          </TextLine>

          
          
          <TextLine ID="eSc_line_4f8aa855"
                    
                    BASELINE="1725 1333 2105 1341" 
                    HPOS="1717"
                    VPOS="1254"
                    WIDTH="388"
                    HEIGHT="104">
            <Shape><Polygon POINTS="1725 1333 1725 1254 2101 1262 2105 1341 2096 1358 1717 1350"/></Shape>
	    <String CONTENT="nis coniuge."
                    HPOS="1717"
                    VPOS="1254"
                    WIDTH="388"
                    HEIGHT="104"></String>
          </TextLine>

          
          
          <TextLine ID="eSc_line_00e075b3"
                    
                    BASELINE="1725 1416 2768 1433" 
                    HPOS="1717"
                    VPOS="1337"
                    WIDTH="1051"
                    HEIGHT="113">
            <Shape><Polygon POINTS="1725 1416 1725 1337 2768 1354 2768 1433 2759 1450 1717 1433"/></Shape>
	    <String CONTENT="De absyrthio &amp; calciope filiis oetę."
                    HPOS="1717"
                    VPOS="1337"
                    WIDTH="1051"
                    HEIGHT="113"></String>
          </TextLine>

          
          
          <TextLine ID="eSc_line_8704846e"
                    
                    BASELINE="1725 1500 2455 1516" 
                    HPOS="1717"
                    VPOS="1416"
                    WIDTH="738"
                    HEIGHT="117">
            <Shape><Polygon POINTS="1725 1500 1725 1416 2451 1425 2455 1516 2447 1533 1717 1516"/></Shape>
	    <String CONTENT="De Cyrce.solis.viiii.filia."
                    HPOS="1717"
                    VPOS="1416"
                    WIDTH="738"
                    HEIGHT="117"></String>
          </TextLine>

          
          
          <TextLine ID="eSc_line_b98ee867"
                    
                    BASELINE="1725 1587 2455 1600" 
                    HPOS="1717"
                    VPOS="1500"
                    WIDTH="738"
                    HEIGHT="112">
            <Shape><Polygon POINTS="1725 1587 1725 1500 2451 1512 2455 1600 2447 1612 1717 1604"/></Shape>
	    <String CONTENT="De Abgitia.x.solis filia."
                    HPOS="1717"
                    VPOS="1500"
                    WIDTH="738"
                    HEIGHT="112"></String>
          </TextLine>

          
          
          <TextLine ID="eSc_line_ab602e6e"
                    
                    BASELINE="1725 1670 2763 1687" 
                    HPOS="1717"
                    VPOS="1579"
                    WIDTH="1046"
                    HEIGHT="137">
            <Shape><Polygon POINTS="1725 1670 1725 1579 2763 1587 2763 1687 2755 1716 1717 1691"/></Shape>
	    <String CONTENT="De luna yperionis filia: quę peperit"
                    HPOS="1717"
                    VPOS="1579"
                    WIDTH="1046"
                    HEIGHT="137"></String>
          </TextLine>

          
          
          <TextLine ID="eSc_line_8ed4518d"
                    
                    BASELINE="1725 1758 2005 1758" 
                    HPOS="1721"
                    VPOS="1666"
                    WIDTH="284"
                    HEIGHT="117">
            <Shape><Polygon POINTS="1725 1758 1725 1666 2005 1687 2005 1758 2000 1783 1721 1779"/></Shape>
	    <String CONTENT="Rorem."
                    HPOS="1721"
                    VPOS="1666"
                    WIDTH="284"
                    HEIGHT="117"></String>
          </TextLine>

          
          
          <TextLine ID="eSc_line_1355f53a"
                    
                    BASELINE="1725 1833 2317 1845" 
                    HPOS="1717"
                    VPOS="1745"
                    WIDTH="600"
                    HEIGHT="117">
            <Shape><Polygon POINTS="1725 1833 1725 1745 2317 1766 2317 1845 2309 1862 1717 1854"/></Shape>
	    <String CONTENT="De Rore filio lunę."
                    HPOS="1717"
                    VPOS="1745"
                    WIDTH="600"
                    HEIGHT="117"></String>
          </TextLine>

          
          
          <TextLine ID="eSc_line_b7fdd4b8"
                    
                    BASELINE="1725 1916 2434 1933" 
                    HPOS="1717"
                    VPOS="1833"
                    WIDTH="717"
                    HEIGHT="117">
            <Shape><Polygon POINTS="1725 1916 1725 1833 2434 1841 2434 1933 2426 1950 1717 1933"/></Shape>
	    <String CONTENT="De briareo.titanis filio."
                    HPOS="1717"
                    VPOS="1833"
                    WIDTH="717"
                    HEIGHT="117"></String>
          </TextLine>

          
          
          <TextLine ID="eSc_line_736e61d9"
                    
                    BASELINE="1721 2000 2759 2029" 
                    HPOS="1713"
                    VPOS="1895"
                    WIDTH="1046"
                    HEIGHT="150">
            <Shape><Polygon POINTS="1721 2000 1721 1895 2042 1925 2755 1925 2759 2029 2751 2045 1713 2020"/></Shape>
	    <String CONTENT="De Ceo titanis.iii.filio: qui genuit"
                    HPOS="1713"
                    VPOS="1895"
                    WIDTH="1046"
                    HEIGHT="150"></String>
          </TextLine>

          
          
          <TextLine ID="eSc_line_8f97743f"
                    
                    BASELINE="1721 2083 2351 2104" 
                    HPOS="1713"
                    VPOS="1995"
                    WIDTH="638"
                    HEIGHT="134">
            <Shape><Polygon POINTS="1721 2083 1721 1995 2346 2033 2351 2104 2342 2129 1713 2100"/></Shape>
	    <String CONTENT="latonam &amp; asteriem."
                    HPOS="1713"
                    VPOS="1995"
                    WIDTH="638"
                    HEIGHT="134"></String>
          </TextLine>

          
          
          <TextLine ID="eSc_line_c15f9c2c"
                    
                    BASELINE="1717 2170 2751 2191" 
                    HPOS="1709"
                    VPOS="2075"
                    WIDTH="1042"
                    HEIGHT="150">
            <Shape><Polygon POINTS="1717 2170 1717 2075 2751 2095 2751 2191 2747 2220 2151 2225 2146 2225 1709 2191"/></Shape>
	    <String CONTENT="De latona cęli filia quę peꝑit apol&#39;"
                    HPOS="1709"
                    VPOS="2075"
                    WIDTH="1042"
                    HEIGHT="150"></String>
          </TextLine>

          
          
          <TextLine ID="eSc_line_a7e49366"
                    
                    BASELINE="1713 2250 2234 2266" 
                    HPOS="1705"
                    VPOS="2166"
                    WIDTH="529"
                    HEIGHT="117">
            <Shape><Polygon POINTS="1713 2250 1713 2166 2230 2195 2234 2266 2226 2283 1705 2266"/></Shape>
	    <String CONTENT="linem &amp; dianam."
                    HPOS="1705"
                    VPOS="2166"
                    WIDTH="529"
                    HEIGHT="117"></String>
          </TextLine>

          
          
          <TextLine ID="eSc_line_b0ae797b"
                    
                    BASELINE="1709 2341 2747 2354" 
                    HPOS="1700"
                    VPOS="2241"
                    WIDTH="1047"
                    HEIGHT="150">
            <Shape><Polygon POINTS="1709 2341 1709 2241 2059 2262 2367 2245 2384 2245 2388 2245 2388 2245 2388 2245 2392 2245 2392 2245 2392 2245 2392 2245 2397 2245 2397 2245 2397 2250 2417 2266 2738 2250 2747 2354 2738 2391 1700 2358"/></Shape>
	    <String CONTENT="De ASterie filia Cei &amp; matre her&#39;"
                    HPOS="1700"
                    VPOS="2241"
                    WIDTH="1047"
                    HEIGHT="150"></String>
          </TextLine>

          
          
          <TextLine ID="eSc_line_8b272f5c"
                    
                    BASELINE="1713 2425 1896 2425" 
                    HPOS="1713"
                    VPOS="2341"
                    WIDTH="183"
                    HEIGHT="104">
            <Shape><Polygon POINTS="1713 2425 1713 2341 1896 2341 1896 2425 1896 2445 1713 2445"/></Shape>
	    <String CONTENT="culis."
                    HPOS="1713"
                    VPOS="2341"
                    WIDTH="183"
                    HEIGHT="104"></String>
          </TextLine>

          
          
          <TextLine ID="eSc_line_17b16e7c"
                    
                    BASELINE="1713 2508 2751 2525" 
                    HPOS="1705"
                    VPOS="2408"
                    WIDTH="1046"
                    HEIGHT="133">
            <Shape><Polygon POINTS="1713 2508 1713 2408 2751 2437 2751 2525 2743 2541 1705 2525"/></Shape>
	    <String CONTENT="De Typhone seu typheo.iiii.titãis"
                    HPOS="1705"
                    VPOS="2408"
                    WIDTH="1046"
                    HEIGHT="133"></String>
          </TextLine>

          
          
          <TextLine ID="eSc_line_fbe6e619"
                    
                    BASELINE="1709 2587 2747 2616" 
                    HPOS="1700"
                    VPOS="2512"
                    WIDTH="1047"
                    HEIGHT="125">
            <Shape><Polygon POINTS="1709 2587 1709 2512 2743 2541 2747 2616 2738 2637 1700 2616"/></Shape>
	    <String CONTENT="filio:qui genuit aeos &amp; chimeram."
                    HPOS="1700"
                    VPOS="2512"
                    WIDTH="1047"
                    HEIGHT="125"></String>
          </TextLine>

          
          
          <TextLine ID="eSc_line_02eea68d"
                    
                    BASELINE="1709 2670 2447 2687" 
                    HPOS="1700"
                    VPOS="2591"
                    WIDTH="747"
                    HEIGHT="117">
            <Shape><Polygon POINTS="1709 2670 1709 2591 2442 2604 2447 2687 2438 2708 1700 2683"/></Shape>
	    <String CONTENT="De Aeo thyphonis filio."
                    HPOS="1700"
                    VPOS="2591"
                    WIDTH="747"
                    HEIGHT="117"></String>
          </TextLine>

          
          
          <TextLine ID="eSc_line_ab9e0409"
                    
                    BASELINE="1709 2754 2576 2770" 
                    HPOS="1700"
                    VPOS="2662"
                    WIDTH="876"
                    HEIGHT="129">
            <Shape><Polygon POINTS="1709 2754 1709 2662 2576 2679 2576 2770 2567 2791 1700 2770"/></Shape>
	    <String CONTENT="De chymera thyphonis filia."
                    HPOS="1700"
                    VPOS="2662"
                    WIDTH="876"
                    HEIGHT="129"></String>
          </TextLine>

          
          
          <TextLine ID="eSc_line_76452596"
                    
                    BASELINE="1709 2837 2563 2862" 
                    HPOS="1700"
                    VPOS="2741"
                    WIDTH="863"
                    HEIGHT="138">
            <Shape><Polygon POINTS="1709 2837 1709 2741 2559 2787 2563 2862 2555 2879 1700 2862"/></Shape>
	    <String CONTENT="De enchelado titanis.v.filio."
                    HPOS="1700"
                    VPOS="2741"
                    WIDTH="863"
                    HEIGHT="138"></String>
          </TextLine>

          
          
          <TextLine ID="eSc_line_aa4355bc"
                    
                    BASELINE="1709 2925 2497 2941" 
                    HPOS="1700"
                    VPOS="2833"
                    WIDTH="797"
                    HEIGHT="129">
            <Shape><Polygon POINTS="1709 2925 1709 2833 2492 2858 2497 2941 2488 2962 1700 2937"/></Shape>
	    <String CONTENT="De Egeone titanis.vi.filio."
                    HPOS="1700"
                    VPOS="2833"
                    WIDTH="797"
                    HEIGHT="129"></String>
          </TextLine>

          
          
          <TextLine ID="eSc_line_00ccd1e1"
                    
                    BASELINE="1709 3004 2476 3020" 
                    HPOS="1700"
                    VPOS="2916"
                    WIDTH="776"
                    HEIGHT="121">
            <Shape><Polygon POINTS="1709 3004 1709 2916 2472 2937 2476 3020 2467 3037 1700 3020"/></Shape>
	    <String CONTENT="De aurora.vii.titanis filia."
                    HPOS="1700"
                    VPOS="2916"
                    WIDTH="776"
                    HEIGHT="121"></String>
          </TextLine>

          
          
          <TextLine ID="eSc_line_75eec73c"
                    
                    BASELINE="1709 3087 2730 3116" 
                    HPOS="1700"
                    VPOS="2991"
                    WIDTH="1030"
                    HEIGHT="150">
            <Shape><Polygon POINTS="1709 3087 1709 2991 2730 3020 2730 3116 2722 3141 1700 3112"/></Shape>
	    <String CONTENT="De yapetho titanis.viii.filio ꝗ ge&#39;"
                    HPOS="1700"
                    VPOS="2991"
                    WIDTH="1030"
                    HEIGHT="150"></String>
          </TextLine>

          
          
          <TextLine ID="eSc_line_9e822f4c"
                    
                    BASELINE="1709 3170 2734 3204" 
                    HPOS="1700"
                    VPOS="3091"
                    WIDTH="1034"
                    HEIGHT="134">
            <Shape><Polygon POINTS="1709 3170 1709 3091 2734 3125 2734 3204 2726 3225 1700 3195"/></Shape>
	    <String CONTENT="nuit hesperum &amp; athlanthem &amp; epy"
                    HPOS="1700"
                    VPOS="3091"
                    WIDTH="1034"
                    HEIGHT="134"></String>
          </TextLine>

          
          
          <TextLine ID="eSc_line_01faad05"
                    
                    BASELINE="1700 3254 2522 3283" 
                    HPOS="1692"
                    VPOS="3179"
                    WIDTH="830"
                    HEIGHT="116">
            <Shape><Polygon POINTS="1700 3254 1700 3179 2517 3200 2522 3283 2513 3295 1692 3266"/></Shape>
	    <String CONTENT="metheum &amp; promotheum."
                    HPOS="1692"
                    VPOS="3179"
                    WIDTH="830"
                    HEIGHT="116"></String>
          </TextLine>

          
          
          <TextLine ID="eSc_line_bece0a40"
                    
                    BASELINE="1700 3341 2734 3370" 
                    HPOS="1692"
                    VPOS="3250"
                    WIDTH="1042"
                    HEIGHT="137">
            <Shape><Polygon POINTS="1700 3341 1700 3250 2734 3283 2734 3370 2726 3387 1692 3370"/></Shape>
	    <String CONTENT="De hespero iapeti filio: qui genuit"
                    HPOS="1692"
                    VPOS="3250"
                    WIDTH="1042"
                    HEIGHT="137"></String>
          </TextLine>

          
          
          <TextLine ID="eSc_line_578c8d75"
                    
                    BASELINE="1700 3425 2130 3433" 
                    HPOS="1692"
                    VPOS="3345"
                    WIDTH="438"
                    HEIGHT="105">
            <Shape><Polygon POINTS="1700 3425 1700 3345 2126 3354 2130 3433 2121 3450 1692 3441"/></Shape>
	    <String CONTENT="iii.hesperidas."
                    HPOS="1692"
                    VPOS="3345"
                    WIDTH="438"
                    HEIGHT="105"></String>
          </TextLine>

          
          
          <TextLine ID="eSc_line_0e9e2c45"
                    
                    BASELINE="1696 3512 2730 3537" 
                    HPOS="1688"
                    VPOS="3412"
                    WIDTH="1042"
                    HEIGHT="150">
            <Shape><Polygon POINTS="1696 3512 1696 3412 2730 3454 2730 3537 2722 3562 1688 3525"/></Shape>
	    <String CONTENT="De egle erethusa &amp; hespertusa filia"
                    HPOS="1688"
                    VPOS="3412"
                    WIDTH="1042"
                    HEIGHT="150"></String>
          </TextLine>

          
          
          <TextLine ID="eSc_line_dc7d460a"
                    
                    BASELINE="1696 3595 2067 3595" 
                    HPOS="1696"
                    VPOS="3504"
                    WIDTH="371"
                    HEIGHT="116">
            <Shape><Polygon POINTS="1696 3595 1696 3504 2067 3525 2067 3595 2067 3620 1696 3620"/></Shape>
	    <String CONTENT="bus hesperi."
                    HPOS="1696"
                    VPOS="3504"
                    WIDTH="371"
                    HEIGHT="116"></String>
          </TextLine>

          
          
          <TextLine ID="eSc_line_51dfb580"
                    
                    BASELINE="1696 3679 2726 3700" 
                    HPOS="1688"
                    VPOS="3583"
                    WIDTH="1038"
                    HEIGHT="146">
            <Shape><Polygon POINTS="1696 3679 1696 3583 2726 3612 2726 3700 2718 3729 1688 3700"/></Shape>
	    <String CONTENT="De Athlante.viiii.titanis filio: qui"
                    HPOS="1688"
                    VPOS="3583"
                    WIDTH="1038"
                    HEIGHT="146"></String>
          </TextLine>

          
          
          <TextLine ID="eSc_line_a7409302"
                    
                    BASELINE="1700 3766 2718 3791" 
                    HPOS="1692"
                    VPOS="3687"
                    WIDTH="1026"
                    HEIGHT="129">
            <Shape><Polygon POINTS="1700 3766 1700 3687 2713 3708 2718 3791 2709 3816 1692 3783"/></Shape>
	    <String CONTENT="genuit hyam &amp;.vii.hyades:quartum"
                    HPOS="1692"
                    VPOS="3687"
                    WIDTH="1026"
                    HEIGHT="129"></String>
          </TextLine>

          
          
          <TextLine ID="eSc_line_a23b6121"
                    
                    BASELINE="1696 3845 2713 3870" 
                    HPOS="1688"
                    VPOS="3766"
                    WIDTH="1025"
                    HEIGHT="121">
            <Shape><Polygon POINTS="1696 3845 1696 3766 2709 3795 2713 3870 2705 3887 1688 3862"/></Shape>
	    <String CONTENT="hęc sunt nomina Endora.Ambro&#39;"
                    HPOS="1688"
                    VPOS="3766"
                    WIDTH="1025"
                    HEIGHT="121"></String>
          </TextLine>

          
          
          <TextLine ID="eSc_line_bc8baf69"
                    
                    BASELINE="1692 3933 2722 3954" 
                    HPOS="1688"
                    VPOS="3858"
                    WIDTH="1034"
                    HEIGHT="154">
            <Shape><Polygon POINTS="1692 3933 1692 3858 2722 3870 2722 3954 2718 4012 1688 4012"/></Shape>
	    <String CONTENT="sia.Pyidile.crom.Phyto.Polixo.&amp;"
                    HPOS="1688"
                    VPOS="3858"
                    WIDTH="1034"
                    HEIGHT="154"></String>
          </TextLine>

          
        </TextBlock>
        
        <TextBlock HPOS="3171"
                   VPOS="139"
                   WIDTH="104"
                   HEIGHT="106"
                   ID="eSc_textblock_8e409774"
                   TAGREFS="BT1467">
          <Shape><Polygon POINTS="3264 150 3275 243 3184 245 3171 139"/></Shape>
          
        </TextBlock>
        
        <TextBlock HPOS="2788"
                   VPOS="1409"
                   WIDTH="4"
                   HEIGHT="60"
                   ID="eSc_textblock_4c200b17"
                   TAGREFS="BT">
          <Shape><Polygon POINTS="2788 1469 2788 1409 2792 1409 2792 1469"/></Shape>
          
        </TextBlock>
        
        <TextBlock HPOS="2730"
                   VPOS="1326"
                   WIDTH="55"
                   HEIGHT="4"
                   ID="eSc_textblock_c2baf5af"
                   TAGREFS="BT">
          <Shape><Polygon POINTS="2784 1330 2730 1326 2785 1326"/></Shape>
          
        </TextBlock>
        
        <TextBlock HPOS="408"
                   VPOS="930"
                   WIDTH="202"
                   HEIGHT="214"
                   ID="eSc_textblock_3437c6c6"
                   TAGREFS="BT2">
          <Shape><Polygon POINTS="408 930 408 1144 610 1144 610 946"/></Shape>
          
        </TextBlock>
        

        
        <TextBlock ID="eSc_dummyblock_">
          
          
          <TextLine ID="eSc_line_08f12f8c"
                    
                    BASELINE="404 1140 614 1148" 
                    HPOS="391"
                    VPOS="891"
                    WIDTH="225"
                    HEIGHT="275">
            <Shape><Polygon POINTS="400 1137 391 941 537 891 541 891 546 891 616 904 612 1145 608 1162 396 1166"/></Shape>
	    <String CONTENT="G"
                    HPOS="391"
                    VPOS="891"
                    WIDTH="225"
                    HEIGHT="275"></String>
          </TextLine>

          
          
          <TextLine ID="eSc_line_64ca2c53"
                    
                    BASELINE="3179 231 3258 236" 
                    HPOS="3168"
                    VPOS="70"
                    WIDTH="87"
                    HEIGHT="255">
            <Shape><Polygon POINTS="3176 229 3176 70 3255 83 3255 233 3251 320 3168 325"/></Shape>
	    <String CONTENT="3"
                    HPOS="3168"
                    VPOS="70"
                    WIDTH="87"
                    HEIGHT="255"></String>
          </TextLine>

          
        </TextBlock>
        
      </PrintSpace>
    </Page>
  </Layout>
</alto>
