<?xml version="1.0" encoding="UTF-8"?>
<alto xmlns:xsi="http://www.w3.org/2001/XMLSchema-instance"
      xmlns="http://www.loc.gov/standards/alto/ns-v4#"
      xsi:schemaLocation="http://www.loc.gov/standards/alto/ns-v4# http://www.loc.gov/standards/alto/v4/alto-4-2.xsd">
  <Description>
    <MeasurementUnit>pixel</MeasurementUnit>
    <sourceImageInformation>
      <fileName>13_39a32_default.jpg</fileName>
      <fileIdentifier>https://mazarinum.bibliotheque-mazarine.fr/i/?IIIF=/af/0a/c2/41/af0ac241-0f82-4dc2-a6df-bb95b17c4e73/iiif/751063002_inc59_0014.tif/full/full/0/default.jpg</fileIdentifier>
    </sourceImageInformation>
  </Description>
  
  <Tags>
    <OtherTag ID="BT1" LABEL="Title" DESCRIPTION="block type Title"/><OtherTag ID="BT2" LABEL="Main" DESCRIPTION="block type Main"/><OtherTag ID="BT3" LABEL="Commentary" DESCRIPTION="block type Commentary"/><OtherTag ID="BT4" LABEL="Illustration" DESCRIPTION="block type Illustration"/><OtherTag ID="BT1467" LABEL="Page" DESCRIPTION="block type Page"/>
    <OtherTag ID="LT1" LABEL="Main" DESCRIPTION="line type Main"/><OtherTag ID="LT2" LABEL="Numbering" DESCRIPTION="line type Numbering"/><OtherTag ID="LT3" LABEL="Correction" DESCRIPTION="line type Correction"/><OtherTag ID="LT4" LABEL="Signature" DESCRIPTION="line type Signature"/>
  </Tags>
  
  <Layout>
    <Page WIDTH="3599"
          HEIGHT="5000"
          PHYSICAL_IMG_NR="5"
          ID="eSc_dummypage_">
      <PrintSpace HPOS="0"
                  VPOS="0"
                  WIDTH="3599"
                  HEIGHT="5000">
        
        <TextBlock HPOS="803"
                   VPOS="537"
                   WIDTH="1177"
                   HEIGHT="3408"
                   ID="eSc_textblock_da0e8a83"
                   TAGREFS="BT2">
          <Shape><Polygon POINTS="1855 537 1864 929 1853 934 1124 934 1124 983 1625 983 1625 1038 1815 1038 1815 1112 1883 1112 1890 1240 1210 1240 1210 1307 1894 1307 1897 1362 1853 1399 1081 1399 1081 1485 1662 1485 1662 1643 1709 1643 1719 1735 1643 1735 1643 1821 1727 1821 1730 1845 1747 1856 1747 1949 1888 1949 1914 1966 1929 2090 1295 2090 1295 2114 1931 2114 1937 2242 1332 2242 1332 2297 1939 2297 1950 2549 1650 2549 1650 2691 1956 2691 1964 2874 1783 2874 1783 2924 1767 2924 1767 3224 1935 3224 1964 3250 1967 3366 1642 3366 1642 3524 1970 3524 1980 3929 967 3945 803 587 1584 550"/></Shape>
          
          
          <TextLine ID="eSc_line_8a63f54f"
                    
                    BASELINE="825 670 1834 625" 
                    HPOS="813"
                    VPOS="508"
                    WIDTH="1021"
                    HEIGHT="187">
            <Shape><Polygon POINTS="825 670 813 575 1255 570 1296 545 1351 520 1351 520 1351 520 1355 520 1355 520 1359 520 1359 520 1497 537 1530 537 1551 533 1622 508 1626 508 1626 508 1626 508 1630 508 1630 508 1630 508 1705 525 1784 541 1814 516 1834 625 1834 662 825 695"/></Shape>
	    <String CONTENT=""
                    HPOS="813"
                    VPOS="508"
                    WIDTH="1021"
                    HEIGHT="187"></String>
          </TextLine>

          
          
          <TextLine ID="eSc_line_7f96244f"
                    
                    BASELINE="834 754 1847 712" 
                    HPOS="825"
                    VPOS="645"
                    WIDTH="1022"
                    HEIGHT="130">
            <Shape><Polygon POINTS="834 754 825 679 1834 645 1847 712 1847 750 834 775"/></Shape>
	    <String CONTENT=""
                    HPOS="825"
                    VPOS="645"
                    WIDTH="1022"
                    HEIGHT="130"></String>
          </TextLine>

          
          
          <TextLine ID="eSc_line_048956b6"
                    
                    BASELINE="834 837 1847 795" 
                    HPOS="825"
                    VPOS="720"
                    WIDTH="1022"
                    HEIGHT="142">
            <Shape><Polygon POINTS="834 837 825 770 1834 720 1847 795 1843 829 834 862"/></Shape>
	    <String CONTENT=""
                    HPOS="825"
                    VPOS="720"
                    WIDTH="1022"
                    HEIGHT="142"></String>
          </TextLine>

          
          
          <TextLine ID="eSc_line_07cdc13a"
                    
                    BASELINE="834 916 1843 879" 
                    HPOS="825"
                    VPOS="800"
                    WIDTH="1018"
                    HEIGHT="145">
            <Shape><Polygon POINTS="834 916 825 850 1830 800 1843 879 1843 912 834 945"/></Shape>
	    <String CONTENT=""
                    HPOS="825"
                    VPOS="800"
                    WIDTH="1018"
                    HEIGHT="145"></String>
          </TextLine>

          
          
          <TextLine ID="eSc_line_6d858979"
                    
                    BASELINE="834 995 1063 995" 
                    HPOS="834"
                    VPOS="937"
                    WIDTH="229"
                    HEIGHT="88">
            <Shape><Polygon POINTS="834 995 834 937 1063 937 1063 995 1063 1012 834 1025"/></Shape>
	    <String CONTENT=""
                    HPOS="834"
                    VPOS="937"
                    WIDTH="229"
                    HEIGHT="88"></String>
          </TextLine>

          
          
          <TextLine ID="eSc_line_8a58804d"
                    
                    BASELINE="846 1083 1593 1045" 
                    HPOS="834"
                    VPOS="970"
                    WIDTH="759"
                    HEIGHT="138">
            <Shape><Polygon POINTS="846 1083 834 1008 1580 970 1593 1045 1593 1083 846 1108"/></Shape>
	    <String CONTENT=""
                    HPOS="834"
                    VPOS="970"
                    WIDTH="759"
                    HEIGHT="138"></String>
          </TextLine>

          
          
          <TextLine ID="eSc_line_0188a8bd"
                    
                    BASELINE="846 1162 1818 1120" 
                    HPOS="842"
                    VPOS="1029"
                    WIDTH="976"
                    HEIGHT="154">
            <Shape><Polygon POINTS="846 1162 842 1070 1226 1075 1321 1062 1447 1041 1447 1041 1451 1041 1451 1041 1451 1041 1455 1041 1505 1058 1522 1062 1563 1058 1739 1029 1739 1029 1743 1029 1743 1029 1747 1029 1747 1029 1814 1054 1818 1120 1818 1158 846 1183"/></Shape>
	    <String CONTENT=""
                    HPOS="842"
                    VPOS="1029"
                    WIDTH="976"
                    HEIGHT="154"></String>
          </TextLine>

          
          
          <TextLine ID="eSc_line_384cb58f"
                    
                    BASELINE="846 1245 1851 1200" 
                    HPOS="838"
                    VPOS="1133"
                    WIDTH="1013"
                    HEIGHT="133">
            <Shape><Polygon POINTS="846 1245 838 1162 1839 1133 1851 1200 1851 1237 846 1266"/></Shape>
	    <String CONTENT=""
                    HPOS="838"
                    VPOS="1133"
                    WIDTH="1013"
                    HEIGHT="133"></String>
          </TextLine>

          
          
          <TextLine ID="eSc_line_ca20744c"
                    
                    BASELINE="850 1325 1163 1316" 
                    HPOS="842"
                    VPOS="1241"
                    WIDTH="321"
                    HEIGHT="113">
            <Shape><Polygon POINTS="850 1325 842 1245 1151 1241 1163 1316 1159 1354 846 1350"/></Shape>
	    <String CONTENT=""
                    HPOS="842"
                    VPOS="1241"
                    WIDTH="321"
                    HEIGHT="113"></String>
          </TextLine>

          
          
          <TextLine ID="eSc_line_ec5370d8"
                    
                    BASELINE="854 1408 1876 1362" 
                    HPOS="842"
                    VPOS="1262"
                    WIDTH="1034"
                    HEIGHT="179">
            <Shape><Polygon POINTS="854 1408 842 1337 896 1308 896 1308 896 1308 900 1308 900 1308 900 1308 904 1308 904 1308 909 1308 909 1308 909 1308 913 1308 913 1308 942 1333 946 1333 1134 1329 1138 1325 1221 1270 1226 1270 1226 1270 1226 1270 1230 1270 1230 1270 1417 1262 1422 1262 1422 1262 1422 1262 1426 1262 1559 1304 1864 1300 1876 1362 1876 1404 854 1441"/></Shape>
	    <String CONTENT=""
                    HPOS="842"
                    VPOS="1262"
                    WIDTH="1034"
                    HEIGHT="179"></String>
          </TextLine>

          
          
          <TextLine ID="eSc_line_5b8828c4"
                    
                    BASELINE="859 1487 1071 1487" 
                    HPOS="854"
                    VPOS="1404"
                    WIDTH="217"
                    HEIGHT="116">
            <Shape><Polygon POINTS="859 1487 854 1420 1067 1404 1071 1487 1067 1520 854 1508"/></Shape>
	    <String CONTENT=""
                    HPOS="854"
                    VPOS="1404"
                    WIDTH="217"
                    HEIGHT="116"></String>
          </TextLine>

          
          
          <TextLine ID="eSc_line_c9732d2c"
                    
                    BASELINE="859 1566 1638 1541" 
                    HPOS="850"
                    VPOS="1454"
                    WIDTH="788"
                    HEIGHT="133">
            <Shape><Polygon POINTS="859 1566 850 1500 1013 1470 1013 1470 1017 1470 1455 1475 1497 1454 1497 1454 1497 1454 1501 1454 1501 1454 1501 1454 1505 1454 1505 1454 1630 1475 1638 1541 1638 1579 859 1587"/></Shape>
	    <String CONTENT=""
                    HPOS="850"
                    VPOS="1454"
                    WIDTH="788"
                    HEIGHT="133"></String>
          </TextLine>

          
          
          <TextLine ID="eSc_line_d6a2b0b4"
                    
                    BASELINE="863 1650 1609 1625" 
                    HPOS="854"
                    VPOS="1554"
                    WIDTH="755"
                    HEIGHT="125">
            <Shape><Polygon POINTS="863 1650 854 1575 1597 1554 1609 1625 1609 1641 863 1679"/></Shape>
	    <String CONTENT=""
                    HPOS="854"
                    VPOS="1554"
                    WIDTH="755"
                    HEIGHT="125"></String>
          </TextLine>

          
          
          <TextLine ID="eSc_line_80c839cb"
                    
                    BASELINE="867 1729 1714 1695" 
                    HPOS="859"
                    VPOS="1629"
                    WIDTH="855"
                    HEIGHT="129">
            <Shape><Polygon POINTS="867 1729 859 1658 1701 1629 1714 1695 1714 1741 867 1758"/></Shape>
	    <String CONTENT=""
                    HPOS="859"
                    VPOS="1629"
                    WIDTH="855"
                    HEIGHT="129"></String>
          </TextLine>

          
          
          <TextLine ID="eSc_line_715e4070"
                    
                    BASELINE="871 1812 1622 1787" 
                    HPOS="863"
                    VPOS="1720"
                    WIDTH="759"
                    HEIGHT="113">
            <Shape><Polygon POINTS="871 1812 863 1737 1609 1720 1622 1787 1622 1800 871 1833"/></Shape>
	    <String CONTENT=""
                    HPOS="863"
                    VPOS="1720"
                    WIDTH="759"
                    HEIGHT="113"></String>
          </TextLine>

          
          
          <TextLine ID="eSc_line_b9d5af1c"
                    
                    BASELINE="875 1895 1684 1866" 
                    HPOS="867"
                    VPOS="1779"
                    WIDTH="817"
                    HEIGHT="129">
            <Shape><Polygon POINTS="875 1895 867 1816 1401 1804 1401 1800 1459 1779 1459 1779 1463 1779 1463 1779 1463 1779 1467 1779 1676 1795 1684 1866 1684 1895 875 1908"/></Shape>
	    <String CONTENT=""
                    HPOS="867"
                    VPOS="1779"
                    WIDTH="817"
                    HEIGHT="129"></String>
          </TextLine>

          
          
          <TextLine ID="eSc_line_633b8d28"
                    
                    BASELINE="879 1975 1730 1950" 
                    HPOS="871"
                    VPOS="1858"
                    WIDTH="859"
                    HEIGHT="133">
            <Shape><Polygon POINTS="879 1975 871 1904 1030 1875 1030 1875 1034 1875 1563 1879 1584 1862 1584 1858 1584 1858 1588 1858 1588 1858 1588 1858 1593 1858 1593 1858 1593 1858 1597 1858 1597 1858 1722 1879 1730 1950 1730 1975 879 1991"/></Shape>
	    <String CONTENT=""
                    HPOS="871"
                    VPOS="1858"
                    WIDTH="859"
                    HEIGHT="133"></String>
          </TextLine>

          
          
          <TextLine ID="eSc_line_62a007d5"
                    
                    BASELINE="879 2058 1880 2033" 
                    HPOS="871"
                    VPOS="1950"
                    WIDTH="1009"
                    HEIGHT="141">
            <Shape><Polygon POINTS="879 2058 871 1983 1868 1950 1880 2033 1880 2058 879 2091"/></Shape>
	    <String CONTENT=""
                    HPOS="871"
                    VPOS="1950"
                    WIDTH="1009"
                    HEIGHT="141"></String>
          </TextLine>

          
          
          <TextLine ID="eSc_line_54f40499"
                    
                    BASELINE="884 2133 1280 2125" 
                    HPOS="875"
                    VPOS="2062"
                    WIDTH="405"
                    HEIGHT="92">
            <Shape><Polygon POINTS="884 2133 875 2070 1267 2062 1280 2125 1276 2145 884 2154"/></Shape>
	    <String CONTENT=""
                    HPOS="875"
                    VPOS="2062"
                    WIDTH="405"
                    HEIGHT="92"></String>
          </TextLine>

          
          
          <TextLine ID="eSc_line_8c46bbf2"
                    
                    BASELINE="888 2220 1905 2191" 
                    HPOS="879"
                    VPOS="2104"
                    WIDTH="1026"
                    HEIGHT="146">
            <Shape><Polygon POINTS="888 2220 879 2129 1893 2104 1905 2191 1905 2225 888 2250"/></Shape>
	    <String CONTENT=""
                    HPOS="879"
                    VPOS="2104"
                    WIDTH="1026"
                    HEIGHT="146"></String>
          </TextLine>

          
          
          <TextLine ID="eSc_line_a90caf94"
                    
                    BASELINE="888 2300 1313 2287" 
                    HPOS="879"
                    VPOS="2225"
                    WIDTH="434"
                    HEIGHT="91">
            <Shape><Polygon POINTS="888 2300 879 2237 1301 2225 1313 2287 1313 2316 888 2316"/></Shape>
	    <String CONTENT=""
                    HPOS="879"
                    VPOS="2225"
                    WIDTH="434"
                    HEIGHT="91"></String>
          </TextLine>

          
          
          <TextLine ID="eSc_line_4869dbec"
                    
                    BASELINE="892 2379 1910 2345" 
                    HPOS="884"
                    VPOS="2279"
                    WIDTH="1026"
                    HEIGHT="129">
            <Shape><Polygon POINTS="892 2379 884 2308 1897 2279 1910 2345 1905 2375 892 2408"/></Shape>
	    <String CONTENT=""
                    HPOS="884"
                    VPOS="2279"
                    WIDTH="1026"
                    HEIGHT="129"></String>
          </TextLine>

          
          
          <TextLine ID="eSc_line_b8d25dbd"
                    
                    BASELINE="900 2462 1910 2429" 
                    HPOS="892"
                    VPOS="2358"
                    WIDTH="1018"
                    HEIGHT="133">
            <Shape><Polygon POINTS="900 2462 892 2391 1897 2358 1910 2429 1910 2462 900 2491"/></Shape>
	    <String CONTENT=""
                    HPOS="892"
                    VPOS="2358"
                    WIDTH="1018"
                    HEIGHT="133"></String>
          </TextLine>

          
          
          <TextLine ID="eSc_line_ba72b119"
                    
                    BASELINE="900 2541 1910 2520" 
                    HPOS="892"
                    VPOS="2433"
                    WIDTH="1018"
                    HEIGHT="137">
            <Shape><Polygon POINTS="900 2541 892 2470 1897 2433 1910 2520 1905 2562 900 2570"/></Shape>
	    <String CONTENT=""
                    HPOS="892"
                    VPOS="2433"
                    WIDTH="1018"
                    HEIGHT="137"></String>
          </TextLine>

          
          
          <TextLine ID="eSc_line_81ab9d4f"
                    
                    BASELINE="900 2620 1117 2620" 
                    HPOS="900"
                    VPOS="2558"
                    WIDTH="217"
                    HEIGHT="108">
            <Shape><Polygon POINTS="900 2620 900 2558 1117 2562 1117 2620 1117 2666 900 2666"/></Shape>
	    <String CONTENT=""
                    HPOS="900"
                    VPOS="2558"
                    WIDTH="217"
                    HEIGHT="108"></String>
          </TextLine>

          
          
          <TextLine ID="eSc_line_664a3734"
                    
                    BASELINE="909 2704 1663 2687" 
                    HPOS="892"
                    VPOS="2595"
                    WIDTH="771"
                    HEIGHT="134">
            <Shape><Polygon POINTS="909 2704 892 2637 925 2608 925 2608 925 2608 929 2608 929 2608 934 2608 934 2608 934 2608 938 2608 938 2608 938 2608 1046 2629 1046 2629 1046 2629 1113 2608 1117 2608 1117 2608 1117 2608 1121 2608 1280 2616 1367 2620 1380 2612 1388 2604 1388 2600 1388 2600 1392 2600 1392 2600 1392 2600 1397 2600 1397 2600 1397 2600 1401 2600 1401 2600 1405 2600 1405 2600 1405 2600 1422 2608 1451 2620 1480 2604 1501 2595 1501 2595 1501 2595 1505 2595 1505 2595 1509 2595 1509 2595 1513 2595 1538 2600 1597 2616 1647 2595 1663 2687 1659 2716 909 2729"/></Shape>
	    <String CONTENT=""
                    HPOS="892"
                    VPOS="2595"
                    WIDTH="771"
                    HEIGHT="134"></String>
          </TextLine>

          
          
          <TextLine ID="eSc_line_79c17550"
                    
                    BASELINE="909 2783 1930 2758" 
                    HPOS="900"
                    VPOS="2691"
                    WIDTH="1030"
                    HEIGHT="117">
            <Shape><Polygon POINTS="909 2783 900 2700 1918 2691 1930 2758 1926 2783 909 2808"/></Shape>
	    <String CONTENT=""
                    HPOS="900"
                    VPOS="2691"
                    WIDTH="1030"
                    HEIGHT="117"></String>
          </TextLine>

          
          
          <TextLine ID="eSc_line_56c7f6ed"
                    
                    BASELINE="921 2866 1930 2845" 
                    HPOS="913"
                    VPOS="2766"
                    WIDTH="1017"
                    HEIGHT="138">
            <Shape><Polygon POINTS="921 2866 913 2795 1918 2766 1930 2845 1926 2883 921 2904"/></Shape>
	    <String CONTENT=""
                    HPOS="913"
                    VPOS="2766"
                    WIDTH="1017"
                    HEIGHT="138"></String>
          </TextLine>

          
          
          <TextLine ID="eSc_line_e76ffc7c"
                    
                    BASELINE="917 2950 1576 2933" 
                    HPOS="909"
                    VPOS="2858"
                    WIDTH="667"
                    HEIGHT="112">
            <Shape><Polygon POINTS="917 2950 909 2883 1563 2858 1576 2933 1576 2958 917 2970"/></Shape>
	    <String CONTENT=""
                    HPOS="909"
                    VPOS="2858"
                    WIDTH="667"
                    HEIGHT="112"></String>
          </TextLine>

          
          
          <TextLine ID="eSc_line_28d4cbf2"
                    
                    BASELINE="921 3029 1784 3012" 
                    HPOS="913"
                    VPOS="2941"
                    WIDTH="871"
                    HEIGHT="104">
            <Shape><Polygon POINTS="921 3029 913 2954 1772 2941 1784 3012 1784 3033 921 3045"/></Shape>
	    <String CONTENT=""
                    HPOS="913"
                    VPOS="2941"
                    WIDTH="871"
                    HEIGHT="104"></String>
          </TextLine>

          
          
          <TextLine ID="eSc_line_f6e05327"
                    
                    BASELINE="925 3112 1764 3095" 
                    HPOS="917"
                    VPOS="3025"
                    WIDTH="847"
                    HEIGHT="108">
            <Shape><Polygon POINTS="925 3112 917 3033 1751 3025 1764 3095 1759 3125 925 3133"/></Shape>
	    <String CONTENT=""
                    HPOS="917"
                    VPOS="3025"
                    WIDTH="847"
                    HEIGHT="108"></String>
          </TextLine>

          
          
          <TextLine ID="eSc_line_2bf28690"
                    
                    BASELINE="929 3191 1793 3170" 
                    HPOS="921"
                    VPOS="3104"
                    WIDTH="872"
                    HEIGHT="116">
            <Shape><Polygon POINTS="929 3191 921 3112 1780 3104 1793 3170 1793 3200 929 3220"/></Shape>
	    <String CONTENT=""
                    HPOS="921"
                    VPOS="3104"
                    WIDTH="872"
                    HEIGHT="116"></String>
          </TextLine>

          
          
          <TextLine ID="eSc_line_f9dde80d"
                    
                    BASELINE="934 3275 1826 3254" 
                    HPOS="925"
                    VPOS="3175"
                    WIDTH="901"
                    HEIGHT="120">
            <Shape><Polygon POINTS="934 3275 925 3200 1814 3175 1826 3254 1822 3279 934 3295"/></Shape>
	    <String CONTENT=""
                    HPOS="925"
                    VPOS="3175"
                    WIDTH="901"
                    HEIGHT="120"></String>
          </TextLine>

          
          
          <TextLine ID="eSc_line_8959b03d"
                    
                    BASELINE="934 3354 1939 3333" 
                    HPOS="925"
                    VPOS="3262"
                    WIDTH="1014"
                    HEIGHT="138">
            <Shape><Polygon POINTS="934 3354 925 3266 1926 3262 1939 3333 1935 3379 934 3400"/></Shape>
	    <String CONTENT=""
                    HPOS="925"
                    VPOS="3262"
                    WIDTH="1014"
                    HEIGHT="138"></String>
          </TextLine>

          
          
          <TextLine ID="eSc_line_bfde71ae"
                    
                    BASELINE="942 3437 1643 3425" 
                    HPOS="934"
                    VPOS="3358"
                    WIDTH="709"
                    HEIGHT="96">
            <Shape><Polygon POINTS="942 3437 934 3370 1630 3358 1643 3425 1643 3445 942 3454"/></Shape>
	    <String CONTENT=""
                    HPOS="934"
                    VPOS="3358"
                    WIDTH="709"
                    HEIGHT="96"></String>
          </TextLine>

          
          
          <TextLine ID="eSc_line_11e418c0"
                    
                    BASELINE="942 3516 1572 3504" 
                    HPOS="934"
                    VPOS="3429"
                    WIDTH="638"
                    HEIGHT="125">
            <Shape><Polygon POINTS="942 3516 934 3441 1559 3429 1572 3504 1568 3525 942 3554"/></Shape>
	    <String CONTENT=""
                    HPOS="934"
                    VPOS="3429"
                    WIDTH="638"
                    HEIGHT="125"></String>
          </TextLine>

          
          
          <TextLine ID="eSc_line_fdf321bb"
                    
                    BASELINE="946 3600 1947 3579" 
                    HPOS="938"
                    VPOS="3500"
                    WIDTH="1009"
                    HEIGHT="116">
            <Shape><Polygon POINTS="946 3600 938 3529 1935 3500 1947 3579 1943 3595 946 3616"/></Shape>
	    <String CONTENT=""
                    HPOS="938"
                    VPOS="3500"
                    WIDTH="1009"
                    HEIGHT="116"></String>
          </TextLine>

          
          
          <TextLine ID="eSc_line_878b6a94"
                    
                    BASELINE="950 3683 1968 3662" 
                    HPOS="942"
                    VPOS="3587"
                    WIDTH="1026"
                    HEIGHT="133">
            <Shape><Polygon POINTS="950 3683 942 3608 1955 3587 1968 3662 1968 3683 950 3720"/></Shape>
	    <String CONTENT=""
                    HPOS="942"
                    VPOS="3587"
                    WIDTH="1026"
                    HEIGHT="133"></String>
          </TextLine>

          
          
          <TextLine ID="eSc_line_bc267c25"
                    
                    BASELINE="955 3758 1659 3750" 
                    HPOS="946"
                    VPOS="3683"
                    WIDTH="713"
                    HEIGHT="112">
            <Shape><Polygon POINTS="955 3758 946 3691 1647 3683 1659 3750 1655 3779 955 3795"/></Shape>
	    <String CONTENT=""
                    HPOS="946"
                    VPOS="3683"
                    WIDTH="713"
                    HEIGHT="112"></String>
          </TextLine>

          
          
          <TextLine ID="eSc_line_62b09c69"
                    
                    BASELINE="959 3841 1955 3825" 
                    HPOS="950"
                    VPOS="3758"
                    WIDTH="1005"
                    HEIGHT="117">
            <Shape><Polygon POINTS="959 3841 950 3775 1943 3758 1955 3825 1951 3862 959 3875"/></Shape>
	    <String CONTENT=""
                    HPOS="950"
                    VPOS="3758"
                    WIDTH="1005"
                    HEIGHT="117"></String>
          </TextLine>

          
          
          <TextLine ID="eSc_line_8e4576f0"
                    
                    BASELINE="959 3925 1955 3908" 
                    HPOS="950"
                    VPOS="3837"
                    WIDTH="1005"
                    HEIGHT="138">
            <Shape><Polygon POINTS="959 3925 950 3845 1943 3837 1955 3908 1951 3962 959 3975"/></Shape>
	    <String CONTENT=""
                    HPOS="950"
                    VPOS="3837"
                    WIDTH="1005"
                    HEIGHT="138"></String>
          </TextLine>

          
        </TextBlock>
        
        <TextBlock HPOS="2068"
                   VPOS="516"
                   WIDTH="1113"
                   HEIGHT="3413"
                   ID="eSc_textblock_7a0cc7fc"
                   TAGREFS="BT2">
          <Shape><Polygon POINTS="2285 522 2319 617 3084 583 3083 696 2750 696 2750 763 3083 763 3082 1026 2334 1026 2334 1099 3006 1099 3006 1161 3081 1161 3081 1162 3089 1277 2383 1277 2383 1344 3094 1344 3105 1496 2807 1534 2817 1598 3125 1595 3131 1695 2572 1711 2517 1711 2517 1747 2727 1747 2872 1779 2872 1833 2964 1833 2964 1821 3132 1821 3154 1943 2487 1943 2487 2010 3159 2010 3159 1968 3165 2000 3168 2108 2634 2108 2634 2163 3169 2163 3172 2273 2444 2273 2444 2334 3174 2334 3181 2595 3084 2624 2592 2624 2592 2749 3181 2749 3181 2904 2972 2904 2972 3010 3181 3010 3181 3929 2151 3912 2135 3083 2163 3018 2377 3018 2377 2970 2389 2970 2389 2743 2160 2743 2145 2610 2303 2610 2303 2535 2136 2535 2085 2095 2068 516"/></Shape>
          
          
          <TextLine ID="eSc_line_9f39897f"
                    
                    BASELINE="2043 616 2285 608" 
                    HPOS="2026"
                    VPOS="495"
                    WIDTH="259"
                    HEIGHT="138">
            <Shape><Polygon POINTS="2043 616 2026 529 2151 495 2156 495 2156 495 2160 495 2160 495 2160 495 2277 520 2285 608 2281 625 2043 633"/></Shape>
	    <String CONTENT=""
                    HPOS="2026"
                    VPOS="495"
                    WIDTH="259"
                    HEIGHT="138"></String>
          </TextLine>

          
          
          <TextLine ID="eSc_line_f21d34a2"
                    
                    BASELINE="2051 700 3069 662" 
                    HPOS="2043"
                    VPOS="579"
                    WIDTH="1026"
                    HEIGHT="141">
            <Shape><Polygon POINTS="2051 700 2043 620 3056 579 3069 662 3065 691 2051 720"/></Shape>
	    <String CONTENT=""
                    HPOS="2043"
                    VPOS="579"
                    WIDTH="1026"
                    HEIGHT="141"></String>
          </TextLine>

          
          
          <TextLine ID="eSc_line_d9f4217a"
                    
                    BASELINE="2051 779 2727 754" 
                    HPOS="2043"
                    VPOS="683"
                    WIDTH="684"
                    HEIGHT="112">
            <Shape><Polygon POINTS="2051 779 2043 691 2714 683 2727 754 2727 770 2051 795"/></Shape>
	    <String CONTENT=""
                    HPOS="2043"
                    VPOS="683"
                    WIDTH="684"
                    HEIGHT="112"></String>
          </TextLine>

          
          
          <TextLine ID="eSc_line_abdf24f4"
                    
                    BASELINE="2055 866 3077 820" 
                    HPOS="2047"
                    VPOS="741"
                    WIDTH="1030"
                    HEIGHT="146">
            <Shape><Polygon POINTS="2055 866 2047 775 3065 741 3077 820 3077 858 2055 887"/></Shape>
	    <String CONTENT=""
                    HPOS="2047"
                    VPOS="741"
                    WIDTH="1030"
                    HEIGHT="146"></String>
          </TextLine>

          
          
          <TextLine ID="eSc_line_b19da53a"
                    
                    BASELINE="2060 941 3077 912" 
                    HPOS="2051"
                    VPOS="837"
                    WIDTH="1026"
                    HEIGHT="125">
            <Shape><Polygon POINTS="2060 941 2051 875 3065 837 3077 912 3073 937 2060 962"/></Shape>
	    <String CONTENT=""
                    HPOS="2051"
                    VPOS="837"
                    WIDTH="1026"
                    HEIGHT="125"></String>
          </TextLine>

          
          
          <TextLine ID="eSc_line_1a6b4ed1"
                    
                    BASELINE="2068 1029 3077 995" 
                    HPOS="2060"
                    VPOS="925"
                    WIDTH="1017"
                    HEIGHT="129">
            <Shape><Polygon POINTS="2068 1029 2060 958 3065 925 3077 995 3077 1020 2068 1054"/></Shape>
	    <String CONTENT=""
                    HPOS="2060"
                    VPOS="925"
                    WIDTH="1017"
                    HEIGHT="129"></String>
          </TextLine>

          
          
          <TextLine ID="eSc_line_dceebddd"
                    
                    BASELINE="2068 1108 2277 1100" 
                    HPOS="2060"
                    VPOS="1025"
                    WIDTH="217"
                    HEIGHT="108">
            <Shape><Polygon POINTS="2068 1108 2060 1041 2264 1025 2277 1100 2277 1133 2068 1133"/></Shape>
	    <String CONTENT=""
                    HPOS="2060"
                    VPOS="1025"
                    WIDTH="217"
                    HEIGHT="108"></String>
          </TextLine>

          
          
          <TextLine ID="eSc_line_398d7a38"
                    
                    BASELINE="2072 1195 2994 1158" 
                    HPOS="2064"
                    VPOS="1083"
                    WIDTH="930"
                    HEIGHT="133">
            <Shape><Polygon POINTS="2072 1195 2064 1108 2981 1083 2994 1158 2994 1179 2072 1216"/></Shape>
	    <String CONTENT=""
                    HPOS="2064"
                    VPOS="1083"
                    WIDTH="930"
                    HEIGHT="133"></String>
          </TextLine>

          
          
          <TextLine ID="eSc_line_ecac6139"
                    
                    BASELINE="2072 1270 3077 1237" 
                    HPOS="2064"
                    VPOS="1166"
                    WIDTH="1013"
                    HEIGHT="138">
            <Shape><Polygon POINTS="2072 1270 2064 1187 3065 1166 3077 1237 3073 1283 2072 1304"/></Shape>
	    <String CONTENT=""
                    HPOS="2064"
                    VPOS="1166"
                    WIDTH="1013"
                    HEIGHT="138"></String>
          </TextLine>

          
          
          <TextLine ID="eSc_line_99c0d435"
                    
                    BASELINE="2076 1358 2393 1350" 
                    HPOS="2068"
                    VPOS="1275"
                    WIDTH="325"
                    HEIGHT="100">
            <Shape><Polygon POINTS="2076 1358 2068 1304 2226 1275 2226 1275 2231 1275 2231 1275 2385 1295 2393 1350 2393 1370 2076 1375"/></Shape>
	    <String CONTENT=""
                    HPOS="2068"
                    VPOS="1275"
                    WIDTH="325"
                    HEIGHT="100"></String>
          </TextLine>

          
          
          <TextLine ID="eSc_line_125ee026"
                    
                    BASELINE="2085 1437 3094 1400" 
                    HPOS="2076"
                    VPOS="1329"
                    WIDTH="1018"
                    HEIGHT="137">
            <Shape><Polygon POINTS="2085 1437 2076 1366 3081 1329 3094 1400 3094 1429 2085 1466"/></Shape>
	    <String CONTENT=""
                    HPOS="2076"
                    VPOS="1329"
                    WIDTH="1018"
                    HEIGHT="137"></String>
          </TextLine>

          
          
          <TextLine ID="eSc_line_586cdc2e"
                    
                    BASELINE="2085 1520 3040 1495" 
                    HPOS="2076"
                    VPOS="1425"
                    WIDTH="964"
                    HEIGHT="116">
            <Shape><Polygon POINTS="2085 1520 2076 1450 3027 1425 3040 1495 3040 1529 2085 1541"/></Shape>
	    <String CONTENT=""
                    HPOS="2076"
                    VPOS="1425"
                    WIDTH="964"
                    HEIGHT="116"></String>
          </TextLine>

          
          
          <TextLine ID="eSc_line_38ea5935"
                    
                    BASELINE="2089 1604 2769 1583" 
                    HPOS="2085"
                    VPOS="1516"
                    WIDTH="684"
                    HEIGHT="104">
            <Shape><Polygon POINTS="2089 1604 2085 1516 2760 1516 2769 1583 2769 1604 2089 1620"/></Shape>
	    <String CONTENT=""
                    HPOS="2085"
                    VPOS="1516"
                    WIDTH="684"
                    HEIGHT="104"></String>
          </TextLine>

          
          
          <TextLine ID="eSc_line_91ac9501"
                    
                    BASELINE="2093 1687 3106 1658" 
                    HPOS="2085"
                    VPOS="1583"
                    WIDTH="1021"
                    HEIGHT="133">
            <Shape><Polygon POINTS="2093 1687 2085 1600 3094 1583 3106 1658 3106 1687 2093 1716"/></Shape>
	    <String CONTENT=""
                    HPOS="2085"
                    VPOS="1583"
                    WIDTH="1021"
                    HEIGHT="133"></String>
          </TextLine>

          
          
          <TextLine ID="eSc_line_84d536fa"
                    
                    BASELINE="2093 1766 2506 1758" 
                    HPOS="2085"
                    VPOS="1683"
                    WIDTH="421"
                    HEIGHT="112">
            <Shape><Polygon POINTS="2093 1766 2085 1700 2493 1683 2506 1758 2502 1795 2093 1795"/></Shape>
	    <String CONTENT=""
                    HPOS="2085"
                    VPOS="1683"
                    WIDTH="421"
                    HEIGHT="112"></String>
          </TextLine>

          
          
          <TextLine ID="eSc_line_a5349c2c"
                    
                    BASELINE="2097 1850 2865 1829" 
                    HPOS="2089"
                    VPOS="1741"
                    WIDTH="776"
                    HEIGHT="121">
            <Shape><Polygon POINTS="2097 1850 2089 1770 2714 1741 2719 1741 2719 1741 2856 1762 2865 1829 2865 1841 2097 1862"/></Shape>
	    <String CONTENT=""
                    HPOS="2089"
                    VPOS="1741"
                    WIDTH="776"
                    HEIGHT="121"></String>
          </TextLine>

          
          
          <TextLine ID="eSc_line_611ec2e6"
                    
                    BASELINE="2101 1933 3127 1908" 
                    HPOS="2093"
                    VPOS="1816"
                    WIDTH="1034"
                    HEIGHT="138">
            <Shape><Polygon POINTS="2101 1933 2093 1841 3115 1816 3127 1908 3127 1929 2101 1954"/></Shape>
	    <String CONTENT=""
                    HPOS="2093"
                    VPOS="1816"
                    WIDTH="1034"
                    HEIGHT="138"></String>
          </TextLine>

          
          
          <TextLine ID="eSc_line_359a29eb"
                    
                    BASELINE="2106 2008 2485 2008" 
                    HPOS="2101"
                    VPOS="1925"
                    WIDTH="384"
                    HEIGHT="120">
            <Shape><Polygon POINTS="2106 2008 2106 1925 2485 1937 2485 2008 2481 2045 2101 2037"/></Shape>
	    <String CONTENT=""
                    HPOS="2101"
                    VPOS="1925"
                    WIDTH="384"
                    HEIGHT="120"></String>
          </TextLine>

          
          
          <TextLine ID="eSc_line_09da60e9"
                    
                    BASELINE="2110 2095 3127 2075" 
                    HPOS="2101"
                    VPOS="1995"
                    WIDTH="1026"
                    HEIGHT="121">
            <Shape><Polygon POINTS="2110 2095 2101 2008 3115 1995 3127 2075 3127 2100 2110 2116"/></Shape>
	    <String CONTENT=""
                    HPOS="2101"
                    VPOS="1995"
                    WIDTH="1026"
                    HEIGHT="121"></String>
          </TextLine>

          
          
          <TextLine ID="eSc_line_1e8baff6"
                    
                    BASELINE="2114 2175 2610 2166" 
                    HPOS="2106"
                    VPOS="2104"
                    WIDTH="504"
                    HEIGHT="100">
            <Shape><Polygon POINTS="2114 2175 2106 2112 2598 2104 2610 2166 2602 2204 2110 2200"/></Shape>
	    <String CONTENT=""
                    HPOS="2106"
                    VPOS="2104"
                    WIDTH="504"
                    HEIGHT="100"></String>
          </TextLine>

          
          
          <TextLine ID="eSc_line_e4a79177"
                    
                    BASELINE="2118 2262 3140 2233" 
                    HPOS="2110"
                    VPOS="2166"
                    WIDTH="1030"
                    HEIGHT="125">
            <Shape><Polygon POINTS="2118 2262 2110 2179 3127 2166 3140 2233 3136 2262 2118 2291"/></Shape>
	    <String CONTENT=""
                    HPOS="2110"
                    VPOS="2166"
                    WIDTH="1030"
                    HEIGHT="125"></String>
          </TextLine>

          
          
          <TextLine ID="eSc_line_fe01181e"
                    
                    BASELINE="2118 2345 2414 2337" 
                    HPOS="2110"
                    VPOS="2270"
                    WIDTH="304"
                    HEIGHT="109">
            <Shape><Polygon POINTS="2118 2345 2110 2279 2402 2270 2414 2337 2410 2379 2114 2370"/></Shape>
	    <String CONTENT=""
                    HPOS="2110"
                    VPOS="2270"
                    WIDTH="304"
                    HEIGHT="109"></String>
          </TextLine>

          
          
          <TextLine ID="eSc_line_6c7d2b5b"
                    
                    BASELINE="2126 2429 3144 2400" 
                    HPOS="2118"
                    VPOS="2316"
                    WIDTH="1026"
                    HEIGHT="142">
            <Shape><Polygon POINTS="2126 2429 2118 2341 3131 2316 3144 2400 3144 2429 2126 2458"/></Shape>
	    <String CONTENT=""
                    HPOS="2118"
                    VPOS="2316"
                    WIDTH="1026"
                    HEIGHT="142"></String>
          </TextLine>

          
          
          <TextLine ID="eSc_line_222e5ed4"
                    
                    BASELINE="2131 2512 2835 2495" 
                    HPOS="2122"
                    VPOS="2425"
                    WIDTH="713"
                    HEIGHT="125">
            <Shape><Polygon POINTS="2131 2512 2122 2445 2823 2425 2835 2495 2835 2525 2489 2525 2481 2525 2431 2545 2431 2545 2427 2545 2427 2545 2427 2545 2422 2545 2422 2545 2318 2529 2314 2529 2314 2529 2293 2545 2293 2550 2293 2550 2289 2550 2289 2550 2289 2550 2285 2550 2285 2550 2281 2550 2281 2550 2126 2529"/></Shape>
	    <String CONTENT=""
                    HPOS="2122"
                    VPOS="2425"
                    WIDTH="713"
                    HEIGHT="125"></String>
          </TextLine>

          
          
          <TextLine ID="eSc_line_74279fa6"
                    
                    BASELINE="2285 2587 3152 2566" 
                    HPOS="2268"
                    VPOS="2495"
                    WIDTH="884"
                    HEIGHT="130">
            <Shape><Polygon POINTS="2285 2587 2268 2520 2297 2495 2297 2495 2302 2495 2302 2495 2302 2495 2306 2495 2306 2495 2310 2495 3144 2500 3152 2566 3148 2591 2285 2625"/></Shape>
	    <String CONTENT=""
                    HPOS="2268"
                    VPOS="2495"
                    WIDTH="884"
                    HEIGHT="130"></String>
          </TextLine>

          
          
          <TextLine ID="eSc_line_1bf4de8f"
                    
                    BASELINE="2135 2670 2552 2670" 
                    HPOS="2131"
                    VPOS="2566"
                    WIDTH="421"
                    HEIGHT="146">
            <Shape><Polygon POINTS="2135 2670 2131 2587 2218 2566 2218 2566 2218 2566 2222 2566 2222 2566 2226 2566 2226 2566 2226 2566 2231 2566 2231 2566 2256 2591 2268 2595 2302 2591 2406 2575 2406 2575 2410 2575 2410 2575 2410 2575 2552 2600 2552 2670 2552 2700 2135 2712"/></Shape>
	    <String CONTENT=""
                    HPOS="2131"
                    VPOS="2566"
                    WIDTH="421"
                    HEIGHT="146"></String>
          </TextLine>

          
          
          <TextLine ID="eSc_line_cb0073dd"
                    
                    BASELINE="2393 2833 3156 2812" 
                    HPOS="2381"
                    VPOS="2733"
                    WIDTH="771"
                    HEIGHT="129">
            <Shape><Polygon POINTS="2389 2829 2381 2745 3140 2733 3152 2808 3152 2833 2389 2862"/></Shape>
	    <String CONTENT=""
                    HPOS="2381"
                    VPOS="2733"
                    WIDTH="771"
                    HEIGHT="129"></String>
          </TextLine>

          
          
          <TextLine ID="eSc_line_42d1e35d"
                    
                    BASELINE="2377 2912 3161 2904" 
                    HPOS="2368"
                    VPOS="2816"
                    WIDTH="793"
                    HEIGHT="134">
            <Shape><Polygon POINTS="2377 2912 2368 2841 3148 2816 3161 2904 3156 2925 2377 2950"/></Shape>
	    <String CONTENT=""
                    HPOS="2368"
                    VPOS="2816"
                    WIDTH="793"
                    HEIGHT="134"></String>
          </TextLine>

          
          
          <TextLine ID="eSc_line_892e4ef8"
                    
                    BASELINE="2381 2991 2977 2991" 
                    HPOS="2381"
                    VPOS="2920"
                    WIDTH="596"
                    HEIGHT="96">
            <Shape><Polygon POINTS="2381 2991 2381 2920 2977 2920 2977 2991 2977 3016 2381 3016"/></Shape>
	    <String CONTENT=""
                    HPOS="2381"
                    VPOS="2920"
                    WIDTH="596"
                    HEIGHT="96"></String>
          </TextLine>

          
          
          <TextLine ID="eSc_line_33bfc44a"
                    
                    BASELINE="2231 3079 3161 3058" 
                    HPOS="2222"
                    VPOS="2970"
                    WIDTH="939"
                    HEIGHT="155">
            <Shape><Polygon POINTS="2231 3079 2222 2991 2952 2995 3148 2970 3161 3058 3161 3087 2231 3125"/></Shape>
	    <String CONTENT=""
                    HPOS="2222"
                    VPOS="2970"
                    WIDTH="939"
                    HEIGHT="155"></String>
          </TextLine>

          
          
          <TextLine ID="eSc_line_288fbb3d"
                    
                    BASELINE="2151 3166 3169 3150" 
                    HPOS="2139"
                    VPOS="3062"
                    WIDTH="1030"
                    HEIGHT="125">
            <Shape><Polygon POINTS="2151 3166 2139 3091 3156 3062 3169 3150 3165 3170 2151 3187"/></Shape>
	    <String CONTENT=""
                    HPOS="2139"
                    VPOS="3062"
                    WIDTH="1030"
                    HEIGHT="125"></String>
          </TextLine>

          
          
          <TextLine ID="eSc_line_18f5f267"
                    
                    BASELINE="2156 3250 3169 3229" 
                    HPOS="2147"
                    VPOS="3154"
                    WIDTH="1022"
                    HEIGHT="121">
            <Shape><Polygon POINTS="2156 3250 2147 3162 3156 3154 3169 3229 3165 3262 2156 3275"/></Shape>
	    <String CONTENT=""
                    HPOS="2147"
                    VPOS="3154"
                    WIDTH="1022"
                    HEIGHT="121"></String>
          </TextLine>

          
          
          <TextLine ID="eSc_line_38bc6601"
                    
                    BASELINE="2160 3333 3173 3312" 
                    HPOS="2151"
                    VPOS="3241"
                    WIDTH="1022"
                    HEIGHT="113">
            <Shape><Polygon POINTS="2160 3333 2151 3262 3161 3241 3173 3312 3173 3333 2160 3354"/></Shape>
	    <String CONTENT=""
                    HPOS="2151"
                    VPOS="3241"
                    WIDTH="1022"
                    HEIGHT="113"></String>
          </TextLine>

          
          
          <TextLine ID="eSc_line_629bcb3b"
                    
                    BASELINE="2160 3412 3165 3395" 
                    HPOS="2151"
                    VPOS="3312"
                    WIDTH="1014"
                    HEIGHT="121">
            <Shape><Polygon POINTS="2160 3412 2151 3345 3152 3312 3165 3395 3161 3425 2160 3433"/></Shape>
	    <String CONTENT=""
                    HPOS="2151"
                    VPOS="3312"
                    WIDTH="1014"
                    HEIGHT="121"></String>
          </TextLine>

          
          
          <TextLine ID="eSc_line_c63d31ad"
                    
                    BASELINE="2160 3495 3169 3479" 
                    HPOS="2151"
                    VPOS="3395"
                    WIDTH="1018"
                    HEIGHT="121">
            <Shape><Polygon POINTS="2160 3495 2151 3425 3156 3395 3169 3479 3169 3500 2160 3516"/></Shape>
	    <String CONTENT=""
                    HPOS="2151"
                    VPOS="3395"
                    WIDTH="1018"
                    HEIGHT="121"></String>
          </TextLine>

          
          
          <TextLine ID="eSc_line_c6eee4a1"
                    
                    BASELINE="2160 3579 2727 3570" 
                    HPOS="2151"
                    VPOS="3500"
                    WIDTH="576"
                    HEIGHT="100">
            <Shape><Polygon POINTS="2160 3579 2151 3508 2714 3500 2727 3570 2719 3600 2156 3595"/></Shape>
	    <String CONTENT=""
                    HPOS="2151"
                    VPOS="3500"
                    WIDTH="576"
                    HEIGHT="100"></String>
          </TextLine>

          
          
          <TextLine ID="eSc_line_2e0676fe"
                    
                    BASELINE="2164 3658 3173 3645" 
                    HPOS="2156"
                    VPOS="3562"
                    WIDTH="1017"
                    HEIGHT="121">
            <Shape><Polygon POINTS="2164 3658 2156 3587 3161 3562 3173 3645 3169 3670 2164 3683"/></Shape>
	    <String CONTENT=""
                    HPOS="2156"
                    VPOS="3562"
                    WIDTH="1017"
                    HEIGHT="121"></String>
          </TextLine>

          
          
          <TextLine ID="eSc_line_9b1d5aed"
                    
                    BASELINE="2168 3745 3181 3729" 
                    HPOS="2160"
                    VPOS="3650"
                    WIDTH="1021"
                    HEIGHT="125">
            <Shape><Polygon POINTS="2168 3745 2160 3679 3169 3650 3181 3729 3177 3754 2168 3775"/></Shape>
	    <String CONTENT=""
                    HPOS="2160"
                    VPOS="3650"
                    WIDTH="1021"
                    HEIGHT="125"></String>
          </TextLine>

          
          
          <TextLine ID="eSc_line_cdd6a01c"
                    
                    BASELINE="2168 3829 3181 3808" 
                    HPOS="2160"
                    VPOS="3725"
                    WIDTH="1021"
                    HEIGHT="129">
            <Shape><Polygon POINTS="2168 3829 2160 3758 3169 3725 3181 3808 3177 3833 2168 3854"/></Shape>
	    <String CONTENT=""
                    HPOS="2160"
                    VPOS="3725"
                    WIDTH="1021"
                    HEIGHT="129"></String>
          </TextLine>

          
          
          <TextLine ID="eSc_line_86df9c82"
                    
                    BASELINE="2172 3912 3186 3900" 
                    HPOS="2168"
                    VPOS="3808"
                    WIDTH="1018"
                    HEIGHT="150">
            <Shape><Polygon POINTS="2172 3912 2168 3833 2739 3833 2748 3829 2839 3808 2839 3808 2839 3808 2844 3808 3177 3829 3186 3900 3177 3958 2168 3945"/></Shape>
	    <String CONTENT=""
                    HPOS="2168"
                    VPOS="3808"
                    WIDTH="1018"
                    HEIGHT="150"></String>
          </TextLine>

          
        </TextBlock>
        
        <TextBlock HPOS="2145"
                   VPOS="2743"
                   WIDTH="238"
                   HEIGHT="257"
                   ID="eSc_textblock_c7db7ac4"
                   TAGREFS="BT2">
          <Shape><Polygon POINTS="2145 2743 2145 3000 2383 3000 2383 2743"/></Shape>
          
          
          <TextLine ID="eSc_line_247558a8"
                    
                    BASELINE="2157 2982 2371 2982" 
                    HPOS="2132"
                    VPOS="2737"
                    WIDTH="255"
                    HEIGHT="288">
            <Shape><Polygon POINTS="2156 2979 2132 2771 2387 2737 2368 2979 2364 3025 2151 2995"/></Shape>
	    <String CONTENT=""
                    HPOS="2132"
                    VPOS="2737"
                    WIDTH="255"
                    HEIGHT="288"></String>
          </TextLine>

          
        </TextBlock>
        

        
      </PrintSpace>
    </Page>
  </Layout>
</alto>
