<?xml version="1.0" encoding="UTF-8"?>
<alto xmlns:xsi="http://www.w3.org/2001/XMLSchema-instance"
      xmlns="http://www.loc.gov/standards/alto/ns-v4#"
      xsi:schemaLocation="http://www.loc.gov/standards/alto/ns-v4# http://www.loc.gov/standards/alto/v4/alto-4-2.xsd">
  <Description>
    <MeasurementUnit>pixel</MeasurementUnit>
    <sourceImageInformation>
      <fileName>14_ed520_default.jpg</fileName>
      <fileIdentifier>https://mazarinum.bibliotheque-mazarine.fr/i/?IIIF=/af/0a/c2/41/af0ac241-0f82-4dc2-a6df-bb95b17c4e73/iiif/751063002_inc59_0015.tif/full/full/0/default.jpg</fileIdentifier>
    </sourceImageInformation>
  </Description>
  
  <Tags>
    <OtherTag ID="BT1" LABEL="Title" DESCRIPTION="block type Title"/><OtherTag ID="BT2" LABEL="Main" DESCRIPTION="block type Main"/><OtherTag ID="BT3" LABEL="Commentary" DESCRIPTION="block type Commentary"/><OtherTag ID="BT4" LABEL="Illustration" DESCRIPTION="block type Illustration"/><OtherTag ID="BT1467" LABEL="Page" DESCRIPTION="block type Page"/>
    <OtherTag ID="LT1" LABEL="Main" DESCRIPTION="line type Main"/><OtherTag ID="LT2" LABEL="Numbering" DESCRIPTION="line type Numbering"/><OtherTag ID="LT3" LABEL="Correction" DESCRIPTION="line type Correction"/><OtherTag ID="LT4" LABEL="Signature" DESCRIPTION="line type Signature"/>
  </Tags>
  
  <Layout>
    <Page WIDTH="3731"
          HEIGHT="5000"
          PHYSICAL_IMG_NR="6"
          ID="eSc_dummypage_">
      <PrintSpace HPOS="0"
                  VPOS="0"
                  WIDTH="3731"
                  HEIGHT="5000">
        
        <TextBlock HPOS="466"
                   VPOS="428"
                   WIDTH="1054"
                   HEIGHT="3467"
                   ID="eSc_textblock_7a61d899"
                   TAGREFS="BT2">
          <Shape><Polygon POINTS="1520 428 1518 704 959 704 959 773 1518 773 1517 889 790 889 790 941 1517 941 1513 1595 1508 1624 1309 1624 1309 1702 1421 1702 1421 1805 1361 1805 1361 1905 1296 1905 1296 1956 1248 1956 1248 2013 1300 2013 1300 2047 1365 2047 1365 2155 1407 2155 1478 2393 1369 2393 1369 2479 1503 2479 1513 2512 1419 2553 1184 2553 1184 2578 1197 2578 1197 2725 1080 2725 1080 2773 1218 2773 1218 2743 1222 2743 1222 2786 1321 2786 1335 2794 1335 2972 1356 2972 1479 3083 1484 3144 1184 3144 1184 3200 1488 3200 1496 3312 1387 3337 1387 3300 950 3300 950 3356 959 3356 959 3382 1328 3382 1314 3645 1270 3645 1270 3710 1335 3710 1335 3697 1439 3697 1513 3716 1463 3895 466 3879 466 433"/></Shape>
          
          
          <TextLine ID="eSc_line_7aeb579b"
                    
                    BASELINE="458 508 1500 508" 
                    HPOS="454"
                    VPOS="395"
                    WIDTH="1046"
                    HEIGHT="150">
            <Shape><Polygon POINTS="458 508 458 395 817 411 817 395 821 399 825 395 825 400 829 404 846 416 900 404 950 395 954 395 958 395 962 395 979 408 996 416 1063 408 1163 395 1167 395 1288 412 1308 416 1317 412 1338 395 1342 395 1346 395 1350 395 1500 420 1500 508 1496 545 454 529"/></Shape>
	    <String CONTENT="calath⁹.viii.pasythea.viiii.egyales.x."
                    HPOS="454"
                    VPOS="395"
                    WIDTH="1046"
                    HEIGHT="150"></String>
          </TextLine>

          
          
          <TextLine ID="eSc_line_73a0b08d"
                    
                    BASELINE="458 587 1513 587" 
                    HPOS="458"
                    VPOS="504"
                    WIDTH="1055"
                    HEIGHT="116">
            <Shape><Polygon POINTS="458 587 458 504 1513 520 1513 587 1513 620 458 620"/></Shape>
	    <String CONTENT="Euprosine.xi.lacedemõ.xii.tãtalus"
                    HPOS="458"
                    VPOS="504"
                    WIDTH="1055"
                    HEIGHT="116"></String>
          </TextLine>

          
          
          <TextLine ID="eSc_line_56b061c5"
                    
                    BASELINE="458 675 1504 675" 
                    HPOS="458"
                    VPOS="604"
                    WIDTH="1046"
                    HEIGHT="100">
            <Shape><Polygon POINTS="458 675 458 604 1504 604 1504 675 1504 704 458 704"/></Shape>
	    <String CONTENT="xiii.hercules.xiiii.minerua.decimus"
                    HPOS="458"
                    VPOS="604"
                    WIDTH="1046"
                    HEIGHT="100"></String>
          </TextLine>

          
          
          <TextLine ID="eSc_line_b461feb5"
                    
                    BASELINE="462 762 954 762" 
                    HPOS="458"
                    VPOS="687"
                    WIDTH="496"
                    HEIGHT="104">
            <Shape><Polygon POINTS="462 762 462 687 954 687 954 762 950 791 458 783"/></Shape>
	    <String CONTENT="quintus archas."
                    HPOS="458"
                    VPOS="687"
                    WIDTH="496"
                    HEIGHT="104"></String>
          </TextLine>

          
          
          <TextLine ID="eSc_line_a337a475"
                    
                    BASELINE="458 841 1504 841" 
                    HPOS="454"
                    VPOS="754"
                    WIDTH="1050"
                    HEIGHT="129">
            <Shape><Polygon POINTS="458 841 458 754 1504 762 1504 841 1500 883 454 870"/></Shape>
	    <String CONTENT="De dyana secunda Iouis secundi fi&#39;"
                    HPOS="454"
                    VPOS="754"
                    WIDTH="1050"
                    HEIGHT="129"></String>
          </TextLine>

          
          
          <TextLine ID="eSc_line_440d21c7"
                    
                    BASELINE="466 925 774 925" 
                    HPOS="462"
                    VPOS="845"
                    WIDTH="309"
                    HEIGHT="105">
            <Shape><Polygon POINTS="462 925 462 845 771 854 771 925 771 945 462 950"/></Shape>
	    <String CONTENT="lia prima."
                    HPOS="462"
                    VPOS="845"
                    WIDTH="309"
                    HEIGHT="105"></String>
          </TextLine>

          
          
          <TextLine ID="eSc_line_62ed23db"
                    
                    BASELINE="458 1012 1500 1004" 
                    HPOS="454"
                    VPOS="925"
                    WIDTH="1046"
                    HEIGHT="120">
            <Shape><Polygon POINTS="458 1012 454 925 1492 929 1500 1004 1496 1029 458 1045"/></Shape>
	    <String CONTENT="De Apolline secundo Io.secundi fi"
                    HPOS="454"
                    VPOS="925"
                    WIDTH="1046"
                    HEIGHT="120"></String>
          </TextLine>

          
          
          <TextLine ID="eSc_line_103652c1"
                    
                    BASELINE="462 1087 1500 1095" 
                    HPOS="454"
                    VPOS="1008"
                    WIDTH="1046"
                    HEIGHT="125">
            <Shape><Polygon POINTS="462 1087 462 1008 1496 1020 1500 1095 1492 1133 454 1116"/></Shape>
	    <String CONTENT="lio:qui.xvi.ĩter filios &amp; filias genu&#39;"
                    HPOS="454"
                    VPOS="1008"
                    WIDTH="1046"
                    HEIGHT="125"></String>
          </TextLine>

          
          
          <TextLine ID="eSc_line_39d26068"
                    
                    BASELINE="462 1170 1496 1183" 
                    HPOS="454"
                    VPOS="1100"
                    WIDTH="1042"
                    HEIGHT="104">
            <Shape><Polygon POINTS="462 1170 462 1100 1492 1100 1496 1183 1488 1204 454 1191"/></Shape>
	    <String CONTENT="it:quorum hęc sunt nomina.prima"
                    HPOS="454"
                    VPOS="1100"
                    WIDTH="1042"
                    HEIGHT="104"></String>
          </TextLine>

          
          
          <TextLine ID="eSc_line_93eb2230"
                    
                    BASELINE="458 1258 1484 1266" 
                    HPOS="450"
                    VPOS="1179"
                    WIDTH="1034"
                    HEIGHT="112">
            <Shape><Polygon POINTS="458 1258 458 1179 1479 1179 1484 1266 1475 1291 450 1275"/></Shape>
	    <String CONTENT="lapitha.secunda eurinomes.tertia"
                    HPOS="450"
                    VPOS="1179"
                    WIDTH="1034"
                    HEIGHT="112"></String>
          </TextLine>

          
          
          <TextLine ID="eSc_line_e1625ae7"
                    
                    BASELINE="458 1345 1488 1341" 
                    HPOS="450"
                    VPOS="1270"
                    WIDTH="1038"
                    HEIGHT="113">
            <Shape><Polygon POINTS="458 1345 450 1275 1475 1270 1488 1341 1479 1383 454 1379"/></Shape>
	    <String CONTENT="mopsus.iiii.linus.v.phylistenes.vi."
                    HPOS="450"
                    VPOS="1270"
                    WIDTH="1038"
                    HEIGHT="113"></String>
          </TextLine>

          
          
          <TextLine ID="eSc_line_7a7cee9c"
                    
                    BASELINE="462 1433 1492 1433" 
                    HPOS="462"
                    VPOS="1362"
                    WIDTH="1030"
                    HEIGHT="104">
            <Shape><Polygon POINTS="462 1433 462 1362 1492 1362 1492 1433 1492 1454 462 1466"/></Shape>
	    <String CONTENT="garamas.vii.brãchus.viii.phylemõ."
                    HPOS="462"
                    VPOS="1362"
                    WIDTH="1030"
                    HEIGHT="104"></String>
          </TextLine>

          
          
          <TextLine ID="eSc_line_6c676afc"
                    
                    BASELINE="462 1516 1492 1508" 
                    HPOS="454"
                    VPOS="1437"
                    WIDTH="1038"
                    HEIGHT="104">
            <Shape><Polygon POINTS="462 1516 454 1445 1479 1437 1492 1508 1488 1541 458 1537"/></Shape>
	    <String CONTENT="viiii. orpheus.x. Ariste⁹.xi.nomius"
                    HPOS="454"
                    VPOS="1437"
                    WIDTH="1038"
                    HEIGHT="104"></String>
          </TextLine>

          
          
          <TextLine ID="eSc_line_d773f375"
                    
                    BASELINE="458 1595 1488 1604" 
                    HPOS="450"
                    VPOS="1516"
                    WIDTH="1038"
                    HEIGHT="121">
            <Shape><Polygon POINTS="458 1595 458 1516 1484 1520 1488 1604 1479 1637 450 1612"/></Shape>
	    <String CONTENT="xii.auctous.xiii.Argeus.xiiii.Escu&#39;"
                    HPOS="450"
                    VPOS="1516"
                    WIDTH="1038"
                    HEIGHT="121"></String>
          </TextLine>

          
          
          <TextLine ID="eSc_line_81ca6762"
                    
                    BASELINE="462 1675 1292 1687" 
                    HPOS="454"
                    VPOS="1595"
                    WIDTH="838"
                    HEIGHT="113">
            <Shape><Polygon POINTS="462 1675 462 1595 1288 1608 1292 1687 1283 1708 454 1695"/></Shape>
	    <String CONTENT="lapius.xv.psyche.xvi.Arabs."
                    HPOS="454"
                    VPOS="1595"
                    WIDTH="838"
                    HEIGHT="113"></String>
          </TextLine>

          
          
          <TextLine ID="eSc_line_d590d305"
                    
                    BASELINE="462 1762 1442 1770" 
                    HPOS="454"
                    VPOS="1666"
                    WIDTH="988"
                    HEIGHT="138">
            <Shape><Polygon POINTS="462 1762 462 1666 954 1691 1434 1675 1442 1770 1434 1804 454 1783"/></Shape>
	    <String CONTENT="De lapitha prima apollinis filia."
                    HPOS="454"
                    VPOS="1666"
                    WIDTH="988"
                    HEIGHT="138"></String>
          </TextLine>

          
          
          <TextLine ID="eSc_line_de48bfbd"
                    
                    BASELINE="462 1845 1375 1854" 
                    HPOS="454"
                    VPOS="1758"
                    WIDTH="921"
                    HEIGHT="121">
            <Shape><Polygon POINTS="462 1845 462 1758 1371 1779 1375 1854 1367 1879 454 1866"/></Shape>
	    <String CONTENT="De Eurione.ii.apollinis filia."
                    HPOS="454"
                    VPOS="1758"
                    WIDTH="921"
                    HEIGHT="121"></String>
          </TextLine>

          
          
          <TextLine ID="eSc_line_4ad70370"
                    
                    BASELINE="462 1925 1308 1937" 
                    HPOS="454"
                    VPOS="1841"
                    WIDTH="854"
                    HEIGHT="121">
            <Shape><Polygon POINTS="462 1925 462 1841 1304 1862 1308 1937 1300 1962 454 1945"/></Shape>
	    <String CONTENT="De mopso.iii.apollinis filio."
                    HPOS="454"
                    VPOS="1841"
                    WIDTH="854"
                    HEIGHT="121"></String>
          </TextLine>

          
          
          <TextLine ID="eSc_line_53c8e8af"
                    
                    BASELINE="462 2012 1258 2020" 
                    HPOS="454"
                    VPOS="1920"
                    WIDTH="804"
                    HEIGHT="121">
            <Shape><Polygon POINTS="462 2012 462 1920 1254 1929 1258 2020 1250 2041 454 2029"/></Shape>
	    <String CONTENT="De lino.iiii.apollinis filio."
                    HPOS="454"
                    VPOS="1920"
                    WIDTH="804"
                    HEIGHT="121"></String>
          </TextLine>

          
          
          <TextLine ID="eSc_line_daa61880"
                    
                    BASELINE="462 2100 1371 2100" 
                    HPOS="462"
                    VPOS="2008"
                    WIDTH="909"
                    HEIGHT="121">
            <Shape><Polygon POINTS="462 2100 462 2008 1371 2029 1371 2100 1371 2129 462 2129"/></Shape>
	    <String CONTENT="De physistene.v.apollinis filio."
                    HPOS="462"
                    VPOS="2008"
                    WIDTH="909"
                    HEIGHT="121"></String>
          </TextLine>

          
          
          <TextLine ID="eSc_line_3080f573"
                    
                    BASELINE="462 2179 1417 2187" 
                    HPOS="454"
                    VPOS="2095"
                    WIDTH="963"
                    HEIGHT="113">
            <Shape><Polygon POINTS="462 2179 462 2095 1417 2116 1417 2187 1409 2208 454 2195"/></Shape>
	    <String CONTENT="De garamante.vi.apollinis filio."
                    HPOS="454"
                    VPOS="2095"
                    WIDTH="963"
                    HEIGHT="113"></String>
          </TextLine>

          
          
          <TextLine ID="eSc_line_4899b80f"
                    
                    BASELINE="462 2262 1350 2275" 
                    HPOS="454"
                    VPOS="2183"
                    WIDTH="896"
                    HEIGHT="108">
            <Shape><Polygon POINTS="462 2262 462 2183 1346 2187 1350 2275 1342 2291 454 2279"/></Shape>
	    <String CONTENT="De brancho.vii.apollinis filio."
                    HPOS="454"
                    VPOS="2183"
                    WIDTH="896"
                    HEIGHT="108"></String>
          </TextLine>

          
          
          <TextLine ID="eSc_line_6d19934f"
                    
                    BASELINE="462 2345 1467 2354" 
                    HPOS="454"
                    VPOS="2258"
                    WIDTH="1013"
                    HEIGHT="117">
            <Shape><Polygon POINTS="462 2345 462 2258 1463 2262 1467 2354 1459 2375 454 2362"/></Shape>
	    <String CONTENT="De phylemone.viii.apollinis filio."
                    HPOS="454"
                    VPOS="2258"
                    WIDTH="1013"
                    HEIGHT="117"></String>
          </TextLine>

          
          
          <TextLine ID="eSc_line_56a9e840"
                    
                    BASELINE="462 2429 1350 2441" 
                    HPOS="454"
                    VPOS="2345"
                    WIDTH="896"
                    HEIGHT="113">
            <Shape><Polygon POINTS="462 2429 462 2345 1346 2354 1350 2441 1342 2458 454 2450"/></Shape>
	    <String CONTENT="De orpheo apollinis filio.viiii."
                    HPOS="454"
                    VPOS="2345"
                    WIDTH="896"
                    HEIGHT="113"></String>
          </TextLine>

          
          
          <TextLine ID="eSc_line_51828575"
                    
                    BASELINE="462 2512 1488 2520" 
                    HPOS="454"
                    VPOS="2425"
                    WIDTH="1034"
                    HEIGHT="125">
            <Shape><Polygon POINTS="462 2512 462 2425 1488 2429 1488 2520 1479 2550 454 2537"/></Shape>
	    <String CONTENT="De aristeo apollinis.x.filio:qui ge&#39;"
                    HPOS="454"
                    VPOS="2425"
                    WIDTH="1034"
                    HEIGHT="125"></String>
          </TextLine>

          
          
          <TextLine ID="eSc_line_1f7924cc"
                    
                    BASELINE="462 2600 1192 2600" 
                    HPOS="458"
                    VPOS="2533"
                    WIDTH="734"
                    HEIGHT="104">
            <Shape><Polygon POINTS="462 2600 462 2533 1192 2533 1192 2600 1188 2637 458 2620"/></Shape>
	    <String CONTENT="nuit atheonem &amp; Ilaum."
                    HPOS="458"
                    VPOS="2533"
                    WIDTH="734"
                    HEIGHT="104"></String>
          </TextLine>

          
          
          <TextLine ID="eSc_line_70aefa6e"
                    
                    BASELINE="462 2675 1208 2687" 
                    HPOS="454"
                    VPOS="2587"
                    WIDTH="754"
                    HEIGHT="133">
            <Shape><Polygon POINTS="462 2675 462 2587 1208 2616 1208 2687 1200 2720 454 2708"/></Shape>
	    <String CONTENT="De Atheone filio aristei."
                    HPOS="454"
                    VPOS="2587"
                    WIDTH="754"
                    HEIGHT="133"></String>
          </TextLine>

          
          
          <TextLine ID="eSc_line_cf2cf044"
                    
                    BASELINE="462 2766 1096 2766" 
                    HPOS="458"
                    VPOS="2691"
                    WIDTH="638"
                    HEIGHT="104">
            <Shape><Polygon POINTS="462 2766 462 2691 1096 2691 1096 2766 1092 2795 458 2783"/></Shape>
	    <String CONTENT="De Iolao aristei filio."
                    HPOS="458"
                    VPOS="2691"
                    WIDTH="638"
                    HEIGHT="104"></String>
          </TextLine>

          
          
          <TextLine ID="eSc_line_f5f4341d"
                    
                    BASELINE="462 2845 1321 2858" 
                    HPOS="454"
                    VPOS="2762"
                    WIDTH="867"
                    HEIGHT="113">
            <Shape><Polygon POINTS="462 2845 462 2762 1321 2779 1321 2858 1313 2875 454 2862"/></Shape>
	    <String CONTENT="De Nomio apollinis.xi.filio."
                    HPOS="454"
                    VPOS="2762"
                    WIDTH="867"
                    HEIGHT="113"></String>
          </TextLine>

          
          
          <TextLine ID="eSc_line_0e47c83a"
                    
                    BASELINE="462 2929 1313 2937" 
                    HPOS="454"
                    VPOS="2854"
                    WIDTH="859"
                    HEIGHT="116">
            <Shape><Polygon POINTS="462 2929 462 2854 1308 2854 1313 2937 1304 2970 454 2950"/></Shape>
	    <String CONTENT="De auctoo.xii.apollinis filio."
                    HPOS="454"
                    VPOS="2854"
                    WIDTH="859"
                    HEIGHT="116"></String>
          </TextLine>

          
          
          <TextLine ID="eSc_line_31615ab9"
                    
                    BASELINE="462 3012 1338 3020" 
                    HPOS="454"
                    VPOS="2925"
                    WIDTH="884"
                    HEIGHT="112">
            <Shape><Polygon POINTS="462 3012 462 2925 1333 2950 1338 3020 1329 3037 454 3029"/></Shape>
	    <String CONTENT="De Argeo.xiii.apollinis filio."
                    HPOS="454"
                    VPOS="2925"
                    WIDTH="884"
                    HEIGHT="112"></String>
          </TextLine>

          
          
          <TextLine ID="eSc_line_7e106777"
                    
                    BASELINE="462 3095 1454 3112" 
                    HPOS="454"
                    VPOS="3000"
                    WIDTH="1000"
                    HEIGHT="150">
            <Shape><Polygon POINTS="462 3095 462 3000 1450 3020 1454 3112 1446 3150 454 3120"/></Shape>
	    <String CONTENT="De Esculapio.xiiii.apollinis filio."
                    HPOS="454"
                    VPOS="3000"
                    WIDTH="1000"
                    HEIGHT="150"></String>
          </TextLine>

          
          
          <TextLine ID="eSc_line_af25c8f4"
                    
                    BASELINE="466 3187 1200 3187" 
                    HPOS="462"
                    VPOS="3108"
                    WIDTH="738"
                    HEIGHT="108">
            <Shape><Polygon POINTS="466 3187 462 3120 1196 3108 1200 3187 1196 3216 462 3208"/></Shape>
	    <String CONTENT="qui genuit machaonem."
                    HPOS="462"
                    VPOS="3108"
                    WIDTH="738"
                    HEIGHT="108"></String>
          </TextLine>

          
          
          <TextLine ID="eSc_line_6cd91ef0"
                    
                    BASELINE="466 3266 1479 3283" 
                    HPOS="462"
                    VPOS="3187"
                    WIDTH="1017"
                    HEIGHT="121">
            <Shape><Polygon POINTS="466 3266 466 3187 1479 3187 1479 3283 1475 3308 462 3308"/></Shape>
	    <String CONTENT="De machaone esculapii filio:ꝗ ge&#39;"
                    HPOS="462"
                    VPOS="3187"
                    WIDTH="1017"
                    HEIGHT="121"></String>
          </TextLine>

          
          
          <TextLine ID="eSc_line_8506f73e"
                    
                    BASELINE="462 3345 933 3354" 
                    HPOS="454"
                    VPOS="3275"
                    WIDTH="479"
                    HEIGHT="116">
            <Shape><Polygon POINTS="462 3345 462 3275 929 3275 933 3354 925 3391 454 3383"/></Shape>
	    <String CONTENT="nuit asclepium."
                    HPOS="454"
                    VPOS="3275"
                    WIDTH="479"
                    HEIGHT="116"></String>
          </TextLine>

          
          
          <TextLine ID="eSc_line_a0f33200"
                    
                    BASELINE="466 3433 1317 3445" 
                    HPOS="458"
                    VPOS="3358"
                    WIDTH="859"
                    HEIGHT="112">
            <Shape><Polygon POINTS="466 3433 466 3358 1313 3362 1317 3445 1308 3470 458 3450"/></Shape>
	    <String CONTENT="De asclepio machaonis filio."
                    HPOS="458"
                    VPOS="3358"
                    WIDTH="859"
                    HEIGHT="112"></String>
          </TextLine>

          
          
          <TextLine ID="eSc_line_a5605aeb"
                    
                    BASELINE="466 3516 1308 3529" 
                    HPOS="458"
                    VPOS="3425"
                    WIDTH="850"
                    HEIGHT="137">
            <Shape><Polygon POINTS="466 3516 466 3425 1304 3441 1308 3529 1300 3562 458 3537"/></Shape>
	    <String CONTENT="De psyche.xv.apollinis filia."
                    HPOS="458"
                    VPOS="3425"
                    WIDTH="850"
                    HEIGHT="137"></String>
          </TextLine>

          
          
          <TextLine ID="eSc_line_f7cc1b0d"
                    
                    BASELINE="466 3595 1313 3616" 
                    HPOS="458"
                    VPOS="3512"
                    WIDTH="855"
                    HEIGHT="133">
            <Shape><Polygon POINTS="466 3595 466 3512 1313 3533 1313 3616 1304 3645 458 3612"/></Shape>
	    <String CONTENT="De Arabe.xvi.apollinis filio."
                    HPOS="458"
                    VPOS="3512"
                    WIDTH="855"
                    HEIGHT="133"></String>
          </TextLine>

          
          
          <TextLine ID="eSc_line_672154b3"
                    
                    BASELINE="466 3683 1254 3695" 
                    HPOS="458"
                    VPOS="3600"
                    WIDTH="796"
                    HEIGHT="112">
            <Shape><Polygon POINTS="466 3683 466 3600 1250 3620 1254 3695 1246 3712 458 3700"/></Shape>
	    <String CONTENT="De thicio filio Iouis terio."
                    HPOS="458"
                    VPOS="3600"
                    WIDTH="796"
                    HEIGHT="112"></String>
          </TextLine>

          
          
          <TextLine ID="eSc_line_ab28521a"
                    
                    BASELINE="466 3766 1488 3787" 
                    HPOS="458"
                    VPOS="3675"
                    WIDTH="1030"
                    HEIGHT="145">
            <Shape><Polygon POINTS="466 3766 466 3675 1484 3700 1488 3787 1479 3820 458 3783"/></Shape>
	    <String CONTENT="De baccho secundi Iouis filio.iiii.ꝗ"
                    HPOS="458"
                    VPOS="3675"
                    WIDTH="1030"
                    HEIGHT="145"></String>
          </TextLine>

          
          
          <TextLine ID="eSc_line_5cbbc5f1"
                    
                    BASELINE="466 3858 1471 3866" 
                    HPOS="458"
                    VPOS="3779"
                    WIDTH="1013"
                    HEIGHT="196">
            <Shape><Polygon POINTS="466 3858 466 3779 1467 3791 1471 3866 1467 3975 1363 3975 1359 3970 1359 3970 1354 3970 1354 3970 1354 3970 1354 3970 1350 3970 1350 3970 1350 3966 1325 3945 1067 3962 1063 3962 1063 3962 1063 3962 1058 3962 1058 3962 983 3929 929 3954 929 3954 925 3954 925 3954 925 3954 921 3954 921 3954 921 3954 917 3954 917 3954 842 3925 587 3925 537 3966 537 3966 537 3966 533 3966 533 3966 533 3966 529 3966 529 3966 529 3966 525 3966 458 3962"/></Shape>
	    <String CONTENT="genuit hymeneuym thyoneum &amp;"
                    HPOS="458"
                    VPOS="3779"
                    WIDTH="1013"
                    HEIGHT="196"></String>
          </TextLine>

          
        </TextBlock>
        
        <TextBlock HPOS="1717"
                   VPOS="433"
                   WIDTH="1080"
                   HEIGHT="3462"
                   ID="eSc_textblock_94fea669"
                   TAGREFS="BT2">
          <Shape><Polygon POINTS="2497 516 2534 683 2780 716 2763 795 2745 805 2190 805 2190 863 2554 863 2554 954 2748 954 2780 1050 2749 1140 2463 1140 2463 1210 2549 1210 2549 1285 2793 1285 2797 1300 2795 1413 2587 1413 2587 1520 2773 1520 2773 2041 2268 2041 2268 2128 2784 2128 2782 2255 2782 2216 2108 2216 2108 2267 2782 2267 2780 2379 2778 2388 2372 2388 2372 2453 2458 2453 2458 2531 2765 2531 2780 2679 2668 2730 2458 2730 2458 2864 2717 2864 2717 2863 2780 2883 2780 2959 1888 2959 1888 3032 2747 3032 2747 3248 2510 3248 2510 3291 2570 3291 2570 3369 2652 3369 2652 3365 2747 3365 2747 3382 2780 3382 2780 3555 2212 3555 2212 3581 2216 3581 2216 3628 2780 3628 2780 3732 2194 3732 2194 3792 2780 3792 2780 3845 2713 3895 1717 3879 1750 433"/></Shape>
          
          
          <TextLine ID="eSc_line_d7c22549"
                    
                    BASELINE="1725 504 2076 504" 
                    HPOS="1721"
                    VPOS="420"
                    WIDTH="355"
                    HEIGHT="117">
            <Shape><Polygon POINTS="1725 504 1725 420 2076 420 2076 504 2071 537 1721 529"/></Shape>
	    <String CONTENT="thoantem."
                    HPOS="1721"
                    VPOS="420"
                    WIDTH="355"
                    HEIGHT="117"></String>
          </TextLine>

          
          
          <TextLine ID="eSc_line_d62a6aab"
                    
                    BASELINE="1730 591 2497 591" 
                    HPOS="1725"
                    VPOS="416"
                    WIDTH="776"
                    HEIGHT="213">
            <Shape><Polygon POINTS="1730 591 1730 500 2042 500 2071 470 2088 454 2088 450 2088 518 2274 500 2221 416 2283 511 2501 513 2497 591 2492 629 1725 612"/></Shape>
	    <String CONTENT="De hymeneo filio bacchi."
                    HPOS="1725"
                    VPOS="416"
                    WIDTH="776"
                    HEIGHT="213"></String>
          </TextLine>

          
          
          <TextLine ID="eSc_line_d386d7b4"
                    
                    BASELINE="1730 670 2480 670" 
                    HPOS="1725"
                    VPOS="587"
                    WIDTH="755"
                    HEIGHT="125">
            <Shape><Polygon POINTS="1730 670 1730 587 2480 600 2480 670 2476 712 1725 695"/></Shape>
	    <String CONTENT="De thyoneo bacchi filio."
                    HPOS="1725"
                    VPOS="587"
                    WIDTH="755"
                    HEIGHT="125"></String>
          </TextLine>

          
          
          <TextLine ID="eSc_line_73e1f8ae"
                    
                    BASELINE="1730 754 2763 762" 
                    HPOS="1721"
                    VPOS="670"
                    WIDTH="1042"
                    HEIGHT="113">
            <Shape><Polygon POINTS="1730 754 1725 675 2755 670 2763 762 2755 783 1721 775"/></Shape>
	    <String CONTENT="De thoante bacchi filio:qui genuit"
                    HPOS="1721"
                    VPOS="670"
                    WIDTH="1042"
                    HEIGHT="113"></String>
          </TextLine>

          
          
          <TextLine ID="eSc_line_c26e1a66"
                    
                    BASELINE="1725 845 2114 845" 
                    HPOS="1717"
                    VPOS="770"
                    WIDTH="396"
                    HEIGHT="109">
            <Shape><Polygon POINTS="1721 841 1721 770 2113 770 2113 841 2109 879 1717 866"/></Shape>
	    <String CONTENT="ypsypylem."
                    HPOS="1717"
                    VPOS="770"
                    WIDTH="396"
                    HEIGHT="109"></String>
          </TextLine>

          
          
          <TextLine ID="eSc_line_ed147484"
                    
                    BASELINE="1730 929 2551 920" 
                    HPOS="1721"
                    VPOS="850"
                    WIDTH="830"
                    HEIGHT="108">
            <Shape><Polygon POINTS="1730 929 1721 858 2538 850 2551 920 2542 958 1725 954"/></Shape>
	    <String CONTENT="De ypsypyle thoantis filia."
                    HPOS="1721"
                    VPOS="850"
                    WIDTH="830"
                    HEIGHT="108"></String>
          </TextLine>

          
          
          <TextLine ID="eSc_line_e9bcd56b"
                    
                    BASELINE="1730 1012 2734 1012" 
                    HPOS="1721"
                    VPOS="916"
                    WIDTH="1013"
                    HEIGHT="138">
            <Shape><Polygon POINTS="1730 1012 1721 937 1792 916 1796 916 1796 916 1796 916 1800 916 1800 916 1805 916 1805 916 1850 933 1863 941 2576 941 2730 916 2734 1012 2730 1054 1725 1037"/></Shape>
	    <String CONTENT="De aphyone rege thebarum.v."
                    HPOS="1721"
                    VPOS="916"
                    WIDTH="1013"
                    HEIGHT="138"></String>
          </TextLine>

          
          
          <TextLine ID="eSc_line_9f9da27b"
                    
                    BASELINE="1730 1095 2755 1087" 
                    HPOS="1725"
                    VPOS="1016"
                    WIDTH="1030"
                    HEIGHT="104">
            <Shape><Polygon POINTS="1730 1095 1725 1016 2747 1020 2755 1087 2751 1112 1730 1120"/></Shape>
	    <String CONTENT="Iouis secundi filio:qui septẽ genuit"
                    HPOS="1725"
                    VPOS="1016"
                    WIDTH="1030"
                    HEIGHT="104"></String>
          </TextLine>

          
          
          <TextLine ID="eSc_line_dc56046b"
                    
                    BASELINE="1730 1179 2409 1170" 
                    HPOS="1721"
                    VPOS="1087"
                    WIDTH="688"
                    HEIGHT="129">
            <Shape><Polygon POINTS="1730 1179 1721 1104 2397 1087 2409 1170 2401 1216 1725 1200"/></Shape>
	    <String CONTENT="filios &amp; totidiem filias."
                    HPOS="1721"
                    VPOS="1087"
                    WIDTH="688"
                    HEIGHT="129"></String>
          </TextLine>

          
          
          <TextLine ID="eSc_line_6ca3c2c2"
                    
                    BASELINE="1730 1262 2530 1258" 
                    HPOS="1725"
                    VPOS="1183"
                    WIDTH="805"
                    HEIGHT="108">
            <Shape><Polygon POINTS="1730 1262 1725 1183 2522 1191 2530 1258 2526 1291 1730 1291"/></Shape>
	    <String CONTENT="De.xiiii.filiis.amphyonis."
                    HPOS="1725"
                    VPOS="1183"
                    WIDTH="805"
                    HEIGHT="108"></String>
          </TextLine>

          
          
          <TextLine ID="eSc_line_a0a965d4"
                    
                    BASELINE="1730 1350 2772 1341" 
                    HPOS="1725"
                    VPOS="1262"
                    WIDTH="1047"
                    HEIGHT="125">
            <Shape><Polygon POINTS="1730 1350 1725 1262 2763 1270 2772 1341 2763 1387 1725 1379"/></Shape>
	    <String CONTENT="De zetho secundi Iouis filio.vi.ꝗ"
                    HPOS="1725"
                    VPOS="1262"
                    WIDTH="1047"
                    HEIGHT="125"></String>
          </TextLine>

          
          
          <TextLine ID="eSc_line_8f007bba"
                    
                    BASELINE="1742 1429 2555 1437" 
                    HPOS="1738"
                    VPOS="1354"
                    WIDTH="817"
                    HEIGHT="104">
            <Shape><Polygon POINTS="1742 1429 1742 1354 2551 1362 2555 1437 2551 1454 1738 1458"/></Shape>
	    <String CONTENT="genuit ythylum &amp; thyim."
                    HPOS="1738"
                    VPOS="1354"
                    WIDTH="817"
                    HEIGHT="104"></String>
          </TextLine>

          
          
          <TextLine ID="eSc_line_72391d16"
                    
                    BASELINE="1734 1516 2597 1516" 
                    HPOS="1730"
                    VPOS="1441"
                    WIDTH="867"
                    HEIGHT="113">
            <Shape><Polygon POINTS="1734 1516 1734 1441 2597 1441 2597 1516 2592 1554 1730 1537"/></Shape>
	    <String CONTENT="De ythylo &amp; thyli filiis zethi."
                    HPOS="1730"
                    VPOS="1441"
                    WIDTH="867"
                    HEIGHT="113"></String>
          </TextLine>

          
          
          <TextLine ID="eSc_line_16176f64"
                    
                    BASELINE="1730 1595 2776 1595" 
                    HPOS="1730"
                    VPOS="1512"
                    WIDTH="1046"
                    HEIGHT="108">
            <Shape><Polygon POINTS="1730 1595 1730 1512 2776 1529 2776 1595 2776 1620 1730 1620"/></Shape>
	    <String CONTENT="De chalato secundi Iouis filio.vii."
                    HPOS="1730"
                    VPOS="1512"
                    WIDTH="1046"
                    HEIGHT="108"></String>
          </TextLine>

          
          
          <TextLine ID="eSc_line_de35cc9b"
                    
                    BASELINE="1730 1683 2772 1683" 
                    HPOS="1725"
                    VPOS="1604"
                    WIDTH="1047"
                    HEIGHT="112">
            <Shape><Polygon POINTS="1730 1683 1725 1608 2768 1604 2772 1683 2768 1716 1725 1712"/></Shape>
	    <String CONTENT="De pasithea &amp; egyale &amp; euprosine"
                    HPOS="1725"
                    VPOS="1604"
                    WIDTH="1047"
                    HEIGHT="112"></String>
          </TextLine>

          
          
          <TextLine ID="eSc_line_066feae2"
                    
                    BASELINE="1734 1766 2747 1766" 
                    HPOS="1730"
                    VPOS="1695"
                    WIDTH="1017"
                    HEIGHT="96">
            <Shape><Polygon POINTS="1734 1766 1734 1695 2747 1700 2747 1766 2743 1791 1730 1787"/></Shape>
	    <String CONTENT="gratiis secundi Iouis filiabus."
                    HPOS="1730"
                    VPOS="1695"
                    WIDTH="1017"
                    HEIGHT="96"></String>
          </TextLine>

          
          
          <TextLine ID="eSc_line_061c05d2"
                    
                    BASELINE="1734 1854 2759 1845" 
                    HPOS="1725"
                    VPOS="1754"
                    WIDTH="1034"
                    HEIGHT="137">
            <Shape><Polygon POINTS="1734 1854 1725 1762 2747 1754 2759 1845 2751 1891 1730 1875"/></Shape>
	    <String CONTENT="De lacedemone.xi.secundi Iouis"
                    HPOS="1725"
                    VPOS="1754"
                    WIDTH="1034"
                    HEIGHT="137"></String>
          </TextLine>

          
          
          <TextLine ID="eSc_line_966fb496"
                    
                    BASELINE="1730 1929 2542 1937" 
                    HPOS="1721"
                    VPOS="1850"
                    WIDTH="821"
                    HEIGHT="112">
            <Shape><Polygon POINTS="1730 1929 1725 1854 2534 1850 2542 1937 2534 1962 1721 1950"/></Shape>
	    <String CONTENT="filio:qui genuit amiclatem."
                    HPOS="1721"
                    VPOS="1850"
                    WIDTH="821"
                    HEIGHT="112"></String>
          </TextLine>

          
          
          <TextLine ID="eSc_line_658b4258"
                    
                    BASELINE="1730 2016 2772 2016" 
                    HPOS="1725"
                    VPOS="1929"
                    WIDTH="1047"
                    HEIGHT="121">
            <Shape><Polygon POINTS="1730 2016 1730 1929 2772 1941 2772 2016 2768 2050 1725 2045"/></Shape>
	    <String CONTENT="De amiclate filio lacedemonis:qui"
                    HPOS="1725"
                    VPOS="1929"
                    WIDTH="1047"
                    HEIGHT="121"></String>
          </TextLine>

          
          
          <TextLine ID="eSc_line_625673fb"
                    
                    BASELINE="1730 2104 2238 2104" 
                    HPOS="1725"
                    VPOS="2025"
                    WIDTH="513"
                    HEIGHT="116">
            <Shape><Polygon POINTS="1730 2104 1730 2025 2238 2033 2238 2104 2234 2141 1725 2129"/></Shape>
	    <String CONTENT="genuit argulum."
                    HPOS="1725"
                    VPOS="2025"
                    WIDTH="513"
                    HEIGHT="116"></String>
          </TextLine>

          
          
          <TextLine ID="eSc_line_a09f1868"
                    
                    BASELINE="1730 2179 2772 2191" 
                    HPOS="1721"
                    VPOS="2108"
                    WIDTH="1051"
                    HEIGHT="121">
            <Shape><Polygon POINTS="1730 2179 1730 2108 2768 2120 2772 2191 2768 2208 2497 2229 2492 2229 1721 2200"/></Shape>
	    <String CONTENT="De argilo filio amiclatis:qui genu"
                    HPOS="1721"
                    VPOS="2108"
                    WIDTH="1051"
                    HEIGHT="121"></String>
          </TextLine>

          
          
          <TextLine ID="eSc_line_8010bde8"
                    
                    BASELINE="1730 2266 2092 2262" 
                    HPOS="1721"
                    VPOS="2187"
                    WIDTH="371"
                    HEIGHT="113">
            <Shape><Polygon POINTS="1730 2266 1721 2200 2080 2187 2092 2262 2084 2300 1725 2287"/></Shape>
	    <String CONTENT="it oebalum."
                    HPOS="1721"
                    VPOS="2187"
                    WIDTH="371"
                    HEIGHT="113"></String>
          </TextLine>

          
          
          <TextLine ID="eSc_line_64b735a0"
                    
                    BASELINE="1730 2354 2751 2345" 
                    HPOS="1725"
                    VPOS="2270"
                    WIDTH="1026"
                    HEIGHT="125">
            <Shape><Polygon POINTS="1730 2354 1725 2270 2743 2283 2751 2345 2743 2395 1725 2387"/></Shape>
	    <String CONTENT="De oebalo qrguli filio:qui genuit"
                    HPOS="1725"
                    VPOS="2270"
                    WIDTH="1026"
                    HEIGHT="125"></String>
          </TextLine>

          
          
          <TextLine ID="eSc_line_7d662f97"
                    
                    BASELINE="1730 2437 2367 2437" 
                    HPOS="1725"
                    VPOS="2370"
                    WIDTH="642"
                    HEIGHT="96">
            <Shape><Polygon POINTS="1730 2437 1730 2370 2367 2370 2367 2437 2363 2466 1725 2458"/></Shape>
	    <String CONTENT="tyndarum &amp; Icarum."
                    HPOS="1725"
                    VPOS="2370"
                    WIDTH="642"
                    HEIGHT="96"></String>
          </TextLine>

          
          
          <TextLine ID="eSc_line_bd5bdd91"
                    
                    BASELINE="1730 2520 2447 2520" 
                    HPOS="1725"
                    VPOS="2441"
                    WIDTH="722"
                    HEIGHT="104">
            <Shape><Polygon POINTS="1730 2520 1730 2441 2447 2441 2447 2520 2442 2545 1725 2541"/></Shape>
	    <String CONTENT="De tyndaro oebali filio."
                    HPOS="1725"
                    VPOS="2441"
                    WIDTH="722"
                    HEIGHT="104"></String>
          </TextLine>

          
          
          <TextLine ID="eSc_line_a00a6e11"
                    
                    BASELINE="1730 2604 2763 2604" 
                    HPOS="1725"
                    VPOS="2516"
                    WIDTH="1038"
                    HEIGHT="121">
            <Shape><Polygon POINTS="1730 2604 1725 2529 2759 2516 2763 2604 2763 2633 1730 2637"/></Shape>
	    <String CONTENT="De Icaro oebali filio:qui genuit eri"
                    HPOS="1725"
                    VPOS="2516"
                    WIDTH="1038"
                    HEIGHT="121"></String>
          </TextLine>

          
          
          <TextLine ID="eSc_line_bd79c8c7"
                    
                    BASELINE="1730 2683 2743 2691" 
                    HPOS="1721"
                    VPOS="2608"
                    WIDTH="1022"
                    HEIGHT="121">
            <Shape><Polygon POINTS="1730 2683 1725 2612 2734 2608 2743 2691 2734 2729 1721 2708"/></Shape>
	    <String CONTENT="gonem ypthimam &amp; penelopem."
                    HPOS="1721"
                    VPOS="2608"
                    WIDTH="1022"
                    HEIGHT="121"></String>
          </TextLine>

          
          
          <TextLine ID="eSc_line_c1c77dfe"
                    
                    BASELINE="1730 2775 2367 2775" 
                    HPOS="1725"
                    VPOS="2691"
                    WIDTH="642"
                    HEIGHT="117">
            <Shape><Polygon POINTS="1730 2775 1730 2691 2367 2700 2367 2775 2363 2808 1725 2795"/></Shape>
	    <String CONTENT="De erigone filia Iari."
                    HPOS="1725"
                    VPOS="2691"
                    WIDTH="642"
                    HEIGHT="117"></String>
          </TextLine>

          
          
          <TextLine ID="eSc_line_5dda14ee"
                    
                    BASELINE="1730 2854 2451 2854" 
                    HPOS="1725"
                    VPOS="2779"
                    WIDTH="726"
                    HEIGHT="104">
            <Shape><Polygon POINTS="1730 2854 1730 2779 2451 2783 2451 2854 2447 2883 1725 2875"/></Shape>
	    <String CONTENT="De ypthima filia Iccari."
                    HPOS="1725"
                    VPOS="2779"
                    WIDTH="726"
                    HEIGHT="104"></String>
          </TextLine>

          
          
          <TextLine ID="eSc_line_8e2a5cbc"
                    
                    BASELINE="1730 2941 2759 2941" 
                    HPOS="1730"
                    VPOS="2854"
                    WIDTH="1029"
                    HEIGHT="125">
            <Shape><Polygon POINTS="1730 2941 1730 2854 2759 2866 2759 2941 2759 2979 1730 2979"/></Shape>
	    <String CONTENT="De penelope filia Icari &amp; ulixis u&#39;"
                    HPOS="1730"
                    VPOS="2854"
                    WIDTH="1029"
                    HEIGHT="125"></String>
          </TextLine>

          
          
          <TextLine ID="eSc_line_4f371960"
                    
                    BASELINE="1730 3016 1884 3016" 
                    HPOS="1730"
                    VPOS="2962"
                    WIDTH="154"
                    HEIGHT="75">
            <Shape><Polygon POINTS="1730 3016 1730 2962 1884 2962 1884 3016 1884 3037 1730 3037"/></Shape>
	    <String CONTENT="xor."
                    HPOS="1730"
                    VPOS="2962"
                    WIDTH="154"
                    HEIGHT="75"></String>
          </TextLine>

          
          
          <TextLine ID="eSc_line_0bf6bee4"
                    
                    BASELINE="1730 3100 2734 3108" 
                    HPOS="1721"
                    VPOS="2983"
                    WIDTH="1013"
                    HEIGHT="158">
            <Shape><Polygon POINTS="1730 3100 1730 3012 2288 3037 2321 3012 2321 3008 2321 3008 2326 3008 2326 3008 2330 3008 2330 3008 2330 3008 2334 3008 2334 3008 2334 3008 2338 3008 2338 3008 2342 3008 2342 3008 2342 3012 2376 3041 2447 3041 2530 2987 2534 2983 2538 2983 2538 2983 2538 2983 2542 2983 2542 2983 2547 2983 2730 2983 2734 3108 2726 3141 1721 3120"/></Shape>
	    <String CONTENT="De tantalo.xii.iouis secundi filio:"
                    HPOS="1721"
                    VPOS="2983"
                    WIDTH="1013"
                    HEIGHT="158"></String>
          </TextLine>

          
          
          <TextLine ID="eSc_line_befb13fc"
                    
                    BASELINE="1730 3183 2751 3200" 
                    HPOS="1721"
                    VPOS="3100"
                    WIDTH="1030"
                    HEIGHT="137">
            <Shape><Polygon POINTS="1730 3183 1730 3100 2751 3116 2751 3200 2747 3216 2497 3237 2492 3237 1721 3204"/></Shape>
	    <String CONTENT="De hercule.xiii.secundi iouis filio."
                    HPOS="1721"
                    VPOS="3100"
                    WIDTH="1030"
                    HEIGHT="137"></String>
          </TextLine>

          
          
          <TextLine ID="eSc_line_d4e7c137"
                    
                    BASELINE="1734 3266 2495 3283" 
                    HPOS="1721"
                    VPOS="3195"
                    WIDTH="771"
                    HEIGHT="109">
            <Shape><Polygon POINTS="1730 3262 1730 3195 2488 3212 2492 3279 2484 3304 1721 3287"/></Shape>
	    <String CONTENT="qui genuit carthaginem."
                    HPOS="1721"
                    VPOS="3195"
                    WIDTH="771"
                    HEIGHT="109"></String>
          </TextLine>

          
          
          <TextLine ID="eSc_line_d04c715b"
                    
                    BASELINE="1730 3362 2592 3358" 
                    HPOS="1725"
                    VPOS="3266"
                    WIDTH="867"
                    HEIGHT="129">
            <Shape><Polygon POINTS="1730 3362 1725 3275 2584 3266 2592 3358 2584 3395 1725 3383"/></Shape>
	    <String CONTENT="De carthagine herculis filia."
                    HPOS="1725"
                    VPOS="3266"
                    WIDTH="867"
                    HEIGHT="129"></String>
          </TextLine>

          
          
          <TextLine ID="eSc_line_5fcd8a99"
                    
                    BASELINE="1730 3441 2759 3450" 
                    HPOS="1721"
                    VPOS="3358"
                    WIDTH="1038"
                    HEIGHT="112">
            <Shape><Polygon POINTS="1730 3441 1730 3358 2759 3358 2759 3450 2751 3470 1721 3458"/></Shape>
	    <String CONTENT="De Minerua secũdi Iouis filia.xiiii"
                    HPOS="1721"
                    VPOS="3358"
                    WIDTH="1038"
                    HEIGHT="112"></String>
          </TextLine>

          
          
          <TextLine ID="eSc_line_86d7008e"
                    
                    BASELINE="1730 3525 2755 3541" 
                    HPOS="1721"
                    VPOS="3441"
                    WIDTH="1034"
                    HEIGHT="142">
            <Shape><Polygon POINTS="1730 3525 1725 3445 2747 3441 2755 3541 2747 3583 1721 3554"/></Shape>
	    <String CONTENT="De archade.xv.secundi iouis filio ꝗ"
                    HPOS="1721"
                    VPOS="3441"
                    WIDTH="1034"
                    HEIGHT="142"></String>
          </TextLine>

          
          
          <TextLine ID="eSc_line_73a9381e"
                    
                    BASELINE="1730 3608 2209 3616" 
                    HPOS="1725"
                    VPOS="3516"
                    WIDTH="484"
                    HEIGHT="117">
            <Shape><Polygon POINTS="1730 3608 1725 3537 1959 3516 1963 3516 1963 3516 2205 3545 2209 3616 2205 3629 1725 3633"/></Shape>
	    <String CONTENT="genuit yonium."
                    HPOS="1725"
                    VPOS="3516"
                    WIDTH="484"
                    HEIGHT="117"></String>
          </TextLine>

          
          
          <TextLine ID="eSc_line_ad300482"
                    
                    BASELINE="1734 3691 2763 3704" 
                    HPOS="1725"
                    VPOS="3612"
                    WIDTH="1038"
                    HEIGHT="121">
            <Shape><Polygon POINTS="1734 3691 1734 3612 2759 3625 2763 3704 2755 3733 1725 3720"/></Shape>
	    <String CONTENT="De yonio filio archadis:qui genuit"
                    HPOS="1725"
                    VPOS="3612"
                    WIDTH="1038"
                    HEIGHT="121"></String>
          </TextLine>

          
          
          <TextLine ID="eSc_line_00049f4e"
                    
                    BASELINE="1730 3783 2151 3791" 
                    HPOS="1717"
                    VPOS="3683"
                    WIDTH="429"
                    HEIGHT="129">
            <Shape><Polygon POINTS="1725 3779 1725 3683 2142 3700 2146 3787 2138 3812 1717 3804"/></Shape>
	    <String CONTENT="Nicostratam."
                    HPOS="1717"
                    VPOS="3683"
                    WIDTH="429"
                    HEIGHT="129"></String>
          </TextLine>

          
          
          <TextLine ID="eSc_line_1a4bfa36"
                    
                    BASELINE="1725 3870 2763 3870" 
                    HPOS="1725"
                    VPOS="3795"
                    WIDTH="1038"
                    HEIGHT="200">
            <Shape><Polygon POINTS="1725 3870 1725 3795 2763 3795 2763 3870 2763 3962 1925 3995 1921 3995 1921 3995 1921 3995 1880 3987 1784 3966 1730 3991"/></Shape>
	    <String CONTENT="De Nicostrata filia yonii &amp; matre"
                    HPOS="1725"
                    VPOS="3795"
                    WIDTH="1038"
                    HEIGHT="200"></String>
          </TextLine>

          
        </TextBlock>
        
        <TextBlock HPOS="3154"
                   VPOS="150"
                   WIDTH="99"
                   HEIGHT="92"
                   ID="eSc_textblock_1ef4d82e"
                   TAGREFS="BT1467">
          <Shape><Polygon POINTS="3253 150 3251 239 3154 242 3184 150"/></Shape>
          
          
          <TextLine ID="eSc_line_08ba3695"
                    
                    BASELINE="3161 219 3243 216" 
                    HPOS="3151"
                    VPOS="158"
                    WIDTH="88"
                    HEIGHT="117">
            <Shape><Polygon POINTS="3159 216 3151 162 3226 158 3239 212 3239 266 3159 275"/></Shape>
	    <String CONTENT="4"
                    HPOS="3151"
                    VPOS="158"
                    WIDTH="88"
                    HEIGHT="117"></String>
          </TextLine>

          
        </TextBlock>
        
        <TextBlock HPOS="3155"
                   VPOS="136"
                   WIDTH="31"
                   HEIGHT="4"
                   ID="eSc_textblock_e708b13f"
                   TAGREFS="BT">
          <Shape><Polygon POINTS="3186 140 3186 136 3155 136 3155 140"/></Shape>
          
        </TextBlock>
        

        
      </PrintSpace>
    </Page>
  </Layout>
</alto>
