<?xml version="1.0" encoding="UTF-8"?>
<alto xmlns:xsi="http://www.w3.org/2001/XMLSchema-instance"
      xmlns="http://www.loc.gov/standards/alto/ns-v4#"
      xsi:schemaLocation="http://www.loc.gov/standards/alto/ns-v4# http://www.loc.gov/standards/alto/v4/alto-4-2.xsd">
  <Description>
    <MeasurementUnit>pixel</MeasurementUnit>
    <sourceImageInformation>
      <fileName>20_e8feb_default.jpg</fileName>
      <fileIdentifier>https://mazarinum.bibliotheque-mazarine.fr/i/?IIIF=/af/0a/c2/41/af0ac241-0f82-4dc2-a6df-bb95b17c4e73/iiif/751063002_inc59_0021.tif/full/full/0/default.jpg</fileIdentifier>
    </sourceImageInformation>
  </Description>
  
  <Tags>
    <OtherTag ID="BT1" LABEL="Title" DESCRIPTION="block type Title"/><OtherTag ID="BT2" LABEL="Main" DESCRIPTION="block type Main"/><OtherTag ID="BT3" LABEL="Commentary" DESCRIPTION="block type Commentary"/><OtherTag ID="BT4" LABEL="Illustration" DESCRIPTION="block type Illustration"/><OtherTag ID="BT1467" LABEL="Page" DESCRIPTION="block type Page"/>
    <OtherTag ID="LT1" LABEL="Main" DESCRIPTION="line type Main"/><OtherTag ID="LT2" LABEL="Numbering" DESCRIPTION="line type Numbering"/><OtherTag ID="LT3" LABEL="Correction" DESCRIPTION="line type Correction"/><OtherTag ID="LT4" LABEL="Signature" DESCRIPTION="line type Signature"/>
  </Tags>
  
  <Layout>
    <Page WIDTH="3731"
          HEIGHT="5000"
          PHYSICAL_IMG_NR="12"
          ID="eSc_dummypage_">
      <PrintSpace HPOS="0"
                  VPOS="0"
                  WIDTH="3731"
                  HEIGHT="5000">
        
        <TextBlock HPOS="500"
                   VPOS="450"
                   WIDTH="1129"
                   HEIGHT="3479"
                   ID="eSc_textblock_d0f7052d"
                   TAGREFS="BT2">
          <Shape><Polygon POINTS="1629 483 1616 1161 1125 1161 1125 1230 1614 1230 1613 1295 1604 1330 1293 1330 1293 1388 1590 1388 1563 1499 892 1499 892 1509 887 1509 887 1541 1462 1541 1462 1647 1565 1647 1596 1779 1580 1842 966 1842 966 1884 1330 1884 1330 2016 1373 2016 1373 2064 1579 2064 1579 2159 929 2159 929 2227 1579 2227 1579 2329 1566 2338 892 2338 892 2386 1389 2386 1389 2565 1557 2565 1579 2583 1575 2660 802 2660 802 2729 1572 2729 1563 2912 1500 2940 998 2940 998 3062 1468 3062 1563 3083 1553 3342 818 3342 818 3405 1550 3405 1539 3685 1468 3685 1468 3748 1536 3748 1529 3929 500 3895 514 3306 741 3306 741 3031 505 3031 500 2979 566 450"/></Shape>
          
          
          <TextLine ID="eSc_line_a794dbb4"
                    
                    BASELINE="550 516 1600 533" 
                    HPOS="541"
                    VPOS="416"
                    WIDTH="1059"
                    HEIGHT="159">
            <Shape><Polygon POINTS="550 516 550 416 1600 420 1600 533 1592 575 541 541"/></Shape>
	    <String CONTENT=""
                    HPOS="541"
                    VPOS="416"
                    WIDTH="1059"
                    HEIGHT="159"></String>
          </TextLine>

          
          
          <TextLine ID="eSc_line_3c1ba387"
                    
                    BASELINE="550 600 1588 625" 
                    HPOS="541"
                    VPOS="520"
                    WIDTH="1047"
                    HEIGHT="142">
            <Shape><Polygon POINTS="550 600 550 520 1584 550 1588 625 1579 662 541 620"/></Shape>
	    <String CONTENT=""
                    HPOS="541"
                    VPOS="520"
                    WIDTH="1047"
                    HEIGHT="142"></String>
          </TextLine>

          
          
          <TextLine ID="eSc_line_9edd6feb"
                    
                    BASELINE="550 687 1588 708" 
                    HPOS="541"
                    VPOS="612"
                    WIDTH="1047"
                    HEIGHT="138">
            <Shape><Polygon POINTS="550 687 550 612 1584 633 1588 708 1579 750 541 729"/></Shape>
	    <String CONTENT=""
                    HPOS="541"
                    VPOS="612"
                    WIDTH="1047"
                    HEIGHT="138"></String>
          </TextLine>

          
          
          <TextLine ID="eSc_line_7c2b4cfc"
                    
                    BASELINE="546 770 1571 787" 
                    HPOS="537"
                    VPOS="704"
                    WIDTH="1034"
                    HEIGHT="125">
            <Shape><Polygon POINTS="546 770 546 704 1567 720 1571 787 1563 829 537 804"/></Shape>
	    <String CONTENT=""
                    HPOS="537"
                    VPOS="704"
                    WIDTH="1034"
                    HEIGHT="125"></String>
          </TextLine>

          
          
          <TextLine ID="eSc_line_d7072b03"
                    
                    BASELINE="550 854 1592 875" 
                    HPOS="541"
                    VPOS="783"
                    WIDTH="1051"
                    HEIGHT="129">
            <Shape><Polygon POINTS="550 854 550 783 1588 804 1592 875 1584 912 541 870"/></Shape>
	    <String CONTENT=""
                    HPOS="541"
                    VPOS="783"
                    WIDTH="1051"
                    HEIGHT="129"></String>
          </TextLine>

          
          
          <TextLine ID="eSc_line_10672843"
                    
                    BASELINE="546 937 1584 958" 
                    HPOS="537"
                    VPOS="866"
                    WIDTH="1047"
                    HEIGHT="134">
            <Shape><Polygon POINTS="546 937 546 866 1579 887 1584 958 1575 1000 537 979"/></Shape>
	    <String CONTENT=""
                    HPOS="537"
                    VPOS="866"
                    WIDTH="1047"
                    HEIGHT="134"></String>
          </TextLine>

          
          
          <TextLine ID="eSc_line_c72a618c"
                    
                    BASELINE="550 1016 1584 1045" 
                    HPOS="541"
                    VPOS="950"
                    WIDTH="1043"
                    HEIGHT="137">
            <Shape><Polygon POINTS="550 1016 550 950 1579 979 1584 1045 1575 1087 541 1045"/></Shape>
	    <String CONTENT=""
                    HPOS="541"
                    VPOS="950"
                    WIDTH="1043"
                    HEIGHT="137"></String>
          </TextLine>

          
          
          <TextLine ID="eSc_line_1ec7b1e3"
                    
                    BASELINE="546 1104 1575 1133" 
                    HPOS="537"
                    VPOS="1033"
                    WIDTH="1038"
                    HEIGHT="142">
            <Shape><Polygon POINTS="546 1104 546 1033 1571 1054 1575 1133 1567 1175 537 1133"/></Shape>
	    <String CONTENT=""
                    HPOS="537"
                    VPOS="1033"
                    WIDTH="1038"
                    HEIGHT="142"></String>
          </TextLine>

          
          
          <TextLine ID="eSc_line_7ed8e01e"
                    
                    BASELINE="546 1191 1117 1204" 
                    HPOS="537"
                    VPOS="1104"
                    WIDTH="580"
                    HEIGHT="137">
            <Shape><Polygon POINTS="546 1191 546 1104 1113 1129 1117 1204 1108 1241 537 1216"/></Shape>
	    <String CONTENT=""
                    HPOS="537"
                    VPOS="1104"
                    WIDTH="580"
                    HEIGHT="137"></String>
          </TextLine>

          
          
          <TextLine ID="eSc_line_1194225b"
                    
                    BASELINE="541 1275 1584 1291" 
                    HPOS="529"
                    VPOS="1191"
                    WIDTH="1055"
                    HEIGHT="150">
            <Shape><Polygon POINTS="541 1275 541 1191 1584 1220 1584 1291 1579 1341 1246 1341 1242 1337 1242 1337 1238 1337 1183 1325 1138 1312 1113 1320 1083 1333 1083 1333 1079 1333 1079 1333 1075 1333 1075 1333 1075 1333 992 1316 954 1308 933 1312 879 1329 875 1329 875 1329 875 1329 871 1329 871 1329 871 1329 867 1329 804 1308 787 1304 758 1308 629 1320 629 1320 625 1320 625 1320 621 1320 529 1295"/></Shape>
	    <String CONTENT=""
                    HPOS="529"
                    VPOS="1191"
                    WIDTH="1055"
                    HEIGHT="150"></String>
          </TextLine>

          
          
          <TextLine ID="eSc_line_9891a9c0"
                    
                    BASELINE="537 1358 1267 1370" 
                    HPOS="529"
                    VPOS="1266"
                    WIDTH="738"
                    HEIGHT="142">
            <Shape><Polygon POINTS="537 1358 537 1266 1263 1300 1267 1370 1263 1387 1025 1408 1025 1408 1021 1408 529 1375"/></Shape>
	    <String CONTENT=""
                    HPOS="529"
                    VPOS="1266"
                    WIDTH="738"
                    HEIGHT="142"></String>
          </TextLine>

          
          
          <TextLine ID="eSc_line_871c77ce"
                    
                    BASELINE="537 1441 1579 1462" 
                    HPOS="529"
                    VPOS="1354"
                    WIDTH="1050"
                    HEIGHT="154">
            <Shape><Polygon POINTS="537 1441 537 1354 1579 1395 1579 1462 1575 1508 958 1508 954 1504 529 1466"/></Shape>
	    <String CONTENT=""
                    HPOS="529"
                    VPOS="1354"
                    WIDTH="1050"
                    HEIGHT="154"></String>
          </TextLine>

          
          
          <TextLine ID="eSc_line_62c151d3"
                    
                    BASELINE="533 1520 875 1533" 
                    HPOS="525"
                    VPOS="1450"
                    WIDTH="350"
                    HEIGHT="100">
            <Shape><Polygon POINTS="533 1520 533 1450 871 1462 875 1533 867 1550 525 1537"/></Shape>
	    <String CONTENT=""
                    HPOS="525"
                    VPOS="1450"
                    WIDTH="350"
                    HEIGHT="100"></String>
          </TextLine>

          
          
          <TextLine ID="eSc_line_f5922567"
                    
                    BASELINE="533 1612 1438 1625" 
                    HPOS="525"
                    VPOS="1520"
                    WIDTH="913"
                    HEIGHT="138">
            <Shape><Polygon POINTS="533 1612 533 1520 1434 1541 1438 1625 1434 1650 646 1658 641 1658 641 1658 525 1633"/></Shape>
	    <String CONTENT=""
                    HPOS="525"
                    VPOS="1520"
                    WIDTH="913"
                    HEIGHT="138"></String>
          </TextLine>

          
          
          <TextLine ID="eSc_line_3c7baecc"
                    
                    BASELINE="533 1695 1571 1712" 
                    HPOS="525"
                    VPOS="1600"
                    WIDTH="1046"
                    HEIGHT="145">
            <Shape><Polygon POINTS="533 1695 533 1612 658 1629 729 1608 746 1604 750 1604 750 1604 750 1604 754 1604 754 1604 754 1604 775 1608 908 1637 1138 1620 1142 1620 1142 1620 1142 1620 1146 1620 1146 1620 1192 1641 1258 1608 1258 1608 1258 1608 1263 1608 1263 1608 1263 1608 1267 1608 1267 1608 1271 1608 1392 1641 1434 1604 1434 1600 1434 1600 1438 1600 1438 1600 1438 1600 1438 1600 1442 1600 1442 1600 1446 1600 1571 1600 1571 1712 1563 1745 525 1725"/></Shape>
	    <String CONTENT=""
                    HPOS="525"
                    VPOS="1600"
                    WIDTH="1046"
                    HEIGHT="145"></String>
          </TextLine>

          
          
          <TextLine ID="eSc_line_f633c995"
                    
                    BASELINE="533 1783 1567 1800" 
                    HPOS="525"
                    VPOS="1695"
                    WIDTH="1042"
                    HEIGHT="146">
            <Shape><Polygon POINTS="533 1783 533 1695 1563 1720 1567 1800 1559 1841 525 1812"/></Shape>
	    <String CONTENT=""
                    HPOS="525"
                    VPOS="1695"
                    WIDTH="1042"
                    HEIGHT="146"></String>
          </TextLine>

          
          
          <TextLine ID="eSc_line_88fde08a"
                    
                    BASELINE="529 1862 942 1875" 
                    HPOS="521"
                    VPOS="1783"
                    WIDTH="421"
                    HEIGHT="112">
            <Shape><Polygon POINTS="529 1862 529 1783 937 1804 942 1875 933 1895 521 1883"/></Shape>
	    <String CONTENT=""
                    HPOS="521"
                    VPOS="1783"
                    WIDTH="421"
                    HEIGHT="112"></String>
          </TextLine>

          
          
          <TextLine ID="eSc_line_96065d9b"
                    
                    BASELINE="529 1950 1321 1966" 
                    HPOS="521"
                    VPOS="1850"
                    WIDTH="800"
                    HEIGHT="133">
            <Shape><Polygon POINTS="529 1950 533 1850 616 1875 821 1862 875 1862 879 1862 879 1862 879 1862 917 1866 983 1883 1021 1875 1063 1862 1067 1862 1067 1862 1067 1862 1071 1862 1071 1862 1075 1862 1075 1862 1075 1862 1108 1879 1129 1887 1146 1879 1188 1866 1188 1866 1192 1866 1192 1866 1196 1866 1196 1866 1196 1866 1321 1891 1321 1966 1313 1983 521 1966"/></Shape>
	    <String CONTENT=""
                    HPOS="521"
                    VPOS="1850"
                    WIDTH="800"
                    HEIGHT="133"></String>
          </TextLine>

          
          
          <TextLine ID="eSc_line_84ca72fa"
                    
                    BASELINE="525 2033 1354 2045" 
                    HPOS="516"
                    VPOS="1962"
                    WIDTH="838"
                    HEIGHT="121">
            <Shape><Polygon POINTS="525 2033 525 1962 1354 1975 1354 2045 1346 2083 516 2050"/></Shape>
	    <String CONTENT=""
                    HPOS="516"
                    VPOS="1962"
                    WIDTH="838"
                    HEIGHT="121"></String>
          </TextLine>

          
          
          <TextLine ID="eSc_line_9f8484cd"
                    
                    BASELINE="529 2116 1567 2133" 
                    HPOS="521"
                    VPOS="2025"
                    WIDTH="1046"
                    HEIGHT="162">
            <Shape><Polygon POINTS="529 2116 529 2025 1563 2062 1567 2133 1567 2162 1475 2187 1471 2187 1471 2187 1467 2187 1046 2183 1046 2183 521 2145"/></Shape>
	    <String CONTENT=""
                    HPOS="521"
                    VPOS="2025"
                    WIDTH="1046"
                    HEIGHT="162"></String>
          </TextLine>

          
          
          <TextLine ID="eSc_line_8cddb2f4"
                    
                    BASELINE="521 2200 917 2208" 
                    HPOS="512"
                    VPOS="2129"
                    WIDTH="405"
                    HEIGHT="108">
            <Shape><Polygon POINTS="521 2200 521 2129 917 2137 917 2208 908 2237 512 2216"/></Shape>
	    <String CONTENT=""
                    HPOS="512"
                    VPOS="2129"
                    WIDTH="405"
                    HEIGHT="108"></String>
          </TextLine>

          
          
          <TextLine ID="eSc_line_becd0681"
                    
                    BASELINE="525 2283 1559 2308" 
                    HPOS="516"
                    VPOS="2187"
                    WIDTH="1043"
                    HEIGHT="154">
            <Shape><Polygon POINTS="525 2283 525 2187 871 2216 1554 2212 1559 2308 1550 2341 516 2329"/></Shape>
	    <String CONTENT=""
                    HPOS="516"
                    VPOS="2187"
                    WIDTH="1043"
                    HEIGHT="154"></String>
          </TextLine>

          
          
          <TextLine ID="eSc_line_d2f649c9"
                    
                    BASELINE="521 2366 887 2375" 
                    HPOS="512"
                    VPOS="2295"
                    WIDTH="375"
                    HEIGHT="92">
            <Shape><Polygon POINTS="521 2366 521 2295 883 2304 887 2375 879 2387 512 2379"/></Shape>
	    <String CONTENT=""
                    HPOS="512"
                    VPOS="2295"
                    WIDTH="375"
                    HEIGHT="92"></String>
          </TextLine>

          
          
          <TextLine ID="eSc_line_3c9aa67f"
                    
                    BASELINE="521 2450 1359 2462" 
                    HPOS="512"
                    VPOS="2333"
                    WIDTH="847"
                    HEIGHT="167">
            <Shape><Polygon POINTS="521 2450 525 2345 608 2375 662 2358 666 2358 666 2358 666 2358 671 2358 900 2379 937 2354 942 2354 942 2354 942 2354 946 2354 946 2354 950 2354 950 2354 950 2354 954 2354 1033 2379 1117 2333 1121 2333 1121 2333 1121 2333 1125 2333 1125 2333 1129 2333 1354 2333 1359 2462 1350 2500 512 2470"/></Shape>
	    <String CONTENT=""
                    HPOS="512"
                    VPOS="2333"
                    WIDTH="847"
                    HEIGHT="167"></String>
          </TextLine>

          
          
          <TextLine ID="eSc_line_343f38c9"
                    
                    BASELINE="516 2533 1350 2550" 
                    HPOS="508"
                    VPOS="2450"
                    WIDTH="842"
                    HEIGHT="141">
            <Shape><Polygon POINTS="516 2533 516 2450 1346 2479 1350 2550 1342 2591 508 2562"/></Shape>
	    <String CONTENT=""
                    HPOS="508"
                    VPOS="2450"
                    WIDTH="842"
                    HEIGHT="141"></String>
          </TextLine>

          
          
          <TextLine ID="eSc_line_1b7b467f"
                    
                    BASELINE="516 2620 1559 2633" 
                    HPOS="508"
                    VPOS="2533"
                    WIDTH="1051"
                    HEIGHT="154">
            <Shape><Polygon POINTS="516 2620 516 2533 867 2558 1554 2554 1559 2633 1554 2662 1450 2687 1450 2687 1450 2687 1446 2687 508 2666"/></Shape>
	    <String CONTENT=""
                    HPOS="508"
                    VPOS="2533"
                    WIDTH="1051"
                    HEIGHT="154"></String>
          </TextLine>

          
          
          <TextLine ID="eSc_line_db630e89"
                    
                    BASELINE="516 2708 787 2700" 
                    HPOS="508"
                    VPOS="2608"
                    WIDTH="279"
                    HEIGHT="133">
            <Shape><Polygon POINTS="516 2708 508 2641 646 2608 646 2608 646 2608 650 2608 650 2608 779 2633 787 2700 783 2741 512 2729"/></Shape>
	    <String CONTENT=""
                    HPOS="508"
                    VPOS="2608"
                    WIDTH="279"
                    HEIGHT="133"></String>
          </TextLine>

          
          
          <TextLine ID="eSc_line_8146aa2b"
                    
                    BASELINE="516 2787 1550 2804" 
                    HPOS="504"
                    VPOS="2700"
                    WIDTH="1046"
                    HEIGHT="137">
            <Shape><Polygon POINTS="516 2787 516 2700 1550 2733 1550 2804 1546 2825 779 2837 775 2837 775 2837 771 2837 771 2837 771 2837 767 2837 767 2837 742 2816 608 2833 608 2833 604 2833 604 2833 600 2833 504 2808"/></Shape>
	    <String CONTENT=""
                    HPOS="504"
                    VPOS="2700"
                    WIDTH="1046"
                    HEIGHT="137"></String>
          </TextLine>

          
          
          <TextLine ID="eSc_line_e75d2c03"
                    
                    BASELINE="516 2870 1550 2895" 
                    HPOS="508"
                    VPOS="2783"
                    WIDTH="1042"
                    HEIGHT="167">
            <Shape><Polygon POINTS="516 2870 516 2783 1546 2820 1550 2895 1546 2929 1384 2950 1384 2950 1379 2950 1379 2950 1375 2950 1375 2950 1321 2929 1317 2929 1313 2929 1208 2945 1208 2945 1204 2945 508 2916"/></Shape>
	    <String CONTENT=""
                    HPOS="508"
                    VPOS="2783"
                    WIDTH="1042"
                    HEIGHT="167"></String>
          </TextLine>

          
          
          <TextLine ID="eSc_line_c78a5335"
                    
                    BASELINE="516 2954 967 2966" 
                    HPOS="508"
                    VPOS="2883"
                    WIDTH="459"
                    HEIGHT="125">
            <Shape><Polygon POINTS="516 2954 516 2883 962 2895 967 2966 962 2987 742 3008 737 3008 737 3008 737 3008 733 3008 733 3008 733 3008 729 3008 729 3008 729 3004 712 2987 675 3008 675 3008 675 3008 671 3008 671 3008 671 3008 666 3008 666 3008 508 2979"/></Shape>
	    <String CONTENT=""
                    HPOS="508"
                    VPOS="2883"
                    WIDTH="459"
                    HEIGHT="125"></String>
          </TextLine>

          
          
          <TextLine ID="eSc_line_faf7c19b"
                    
                    BASELINE="721 3133 1538 3145" 
                    HPOS="712"
                    VPOS="2991"
                    WIDTH="826"
                    HEIGHT="188">
            <Shape><Polygon POINTS="721 3133 725 2991 800 3016 842 3000 858 2995 858 2995 862 2995 862 2995 867 2995 1133 3008 1133 3008 1133 3008 1138 3008 1138 3008 1142 3008 1142 3008 1142 3012 1163 3029 1192 3058 1538 3062 1538 3145 1529 3179 712 3154"/></Shape>
	    <String CONTENT=""
                    HPOS="712"
                    VPOS="2991"
                    WIDTH="826"
                    HEIGHT="188"></String>
          </TextLine>

          
          
          <TextLine ID="eSc_line_635967af"
                    
                    BASELINE="742 3220 1534 3229" 
                    HPOS="733"
                    VPOS="3145"
                    WIDTH="801"
                    HEIGHT="105">
            <Shape><Polygon POINTS="742 3220 742 3145 1529 3154 1534 3229 1525 3250 733 3241"/></Shape>
	    <String CONTENT=""
                    HPOS="733"
                    VPOS="3145"
                    WIDTH="801"
                    HEIGHT="105"></String>
          </TextLine>

          
          
          <TextLine ID="eSc_line_283a52fe"
                    
                    BASELINE="750 3300 1534 3316" 
                    HPOS="733"
                    VPOS="3212"
                    WIDTH="801"
                    HEIGHT="146">
            <Shape><Polygon POINTS="750 3300 750 3212 1529 3229 1534 3316 1525 3358 783 3354 783 3354 783 3354 779 3354 779 3354 775 3354 733 3329"/></Shape>
	    <String CONTENT=""
                    HPOS="733"
                    VPOS="3212"
                    WIDTH="801"
                    HEIGHT="146"></String>
          </TextLine>

          
          
          <TextLine ID="eSc_line_1c0d37cd"
                    
                    BASELINE="508 3379 808 3387" 
                    HPOS="504"
                    VPOS="3291"
                    WIDTH="304"
                    HEIGHT="134">
            <Shape><Polygon POINTS="508 3379 504 3312 591 3291 591 3291 591 3291 596 3291 596 3291 808 3320 808 3387 808 3400 750 3425 750 3425 746 3425 746 3425 742 3425 742 3425 742 3425 737 3425 671 3404 650 3400 504 3408"/></Shape>
	    <String CONTENT=""
                    HPOS="504"
                    VPOS="3291"
                    WIDTH="304"
                    HEIGHT="134"></String>
          </TextLine>

          
          
          <TextLine ID="eSc_line_4cb4ab57"
                    
                    BASELINE="587 3470 1538 3475" 
                    HPOS="579"
                    VPOS="3350"
                    WIDTH="959"
                    HEIGHT="145">
            <Shape><Polygon POINTS="587 3470 583 3375 662 3370 666 3370 666 3370 666 3370 671 3370 671 3370 675 3370 679 3375 725 3400 796 3400 821 3379 850 3350 850 3350 854 3350 854 3350 854 3350 858 3350 858 3350 862 3350 1096 3350 1096 3350 1096 3350 1100 3350 1100 3350 1100 3350 1104 3350 1154 3383 1188 3400 1529 3391 1538 3475 1529 3495 579 3491"/></Shape>
	    <String CONTENT=""
                    HPOS="579"
                    VPOS="3350"
                    WIDTH="959"
                    HEIGHT="145"></String>
          </TextLine>

          
          
          <TextLine ID="eSc_line_19b8b498"
                    
                    BASELINE="508 3541 1517 3562" 
                    HPOS="500"
                    VPOS="3462"
                    WIDTH="1017"
                    HEIGHT="125">
            <Shape><Polygon POINTS="508 3541 508 3462 1129 3487 1267 3470 1275 3470 1275 3470 1279 3470 1279 3470 1283 3470 1283 3470 1367 3491 1513 3475 1517 3562 1509 3587 500 3583"/></Shape>
	    <String CONTENT=""
                    HPOS="500"
                    VPOS="3462"
                    WIDTH="1017"
                    HEIGHT="125"></String>
          </TextLine>

          
          
          <TextLine ID="eSc_line_b1aeeaca"
                    
                    BASELINE="504 3633 1529 3645" 
                    HPOS="496"
                    VPOS="3554"
                    WIDTH="1033"
                    HEIGHT="121">
            <Shape><Polygon POINTS="504 3633 500 3558 1521 3554 1529 3645 1521 3675 496 3658"/></Shape>
	    <String CONTENT=""
                    HPOS="496"
                    VPOS="3554"
                    WIDTH="1033"
                    HEIGHT="121"></String>
          </TextLine>

          
          
          <TextLine ID="eSc_line_5f9d9c81"
                    
                    BASELINE="504 3716 1454 3733" 
                    HPOS="496"
                    VPOS="3645"
                    WIDTH="958"
                    HEIGHT="125">
            <Shape><Polygon POINTS="504 3716 504 3645 1450 3662 1454 3733 1446 3770 496 3750"/></Shape>
	    <String CONTENT=""
                    HPOS="496"
                    VPOS="3645"
                    WIDTH="958"
                    HEIGHT="125"></String>
          </TextLine>

          
          
          <TextLine ID="eSc_line_91e88fc0"
                    
                    BASELINE="508 3800 1538 3812" 
                    HPOS="500"
                    VPOS="3716"
                    WIDTH="1038"
                    HEIGHT="129">
            <Shape><Polygon POINTS="508 3800 508 3716 1538 3741 1538 3812 1529 3845 500 3833"/></Shape>
	    <String CONTENT=""
                    HPOS="500"
                    VPOS="3716"
                    WIDTH="1038"
                    HEIGHT="129"></String>
          </TextLine>

          
          
          <TextLine ID="eSc_line_6a48e3dd"
                    
                    BASELINE="504 3883 1534 3904" 
                    HPOS="500"
                    VPOS="3804"
                    WIDTH="1034"
                    HEIGHT="208">
            <Shape><Polygon POINTS="504 3883 504 3804 1529 3816 1534 3904 1534 3958 1446 4008 1446 4008 1446 4008 1442 4008 1442 4008 1442 4012 1329 4012 1325 4008 1325 4008 1321 4008 1321 4008 1208 3962 1192 3958 1033 3958 1017 3966 942 4000 942 4000 942 4000 937 4000 937 4000 933 4000 767 3995 767 3995 767 3995 762 3995 762 3995 758 3995 758 3995 725 3970 692 3945 500 3970"/></Shape>
	    <String CONTENT=""
                    HPOS="500"
                    VPOS="3804"
                    WIDTH="1034"
                    HEIGHT="208"></String>
          </TextLine>

          
        </TextBlock>
        
        <TextBlock HPOS="1767"
                   VPOS="466"
                   WIDTH="1130"
                   HEIGHT="3496"
                   ID="eSc_textblock_56336ba8"
                   TAGREFS="BT2">
          <Shape><Polygon POINTS="2897 479 2861 1604 2445 1604 2445 1673 2730 1673 2730 1773 2856 1773 2853 1863 2613 1863 2613 1921 2851 1921 2847 2022 2033 2022 2033 2080 2450 2080 2450 2180 2847 2180 2847 2362 2826 2370 2429 2370 2429 2418 2550 2418 2550 2544 2829 2544 2847 2612 2828 2618 2656 2618 2656 2613 2086 2613 2086 2629 2064 2629 2064 2676 2487 2676 2487 2787 2830 2787 2830 2877 2582 2877 2582 2935 2830 2935 2830 3079 2779 3141 2101 3141 2101 3183 2619 3183 2619 3273 2803 3273 2804 3274 2804 3368 2027 3368 2027 3431 2798 3431 2798 3936 2797 3962 1767 3929 1834 466"/></Shape>
          
          
          <TextLine ID="eSc_line_5ba9e8e1"
                    
                    BASELINE="1834 550 2884 570" 
                    HPOS="1825"
                    VPOS="420"
                    WIDTH="1059"
                    HEIGHT="188">
            <Shape><Polygon POINTS="1834 550 1834 450 2163 458 2188 450 2230 420 2234 420 2234 420 2238 420 2238 420 2238 420 2242 420 2242 420 2409 450 2451 454 2459 450 2480 429 2480 429 2484 429 2484 429 2484 429 2488 429 2488 429 2488 429 2492 429 2492 429 2609 450 2697 462 2718 450 2726 441 2730 441 2730 441 2730 441 2734 441 2734 441 2734 441 2738 441 2884 450 2884 570 2876 608 1825 587"/></Shape>
	    <String CONTENT=""
                    HPOS="1825"
                    VPOS="420"
                    WIDTH="1059"
                    HEIGHT="188"></String>
          </TextLine>

          
          
          <TextLine ID="eSc_line_ab21996b"
                    
                    BASELINE="1830 633 2855 650" 
                    HPOS="1821"
                    VPOS="562"
                    WIDTH="1034"
                    HEIGHT="113">
            <Shape><Polygon POINTS="1830 633 1830 562 2851 579 2855 650 2847 675 1821 658"/></Shape>
	    <String CONTENT=""
                    HPOS="1821"
                    VPOS="562"
                    WIDTH="1034"
                    HEIGHT="113"></String>
          </TextLine>

          
          
          <TextLine ID="eSc_line_111bb9e4"
                    
                    BASELINE="1830 716 2872 737" 
                    HPOS="1821"
                    VPOS="650"
                    WIDTH="1051"
                    HEIGHT="125">
            <Shape><Polygon POINTS="1830 716 1830 650 2872 670 2872 737 2863 775 1821 745"/></Shape>
	    <String CONTENT=""
                    HPOS="1821"
                    VPOS="650"
                    WIDTH="1051"
                    HEIGHT="125"></String>
          </TextLine>

          
          
          <TextLine ID="eSc_line_24d3edb0"
                    
                    BASELINE="1825 804 2868 825" 
                    HPOS="1817"
                    VPOS="716"
                    WIDTH="1051"
                    HEIGHT="129">
            <Shape><Polygon POINTS="1825 804 1825 716 2863 750 2868 825 2859 845 1817 829"/></Shape>
	    <String CONTENT=""
                    HPOS="1817"
                    VPOS="716"
                    WIDTH="1051"
                    HEIGHT="129"></String>
          </TextLine>

          
          
          <TextLine ID="eSc_line_a993cde4"
                    
                    BASELINE="1830 883 2872 904" 
                    HPOS="1821"
                    VPOS="808"
                    WIDTH="1051"
                    HEIGHT="142">
            <Shape><Polygon POINTS="1830 883 1830 808 2872 837 2872 904 2863 950 1821 912"/></Shape>
	    <String CONTENT=""
                    HPOS="1821"
                    VPOS="808"
                    WIDTH="1051"
                    HEIGHT="142"></String>
          </TextLine>

          
          
          <TextLine ID="eSc_line_4504d2ed"
                    
                    BASELINE="1825 970 2859 991" 
                    HPOS="1817"
                    VPOS="904"
                    WIDTH="1042"
                    HEIGHT="125">
            <Shape><Polygon POINTS="1825 970 1825 904 2855 925 2859 991 2851 1029 1817 991"/></Shape>
	    <String CONTENT=""
                    HPOS="1817"
                    VPOS="904"
                    WIDTH="1042"
                    HEIGHT="125"></String>
          </TextLine>

          
          
          <TextLine ID="eSc_line_0a0c3a9e"
                    
                    BASELINE="1821 1054 2855 1075" 
                    HPOS="1813"
                    VPOS="983"
                    WIDTH="1042"
                    HEIGHT="137">
            <Shape><Polygon POINTS="1821 1054 1821 983 2851 1004 2855 1075 2847 1120 1813 1095"/></Shape>
	    <String CONTENT=""
                    HPOS="1813"
                    VPOS="983"
                    WIDTH="1042"
                    HEIGHT="137"></String>
          </TextLine>

          
          
          <TextLine ID="eSc_line_90c85494"
                    
                    BASELINE="1821 1137 2859 1158" 
                    HPOS="1813"
                    VPOS="1070"
                    WIDTH="1046"
                    HEIGHT="130">
            <Shape><Polygon POINTS="1821 1137 1821 1070 2859 1091 2859 1158 2851 1200 1813 1179"/></Shape>
	    <String CONTENT=""
                    HPOS="1813"
                    VPOS="1070"
                    WIDTH="1046"
                    HEIGHT="130"></String>
          </TextLine>

          
          
          <TextLine ID="eSc_line_9a22f1d9"
                    
                    BASELINE="1817 1225 2834 1237" 
                    HPOS="1809"
                    VPOS="1158"
                    WIDTH="1025"
                    HEIGHT="121">
            <Shape><Polygon POINTS="1817 1225 1817 1158 2830 1170 2834 1237 2826 1279 1809 1266"/></Shape>
	    <String CONTENT=""
                    HPOS="1809"
                    VPOS="1158"
                    WIDTH="1025"
                    HEIGHT="121"></String>
          </TextLine>

          
          
          <TextLine ID="eSc_line_ad961e3f"
                    
                    BASELINE="1817 1312 2851 1325" 
                    HPOS="1809"
                    VPOS="1237"
                    WIDTH="1042"
                    HEIGHT="129">
            <Shape><Polygon POINTS="1817 1312 1817 1237 2847 1254 2851 1325 2843 1366 1809 1337"/></Shape>
	    <String CONTENT=""
                    HPOS="1809"
                    VPOS="1237"
                    WIDTH="1042"
                    HEIGHT="129"></String>
          </TextLine>

          
          
          <TextLine ID="eSc_line_eb0c3263"
                    
                    BASELINE="1813 1391 2851 1416" 
                    HPOS="1805"
                    VPOS="1320"
                    WIDTH="1046"
                    HEIGHT="134">
            <Shape><Polygon POINTS="1813 1391 1813 1320 2847 1345 2851 1416 2843 1454 1805 1429"/></Shape>
	    <String CONTENT=""
                    HPOS="1805"
                    VPOS="1320"
                    WIDTH="1046"
                    HEIGHT="134"></String>
          </TextLine>

          
          
          <TextLine ID="eSc_line_43291082"
                    
                    BASELINE="1813 1479 2851 1495" 
                    HPOS="1805"
                    VPOS="1400"
                    WIDTH="1046"
                    HEIGHT="133">
            <Shape><Polygon POINTS="1813 1479 1813 1400 2847 1425 2851 1495 2843 1533 1805 1516"/></Shape>
	    <String CONTENT=""
                    HPOS="1805"
                    VPOS="1400"
                    WIDTH="1046"
                    HEIGHT="133"></String>
          </TextLine>

          
          
          <TextLine ID="eSc_line_96de32f8"
                    
                    BASELINE="1809 1558 2847 1579" 
                    HPOS="1800"
                    VPOS="1491"
                    WIDTH="1047"
                    HEIGHT="142">
            <Shape><Polygon POINTS="1809 1558 1809 1491 2843 1512 2847 1579 2838 1633 1800 1591"/></Shape>
	    <String CONTENT=""
                    HPOS="1800"
                    VPOS="1491"
                    WIDTH="1047"
                    HEIGHT="142"></String>
          </TextLine>

          
          
          <TextLine ID="eSc_line_08f15ba3"
                    
                    BASELINE="1809 1645 2409 1658" 
                    HPOS="1800"
                    VPOS="1575"
                    WIDTH="609"
                    HEIGHT="120">
            <Shape><Polygon POINTS="1809 1645 1809 1575 2405 1587 2409 1658 2401 1695 1800 1662"/></Shape>
	    <String CONTENT=""
                    HPOS="1800"
                    VPOS="1575"
                    WIDTH="609"
                    HEIGHT="120"></String>
          </TextLine>

          
          
          <TextLine ID="eSc_line_ec0fc8bc"
                    
                    BASELINE="1805 1729 2734 1745" 
                    HPOS="1796"
                    VPOS="1637"
                    WIDTH="938"
                    HEIGHT="150">
            <Shape><Polygon POINTS="1805 1729 1805 1637 2734 1675 2734 1745 2726 1787 1796 1754"/></Shape>
	    <String CONTENT=""
                    HPOS="1796"
                    VPOS="1637"
                    WIDTH="938"
                    HEIGHT="150"></String>
          </TextLine>

          
          
          <TextLine ID="eSc_line_96fb1f5c"
                    
                    BASELINE="1805 1816 2834 1829" 
                    HPOS="1796"
                    VPOS="1729"
                    WIDTH="1038"
                    HEIGHT="146">
            <Shape><Polygon POINTS="1805 1816 1805 1729 2834 1758 2834 1829 2826 1875 1796 1854"/></Shape>
	    <String CONTENT=""
                    HPOS="1796"
                    VPOS="1729"
                    WIDTH="1038"
                    HEIGHT="146"></String>
          </TextLine>

          
          
          <TextLine ID="eSc_line_54b8a054"
                    
                    BASELINE="1800 1900 2605 1916" 
                    HPOS="1792"
                    VPOS="1825"
                    WIDTH="813"
                    HEIGHT="129">
            <Shape><Polygon POINTS="1800 1900 1800 1825 2601 1845 2605 1916 2597 1954 1792 1916"/></Shape>
	    <String CONTENT=""
                    HPOS="1792"
                    VPOS="1825"
                    WIDTH="813"
                    HEIGHT="129"></String>
          </TextLine>

          
          
          <TextLine ID="eSc_line_ace02c04"
                    
                    BASELINE="1800 1979 2834 2000" 
                    HPOS="1792"
                    VPOS="1875"
                    WIDTH="1042"
                    HEIGHT="170">
            <Shape><Polygon POINTS="1800 1979 1800 1875 1984 1912 2213 1900 2217 1900 2217 1900 2217 1900 2221 1900 2221 1900 2221 1900 2226 1900 2226 1900 2246 1920 2313 1895 2313 1895 2317 1895 2317 1895 2321 1895 2321 1895 2321 1895 2326 1895 2326 1895 2384 1920 2526 1908 2526 1908 2530 1908 2530 1908 2530 1908 2630 1929 2713 1891 2713 1891 2713 1891 2718 1891 2718 1891 2722 1891 2834 1891 2834 2000 2830 2045 2042 2045 2038 2041 1792 2012"/></Shape>
	    <String CONTENT=""
                    HPOS="1792"
                    VPOS="1875"
                    WIDTH="1042"
                    HEIGHT="170"></String>
          </TextLine>

          
          
          <TextLine ID="eSc_line_db23e1b8"
                    
                    BASELINE="1796 2062 2017 2070" 
                    HPOS="1788"
                    VPOS="1995"
                    WIDTH="229"
                    HEIGHT="105">
            <Shape><Polygon POINTS="1796 2062 1796 1995 2013 2004 2017 2070 2009 2100 1788 2079"/></Shape>
	    <String CONTENT=""
                    HPOS="1788"
                    VPOS="1995"
                    WIDTH="229"
                    HEIGHT="105"></String>
          </TextLine>

          
          
          <TextLine ID="eSc_line_fe9fc28d"
                    
                    BASELINE="1796 2145 2426 2158" 
                    HPOS="1788"
                    VPOS="2000"
                    WIDTH="638"
                    HEIGHT="195">
            <Shape><Polygon POINTS="1796 2145 1796 2054 2017 2058 2051 2037 2109 2000 2113 2000 2113 2000 2113 2000 2117 2000 2117 2000 2117 2000 2121 2000 2426 2020 2426 2158 2422 2175 2217 2195 2217 2195 2213 2195 1788 2162"/></Shape>
	    <String CONTENT=""
                    HPOS="1788"
                    VPOS="2000"
                    WIDTH="638"
                    HEIGHT="195"></String>
          </TextLine>

          
          
          <TextLine ID="eSc_line_760b9c54"
                    
                    BASELINE="1796 2233 2830 2245" 
                    HPOS="1788"
                    VPOS="2125"
                    WIDTH="1042"
                    HEIGHT="162">
            <Shape><Polygon POINTS="1796 2233 1800 2125 1909 2162 1975 2141 1980 2141 1980 2141 1980 2141 1984 2141 1984 2141 2221 2170 2355 2170 2459 2129 2459 2129 2459 2129 2463 2129 2463 2129 2467 2129 2467 2129 2467 2129 2472 2129 2472 2129 2472 2129 2588 2179 2655 2179 2697 2137 2697 2133 2697 2133 2701 2133 2701 2133 2701 2133 2705 2133 2705 2133 2709 2133 2830 2133 2830 2245 2822 2287 1788 2258"/></Shape>
	    <String CONTENT=""
                    HPOS="1788"
                    VPOS="2125"
                    WIDTH="1042"
                    HEIGHT="162"></String>
          </TextLine>

          
          
          <TextLine ID="eSc_line_e6a7ec67"
                    
                    BASELINE="1796 2316 2830 2341" 
                    HPOS="1788"
                    VPOS="2241"
                    WIDTH="1042"
                    HEIGHT="134">
            <Shape><Polygon POINTS="1796 2316 1796 2241 2826 2266 2830 2341 2822 2375 1788 2341"/></Shape>
	    <String CONTENT=""
                    HPOS="1788"
                    VPOS="2241"
                    WIDTH="1042"
                    HEIGHT="134"></String>
          </TextLine>

          
          
          <TextLine ID="eSc_line_5cec6b5f"
                    
                    BASELINE="1792 2400 2417 2408" 
                    HPOS="1784"
                    VPOS="2329"
                    WIDTH="633"
                    HEIGHT="112">
            <Shape><Polygon POINTS="1792 2400 1792 2329 2413 2341 2417 2408 2413 2437 1892 2441 1888 2441 1888 2441 1784 2416"/></Shape>
	    <String CONTENT=""
                    HPOS="1784"
                    VPOS="2329"
                    WIDTH="633"
                    HEIGHT="112"></String>
          </TextLine>

          
          
          <TextLine ID="eSc_line_a57ff281"
                    
                    BASELINE="1792 2483 2513 2500" 
                    HPOS="1784"
                    VPOS="2387"
                    WIDTH="729"
                    HEIGHT="146">
            <Shape><Polygon POINTS="1792 2483 1792 2387 2513 2425 2513 2500 2505 2533 1784 2508"/></Shape>
	    <String CONTENT=""
                    HPOS="1784"
                    VPOS="2387"
                    WIDTH="729"
                    HEIGHT="146"></String>
          </TextLine>

          
          
          <TextLine ID="eSc_line_77848b20"
                    
                    BASELINE="1792 2570 2826 2595" 
                    HPOS="1784"
                    VPOS="2479"
                    WIDTH="1042"
                    HEIGHT="158">
            <Shape><Polygon POINTS="1792 2570 1792 2479 2822 2520 2826 2595 2818 2637 2188 2633 2188 2633 1784 2595"/></Shape>
	    <String CONTENT=""
                    HPOS="1784"
                    VPOS="2479"
                    WIDTH="1042"
                    HEIGHT="158"></String>
          </TextLine>

          
          
          <TextLine ID="eSc_line_c63f7a2a"
                    
                    BASELINE="1788 2654 2067 2654" 
                    HPOS="1784"
                    VPOS="2566"
                    WIDTH="283"
                    HEIGHT="109">
            <Shape><Polygon POINTS="1788 2654 1788 2566 2067 2583 2067 2654 2063 2675 1784 2670"/></Shape>
	    <String CONTENT=""
                    HPOS="1784"
                    VPOS="2566"
                    WIDTH="283"
                    HEIGHT="109"></String>
          </TextLine>

          
          
          <TextLine ID="eSc_line_9fefa725"
                    
                    BASELINE="1788 2737 2472 2750" 
                    HPOS="1780"
                    VPOS="2604"
                    WIDTH="692"
                    HEIGHT="179">
            <Shape><Polygon POINTS="1788 2737 1788 2645 2105 2654 2151 2629 2196 2604 2196 2604 2196 2604 2201 2604 2201 2604 2201 2604 2205 2604 2472 2616 2472 2750 2467 2766 2017 2783 2013 2783 2013 2783 1780 2754"/></Shape>
	    <String CONTENT=""
                    HPOS="1780"
                    VPOS="2604"
                    WIDTH="692"
                    HEIGHT="179"></String>
          </TextLine>

          
          
          <TextLine ID="eSc_line_059aa6dd"
                    
                    BASELINE="1788 2820 2822 2845" 
                    HPOS="1780"
                    VPOS="2737"
                    WIDTH="1042"
                    HEIGHT="138">
            <Shape><Polygon POINTS="1788 2820 1788 2737 2818 2770 2822 2845 2813 2875 1780 2850"/></Shape>
	    <String CONTENT=""
                    HPOS="1780"
                    VPOS="2737"
                    WIDTH="1042"
                    HEIGHT="138"></String>
          </TextLine>

          
          
          <TextLine ID="eSc_line_c15ef625"
                    
                    BASELINE="1784 2908 2572 2925" 
                    HPOS="1775"
                    VPOS="2833"
                    WIDTH="797"
                    HEIGHT="104">
            <Shape><Polygon POINTS="1784 2908 1784 2833 2567 2850 2572 2925 2563 2937 1775 2933"/></Shape>
	    <String CONTENT=""
                    HPOS="1775"
                    VPOS="2833"
                    WIDTH="797"
                    HEIGHT="104"></String>
          </TextLine>

          
          
          <TextLine ID="eSc_line_2c954da3"
                    
                    BASELINE="1784 2991 2818 3012" 
                    HPOS="1775"
                    VPOS="2908"
                    WIDTH="1043"
                    HEIGHT="142">
            <Shape><Polygon POINTS="1784 2991 1784 2908 2818 2937 2818 3012 2809 3050 1775 3012"/></Shape>
	    <String CONTENT=""
                    HPOS="1775"
                    VPOS="2908"
                    WIDTH="1043"
                    HEIGHT="142"></String>
          </TextLine>

          
          
          <TextLine ID="eSc_line_be17f6de"
                    
                    BASELINE="1780 3079 2801 3100" 
                    HPOS="1771"
                    VPOS="3000"
                    WIDTH="1030"
                    HEIGHT="145">
            <Shape><Polygon POINTS="1780 3079 1780 3000 2797 3025 2801 3100 2793 3145 1771 3108"/></Shape>
	    <String CONTENT=""
                    HPOS="1771"
                    VPOS="3000"
                    WIDTH="1030"
                    HEIGHT="145"></String>
          </TextLine>

          
          
          <TextLine ID="eSc_line_8dd8bcdd"
                    
                    BASELINE="1775 3162 2101 3162" 
                    HPOS="1771"
                    VPOS="3091"
                    WIDTH="330"
                    HEIGHT="109">
            <Shape><Polygon POINTS="1775 3162 1775 3091 2101 3091 2101 3162 2096 3200 1771 3187"/></Shape>
	    <String CONTENT=""
                    HPOS="1771"
                    VPOS="3091"
                    WIDTH="330"
                    HEIGHT="109"></String>
          </TextLine>

          
          
          <TextLine ID="eSc_line_88a56e78"
                    
                    BASELINE="1775 3245 2609 3258" 
                    HPOS="1767"
                    VPOS="3133"
                    WIDTH="842"
                    HEIGHT="167">
            <Shape><Polygon POINTS="1775 3245 1775 3154 2346 3183 2417 3137 2417 3133 2422 3133 2422 3133 2422 3133 2426 3133 2426 3133 2430 3133 2605 3133 2609 3258 2601 3300 1767 3270"/></Shape>
	    <String CONTENT=""
                    HPOS="1767"
                    VPOS="3133"
                    WIDTH="842"
                    HEIGHT="167"></String>
          </TextLine>

          
          
          <TextLine ID="eSc_line_d6b3b93e"
                    
                    BASELINE="1775 3329 2805 3350" 
                    HPOS="1767"
                    VPOS="3241"
                    WIDTH="1038"
                    HEIGHT="146">
            <Shape><Polygon POINTS="1775 3329 1775 3241 2801 3279 2805 3350 2797 3387 2009 3383 2009 3383 1767 3354"/></Shape>
	    <String CONTENT=""
                    HPOS="1767"
                    VPOS="3241"
                    WIDTH="1038"
                    HEIGHT="146"></String>
          </TextLine>

          
          
          <TextLine ID="eSc_line_3ba0ad8e"
                    
                    BASELINE="1775 3412 2005 3412" 
                    HPOS="1771"
                    VPOS="3345"
                    WIDTH="234"
                    HEIGHT="92">
            <Shape><Polygon POINTS="1775 3412 1775 3345 2005 3345 2005 3412 2000 3437 1771 3429"/></Shape>
	    <String CONTENT=""
                    HPOS="1771"
                    VPOS="3345"
                    WIDTH="234"
                    HEIGHT="92"></String>
          </TextLine>

          
          
          <TextLine ID="eSc_line_9b972c09"
                    
                    BASELINE="1775 3495 2759 3516" 
                    HPOS="1767"
                    VPOS="3404"
                    WIDTH="992"
                    HEIGHT="150">
            <Shape><Polygon POINTS="1775 3495 1775 3404 2759 3445 2759 3516 2751 3554 1767 3525"/></Shape>
	    <String CONTENT=""
                    HPOS="1767"
                    VPOS="3404"
                    WIDTH="992"
                    HEIGHT="150"></String>
          </TextLine>

          
          
          <TextLine ID="eSc_line_611fc94f"
                    
                    BASELINE="1775 3583 2801 3600" 
                    HPOS="1767"
                    VPOS="3495"
                    WIDTH="1034"
                    HEIGHT="146">
            <Shape><Polygon POINTS="1775 3583 1775 3495 2542 3525 2797 3508 2801 3600 2797 3620 2547 3641 2542 3641 1767 3612"/></Shape>
	    <String CONTENT=""
                    HPOS="1767"
                    VPOS="3495"
                    WIDTH="1034"
                    HEIGHT="146"></String>
          </TextLine>

          
          
          <TextLine ID="eSc_line_d85a72dd"
                    
                    BASELINE="1775 3666 2793 3687" 
                    HPOS="1767"
                    VPOS="3595"
                    WIDTH="1026"
                    HEIGHT="125">
            <Shape><Polygon POINTS="1775 3666 1775 3595 2788 3616 2793 3687 2788 3704 2388 3720 2384 3720 1767 3683"/></Shape>
	    <String CONTENT=""
                    HPOS="1767"
                    VPOS="3595"
                    WIDTH="1026"
                    HEIGHT="125"></String>
          </TextLine>

          
          
          <TextLine ID="eSc_line_28c76271"
                    
                    BASELINE="1775 3745 2788 3775" 
                    HPOS="1767"
                    VPOS="3654"
                    WIDTH="1021"
                    HEIGHT="158">
            <Shape><Polygon POINTS="1775 3745 1775 3654 1921 3679 2025 3666 2051 3662 2051 3662 2055 3662 2055 3662 2059 3662 2059 3662 2059 3662 2071 3666 2105 3683 2363 3683 2638 3679 2642 3679 2642 3679 2784 3704 2788 3775 2780 3812 1767 3779"/></Shape>
	    <String CONTENT=""
                    HPOS="1767"
                    VPOS="3654"
                    WIDTH="1021"
                    HEIGHT="158"></String>
          </TextLine>

          
          
          <TextLine ID="eSc_line_fbe9bc8d"
                    
                    BASELINE="1771 3837 2667 3854" 
                    HPOS="1763"
                    VPOS="3758"
                    WIDTH="904"
                    HEIGHT="112">
            <Shape><Polygon POINTS="1771 3837 1771 3758 2663 3783 2667 3854 2659 3870 1763 3862"/></Shape>
	    <String CONTENT=""
                    HPOS="1763"
                    VPOS="3758"
                    WIDTH="904"
                    HEIGHT="112"></String>
          </TextLine>

          
          
          <TextLine ID="eSc_line_f61b0d29"
                    
                    BASELINE="1771 3920 2788 3937" 
                    HPOS="1759"
                    VPOS="3833"
                    WIDTH="1029"
                    HEIGHT="175">
            <Shape><Polygon POINTS="1771 3920 1771 3833 2280 3833 2280 3833 2280 3833 2284 3833 2292 3837 2355 3854 2447 3837 2455 3837 2455 3837 2459 3837 2459 3837 2459 3837 2463 3837 2463 3837 2538 3858 2780 3841 2788 3937 2780 4008 2025 3975 1950 3987 1830 4004 1830 4004 1825 4004 1825 4004 1825 4004 1821 4004 1821 4004 1759 3979"/></Shape>
	    <String CONTENT=""
                    HPOS="1759"
                    VPOS="3833"
                    WIDTH="1029"
                    HEIGHT="175"></String>
          </TextLine>

          
        </TextBlock>
        
        <TextBlock HPOS="3168"
                   VPOS="166"
                   WIDTH="62"
                   HEIGHT="95"
                   ID="eSc_textblock_0fa3e71d"
                   TAGREFS="BT1467">
          <Shape><Polygon POINTS="3230 166 3230 261 3168 261 3168 166"/></Shape>
          
          
          <TextLine ID="eSc_line_43dd75fa"
                    
                    BASELINE="3171 246 3242 247" 
                    HPOS="3157"
                    VPOS="161"
                    WIDTH="82"
                    HEIGHT="134">
            <Shape><Polygon POINTS="3168 245 3157 161 3231 169 3239 245 3239 295 3168 295"/></Shape>
	    <String CONTENT=""
                    HPOS="3157"
                    VPOS="161"
                    WIDTH="82"
                    HEIGHT="134"></String>
          </TextLine>

          
        </TextBlock>
        
        <TextBlock HPOS="507"
                   VPOS="3041"
                   WIDTH="232"
                   HEIGHT="258"
                   ID="eSc_textblock_ca20d4eb"
                   TAGREFS="BT2">
          <Shape><Polygon POINTS="507 3041 507 3299 739 3299 739 3041"/></Shape>
          
        </TextBlock>
        

        
      </PrintSpace>
    </Page>
  </Layout>
</alto>
