<?xml version="1.0" encoding="UTF-8"?>
<alto xmlns:xsi="http://www.w3.org/2001/XMLSchema-instance"
      xmlns="http://www.loc.gov/standards/alto/ns-v4#"
      xsi:schemaLocation="http://www.loc.gov/standards/alto/ns-v4# http://www.loc.gov/standards/alto/v4/alto-4-2.xsd">
  <Description>
    <MeasurementUnit>pixel</MeasurementUnit>
    <sourceImageInformation>
      <fileName>22_0ce39_default.jpg</fileName>
      <fileIdentifier>https://mazarinum.bibliotheque-mazarine.fr/i/?IIIF=/af/0a/c2/41/af0ac241-0f82-4dc2-a6df-bb95b17c4e73/iiif/751063002_inc59_0023.tif/full/full/0/default.jpg</fileIdentifier>
    </sourceImageInformation>
  </Description>
  
  <Tags>
    <OtherTag ID="BT1" LABEL="Title" DESCRIPTION="block type Title"/><OtherTag ID="BT2" LABEL="Main" DESCRIPTION="block type Main"/><OtherTag ID="BT3" LABEL="Commentary" DESCRIPTION="block type Commentary"/><OtherTag ID="BT4" LABEL="Illustration" DESCRIPTION="block type Illustration"/><OtherTag ID="BT1467" LABEL="Page" DESCRIPTION="block type Page"/>
    <OtherTag ID="LT1" LABEL="Main" DESCRIPTION="line type Main"/><OtherTag ID="LT2" LABEL="Numbering" DESCRIPTION="line type Numbering"/><OtherTag ID="LT3" LABEL="Correction" DESCRIPTION="line type Correction"/><OtherTag ID="LT4" LABEL="Signature" DESCRIPTION="line type Signature"/>
  </Tags>
  
  <Layout>
    <Page WIDTH="3752"
          HEIGHT="5000"
          PHYSICAL_IMG_NR="14"
          ID="eSc_dummypage_">
      <PrintSpace HPOS="0"
                  VPOS="0"
                  WIDTH="3752"
                  HEIGHT="5000">
        
        <TextBlock HPOS="466"
                   VPOS="454"
                   WIDTH="1080"
                   HEIGHT="3508"
                   ID="eSc_textblock_21e8c238"
                   TAGREFS="BT2">
          <Shape><Polygon POINTS="1536 467 1536 1478 1546 1478 1546 1764 1533 1764 1533 2200 1490 2266 1369 2266 1369 2273 1348 2273 1348 2327 1318 2327 1318 2365 1307 2365 1307 2416 1232 2416 1232 2426 1184 2426 1184 2587 1205 2587 1205 2624 1232 2624 1232 2682 1509 2682 1509 2775 939 2775 939 2843 1512 2843 1512 2938 689 2938 689 2979 707 2979 707 3003 710 3003 710 3010 1529 3010 1529 3106 758 3106 758 3164 1529 3164 1529 3266 1178 3266 1178 3324 1529 3324 1529 3479 1461 3541 1461 3525 1208 3525 1208 3532 655 3532 655 3594 1208 3594 1208 3679 1427 3679 1427 3788 1515 3788 1529 3912 1463 3962 466 3929 473 454 1546 462 1546 467"/></Shape>
          
          
          <TextLine ID="eSc_line_7d36bab6"
                    
                    BASELINE="475 537 1529 550" 
                    HPOS="466"
                    VPOS="437"
                    WIDTH="1063"
                    HEIGHT="138">
            <Shape><Polygon POINTS="475 537 475 437 1525 441 1529 550 1521 575 466 558"/></Shape>
	    <String CONTENT=""
                    HPOS="466"
                    VPOS="437"
                    WIDTH="1063"
                    HEIGHT="138"></String>
          </TextLine>

          
          
          <TextLine ID="eSc_line_b623f8af"
                    
                    BASELINE="479 620 1521 637" 
                    HPOS="471"
                    VPOS="545"
                    WIDTH="1050"
                    HEIGHT="113">
            <Shape><Polygon POINTS="479 620 479 545 1517 550 1521 637 1513 658 471 645"/></Shape>
	    <String CONTENT=""
                    HPOS="471"
                    VPOS="545"
                    WIDTH="1050"
                    HEIGHT="113"></String>
          </TextLine>

          
          
          <TextLine ID="eSc_line_7b4b5fe6"
                    
                    BASELINE="479 708 1513 720" 
                    HPOS="471"
                    VPOS="633"
                    WIDTH="1042"
                    HEIGHT="104">
            <Shape><Polygon POINTS="479 708 479 633 1509 645 1513 720 1504 737 471 725"/></Shape>
	    <String CONTENT=""
                    HPOS="471"
                    VPOS="633"
                    WIDTH="1042"
                    HEIGHT="104"></String>
          </TextLine>

          
          
          <TextLine ID="eSc_line_ebe9131a"
                    
                    BASELINE="479 791 1525 808" 
                    HPOS="471"
                    VPOS="716"
                    WIDTH="1054"
                    HEIGHT="109">
            <Shape><Polygon POINTS="479 791 479 716 1525 733 1525 808 1517 825 471 820"/></Shape>
	    <String CONTENT=""
                    HPOS="471"
                    VPOS="716"
                    WIDTH="1054"
                    HEIGHT="109"></String>
          </TextLine>

          
          
          <TextLine ID="eSc_line_05547bf4"
                    
                    BASELINE="479 879 1517 887" 
                    HPOS="471"
                    VPOS="795"
                    WIDTH="1046"
                    HEIGHT="113">
            <Shape><Polygon POINTS="479 879 475 804 1509 795 1517 887 1509 908 471 895"/></Shape>
	    <String CONTENT=""
                    HPOS="471"
                    VPOS="795"
                    WIDTH="1046"
                    HEIGHT="113"></String>
          </TextLine>

          
          
          <TextLine ID="eSc_line_86d4b552"
                    
                    BASELINE="475 962 1504 975" 
                    HPOS="466"
                    VPOS="883"
                    WIDTH="1038"
                    HEIGHT="112">
            <Shape><Polygon POINTS="475 962 471 887 1496 883 1504 975 1496 995 466 979"/></Shape>
	    <String CONTENT=""
                    HPOS="466"
                    VPOS="883"
                    WIDTH="1038"
                    HEIGHT="112"></String>
          </TextLine>

          
          
          <TextLine ID="eSc_line_6f03adf0"
                    
                    BASELINE="475 1045 1504 1062" 
                    HPOS="466"
                    VPOS="970"
                    WIDTH="1038"
                    HEIGHT="113">
            <Shape><Polygon POINTS="475 1045 475 970 1500 970 1504 1062 1496 1083 466 1058"/></Shape>
	    <String CONTENT=""
                    HPOS="466"
                    VPOS="970"
                    WIDTH="1038"
                    HEIGHT="113"></String>
          </TextLine>

          
          
          <TextLine ID="eSc_line_87a513a4"
                    
                    BASELINE="471 1129 1517 1145" 
                    HPOS="462"
                    VPOS="1045"
                    WIDTH="1055"
                    HEIGHT="113">
            <Shape><Polygon POINTS="471 1129 471 1045 1183 1045 1183 1045 1183 1045 1188 1045 1192 1045 1259 1066 1513 1050 1517 1145 1509 1158 462 1141"/></Shape>
	    <String CONTENT=""
                    HPOS="462"
                    VPOS="1045"
                    WIDTH="1055"
                    HEIGHT="113"></String>
          </TextLine>

          
          
          <TextLine ID="eSc_line_11ef3c37"
                    
                    BASELINE="475 1216 1513 1225" 
                    HPOS="471"
                    VPOS="1137"
                    WIDTH="1042"
                    HEIGHT="113">
            <Shape><Polygon POINTS="475 1216 471 1141 1504 1137 1513 1225 1509 1250 471 1250"/></Shape>
	    <String CONTENT=""
                    HPOS="471"
                    VPOS="1137"
                    WIDTH="1042"
                    HEIGHT="113"></String>
          </TextLine>

          
          
          <TextLine ID="eSc_line_dc879509"
                    
                    BASELINE="466 1300 1513 1308" 
                    HPOS="458"
                    VPOS="1220"
                    WIDTH="1055"
                    HEIGHT="113">
            <Shape><Polygon POINTS="466 1300 466 1220 1509 1220 1513 1308 1504 1333 458 1316"/></Shape>
	    <String CONTENT=""
                    HPOS="458"
                    VPOS="1220"
                    WIDTH="1055"
                    HEIGHT="113"></String>
          </TextLine>

          
          
          <TextLine ID="eSc_line_05753939"
                    
                    BASELINE="471 1383 1517 1395" 
                    HPOS="462"
                    VPOS="1304"
                    WIDTH="1055"
                    HEIGHT="121">
            <Shape><Polygon POINTS="471 1383 466 1308 1513 1304 1517 1395 1509 1425 462 1400"/></Shape>
	    <String CONTENT=""
                    HPOS="462"
                    VPOS="1304"
                    WIDTH="1055"
                    HEIGHT="121"></String>
          </TextLine>

          
          
          <TextLine ID="eSc_line_43194803"
                    
                    BASELINE="479 1466 1496 1483" 
                    HPOS="471"
                    VPOS="1391"
                    WIDTH="1025"
                    HEIGHT="104">
            <Shape><Polygon POINTS="479 1466 479 1391 1492 1400 1496 1483 1488 1495 471 1479"/></Shape>
	    <String CONTENT=""
                    HPOS="471"
                    VPOS="1391"
                    WIDTH="1025"
                    HEIGHT="104"></String>
          </TextLine>

          
          
          <TextLine ID="eSc_line_2f6fd74d"
                    
                    BASELINE="475 1554 1517 1562" 
                    HPOS="466"
                    VPOS="1462"
                    WIDTH="1051"
                    HEIGHT="121">
            <Shape><Polygon POINTS="475 1554 475 1462 616 1483 658 1466 658 1466 658 1466 662 1466 662 1466 662 1466 667 1466 1513 1491 1517 1562 1509 1583 466 1570"/></Shape>
	    <String CONTENT=""
                    HPOS="466"
                    VPOS="1462"
                    WIDTH="1051"
                    HEIGHT="121"></String>
          </TextLine>

          
          
          <TextLine ID="eSc_line_5bb46947"
                    
                    BASELINE="475 1633 1517 1650" 
                    HPOS="471"
                    VPOS="1558"
                    WIDTH="1046"
                    HEIGHT="112">
            <Shape><Polygon POINTS="475 1633 475 1558 1513 1558 1517 1650 1513 1670 471 1670"/></Shape>
	    <String CONTENT=""
                    HPOS="471"
                    VPOS="1558"
                    WIDTH="1046"
                    HEIGHT="112"></String>
          </TextLine>

          
          
          <TextLine ID="eSc_line_7848bfb5"
                    
                    BASELINE="475 1720 1517 1733" 
                    HPOS="466"
                    VPOS="1641"
                    WIDTH="1051"
                    HEIGHT="113">
            <Shape><Polygon POINTS="475 1720 475 1641 1513 1641 1517 1733 1509 1754 466 1737"/></Shape>
	    <String CONTENT=""
                    HPOS="466"
                    VPOS="1641"
                    WIDTH="1051"
                    HEIGHT="113"></String>
          </TextLine>

          
          
          <TextLine ID="eSc_line_c6d671fd"
                    
                    BASELINE="475 1812 1509 1812" 
                    HPOS="471"
                    VPOS="1733"
                    WIDTH="1038"
                    HEIGHT="108">
            <Shape><Polygon POINTS="475 1812 471 1741 1504 1733 1509 1812 1504 1841 471 1833"/></Shape>
	    <String CONTENT=""
                    HPOS="471"
                    VPOS="1733"
                    WIDTH="1038"
                    HEIGHT="108"></String>
          </TextLine>

          
          
          <TextLine ID="eSc_line_0cfb78ea"
                    
                    BASELINE="479 1900 1521 1900" 
                    HPOS="475"
                    VPOS="1816"
                    WIDTH="1046"
                    HEIGHT="109">
            <Shape><Polygon POINTS="479 1900 475 1825 1517 1816 1521 1900 1521 1925 479 1925"/></Shape>
	    <String CONTENT=""
                    HPOS="475"
                    VPOS="1816"
                    WIDTH="1046"
                    HEIGHT="109"></String>
          </TextLine>

          
          
          <TextLine ID="eSc_line_179966dc"
                    
                    BASELINE="475 1975 1517 1987" 
                    HPOS="466"
                    VPOS="1895"
                    WIDTH="1051"
                    HEIGHT="113">
            <Shape><Polygon POINTS="475 1975 475 1895 1513 1895 1517 1987 1509 2008 466 1995"/></Shape>
	    <String CONTENT=""
                    HPOS="466"
                    VPOS="1895"
                    WIDTH="1051"
                    HEIGHT="113"></String>
          </TextLine>

          
          
          <TextLine ID="eSc_line_0c13247e"
                    
                    BASELINE="475 2058 1517 2070" 
                    HPOS="466"
                    VPOS="1975"
                    WIDTH="1051"
                    HEIGHT="112">
            <Shape><Polygon POINTS="475 2058 475 1975 1513 1991 1517 2070 1509 2087 466 2075"/></Shape>
	    <String CONTENT=""
                    HPOS="466"
                    VPOS="1975"
                    WIDTH="1051"
                    HEIGHT="112"></String>
          </TextLine>

          
          
          <TextLine ID="eSc_line_cf458c65"
                    
                    BASELINE="475 2145 1513 2154" 
                    HPOS="466"
                    VPOS="2062"
                    WIDTH="1047"
                    HEIGHT="108">
            <Shape><Polygon POINTS="475 2145 471 2070 1504 2062 1513 2154 1504 2170 466 2162"/></Shape>
	    <String CONTENT=""
                    HPOS="466"
                    VPOS="2062"
                    WIDTH="1047"
                    HEIGHT="108"></String>
          </TextLine>

          
          
          <TextLine ID="eSc_line_b0cfe77b"
                    
                    BASELINE="471 2229 1500 2241" 
                    HPOS="462"
                    VPOS="2141"
                    WIDTH="1038"
                    HEIGHT="121">
            <Shape><Polygon POINTS="471 2229 471 2141 1496 2150 1500 2241 1492 2262 462 2254"/></Shape>
	    <String CONTENT=""
                    HPOS="462"
                    VPOS="2141"
                    WIDTH="1038"
                    HEIGHT="121"></String>
          </TextLine>

          
          
          <TextLine ID="eSc_line_3c82bd45"
                    
                    BASELINE="479 2316 1341 2329" 
                    HPOS="466"
                    VPOS="2233"
                    WIDTH="872"
                    HEIGHT="104">
            <Shape><Polygon POINTS="475 2312 475 2233 1325 2250 1338 2325 1329 2337 466 2333"/></Shape>
	    <String CONTENT=""
                    HPOS="466"
                    VPOS="2233"
                    WIDTH="872"
                    HEIGHT="104"></String>
          </TextLine>

          
          
          <TextLine ID="eSc_line_c46a6e25"
                    
                    BASELINE="479 2400 1296 2410" 
                    HPOS="466"
                    VPOS="2308"
                    WIDTH="826"
                    HEIGHT="112">
            <Shape><Polygon POINTS="475 2400 475 2308 1279 2325 1292 2408 1284 2420 466 2412"/></Shape>
	    <String CONTENT=""
                    HPOS="466"
                    VPOS="2308"
                    WIDTH="826"
                    HEIGHT="112"></String>
          </TextLine>

          
          
          <TextLine ID="eSc_line_b3a67178"
                    
                    BASELINE="471 2487 1163 2487" 
                    HPOS="466"
                    VPOS="2404"
                    WIDTH="697"
                    HEIGHT="108">
            <Shape><Polygon POINTS="471 2487 471 2404 1163 2416 1163 2487 1158 2512 466 2504"/></Shape>
	    <String CONTENT=""
                    HPOS="466"
                    VPOS="2404"
                    WIDTH="697"
                    HEIGHT="108"></String>
          </TextLine>

          
          
          <TextLine ID="eSc_line_cee4c213"
                    
                    BASELINE="475 2570 1188 2570" 
                    HPOS="475"
                    VPOS="2475"
                    WIDTH="713"
                    HEIGHT="125">
            <Shape><Polygon POINTS="475 2570 475 2475 1188 2495 1188 2570 1188 2600 475 2600"/></Shape>
	    <String CONTENT=""
                    HPOS="475"
                    VPOS="2475"
                    WIDTH="713"
                    HEIGHT="125"></String>
          </TextLine>

          
          
          <TextLine ID="eSc_line_dd8b68dc"
                    
                    BASELINE="471 2654 1225 2654" 
                    HPOS="466"
                    VPOS="2562"
                    WIDTH="759"
                    HEIGHT="117">
            <Shape><Polygon POINTS="471 2654 471 2562 1225 2583 1225 2654 1221 2679 466 2670"/></Shape>
	    <String CONTENT=""
                    HPOS="466"
                    VPOS="2562"
                    WIDTH="759"
                    HEIGHT="117"></String>
          </TextLine>

          
          
          <TextLine ID="eSc_line_6bec88ef"
                    
                    BASELINE="471 2729 1504 2745" 
                    HPOS="462"
                    VPOS="2633"
                    WIDTH="1042"
                    HEIGHT="133">
            <Shape><Polygon POINTS="471 2729 471 2633 1500 2666 1504 2745 1496 2766 462 2750"/></Shape>
	    <String CONTENT=""
                    HPOS="462"
                    VPOS="2633"
                    WIDTH="1042"
                    HEIGHT="133"></String>
          </TextLine>

          
          
          <TextLine ID="eSc_line_bdcdd464"
                    
                    BASELINE="475 2816 929 2825" 
                    HPOS="471"
                    VPOS="2750"
                    WIDTH="458"
                    HEIGHT="91">
            <Shape><Polygon POINTS="475 2816 475 2750 925 2758 929 2825 925 2841 471 2841"/></Shape>
	    <String CONTENT=""
                    HPOS="471"
                    VPOS="2750"
                    WIDTH="458"
                    HEIGHT="91"></String>
          </TextLine>

          
          
          <TextLine ID="eSc_line_4f9f864d"
                    
                    BASELINE="475 2900 1500 2912" 
                    HPOS="466"
                    VPOS="2812"
                    WIDTH="1034"
                    HEIGHT="138">
            <Shape><Polygon POINTS="475 2900 475 2812 1496 2825 1500 2912 1492 2950 466 2920"/></Shape>
	    <String CONTENT=""
                    HPOS="466"
                    VPOS="2812"
                    WIDTH="1034"
                    HEIGHT="138"></String>
          </TextLine>

          
          
          <TextLine ID="eSc_line_49aada85"
                    
                    BASELINE="466 2987 675 2987" 
                    HPOS="462"
                    VPOS="2900"
                    WIDTH="213"
                    HEIGHT="112">
            <Shape><Polygon POINTS="466 2987 466 2900 675 2916 675 2987 671 3012 462 3004"/></Shape>
	    <String CONTENT=""
                    HPOS="462"
                    VPOS="2900"
                    WIDTH="213"
                    HEIGHT="112"></String>
          </TextLine>

          
          
          <TextLine ID="eSc_line_a64f88f6"
                    
                    BASELINE="475 3066 1509 3079" 
                    HPOS="466"
                    VPOS="2975"
                    WIDTH="1043"
                    HEIGHT="125">
            <Shape><Polygon POINTS="475 3066 475 2975 1509 2987 1509 3079 1500 3100 466 3087"/></Shape>
	    <String CONTENT=""
                    HPOS="466"
                    VPOS="2975"
                    WIDTH="1043"
                    HEIGHT="125"></String>
          </TextLine>

          
          
          <TextLine ID="eSc_line_a5356bf9"
                    
                    BASELINE="475 3154 725 3154" 
                    HPOS="475"
                    VPOS="3087"
                    WIDTH="250"
                    HEIGHT="92">
            <Shape><Polygon POINTS="475 3154 475 3087 725 3087 725 3154 725 3179 475 3179"/></Shape>
	    <String CONTENT=""
                    HPOS="475"
                    VPOS="3087"
                    WIDTH="250"
                    HEIGHT="92"></String>
          </TextLine>

          
          
          <TextLine ID="eSc_line_96797756"
                    
                    BASELINE="466 3241 1509 3254" 
                    HPOS="462"
                    VPOS="3145"
                    WIDTH="1047"
                    HEIGHT="130">
            <Shape><Polygon POINTS="466 3241 466 3145 1509 3166 1509 3254 1504 3275 462 3275"/></Shape>
	    <String CONTENT=""
                    HPOS="462"
                    VPOS="3145"
                    WIDTH="1047"
                    HEIGHT="130"></String>
          </TextLine>

          
          
          <TextLine ID="eSc_line_55d6de27"
                    
                    BASELINE="466 3329 1150 3329" 
                    HPOS="466"
                    VPOS="3262"
                    WIDTH="684"
                    HEIGHT="104">
            <Shape><Polygon POINTS="466 3329 466 3262 1150 3262 1150 3329 1150 3354 466 3366"/></Shape>
	    <String CONTENT=""
                    HPOS="466"
                    VPOS="3262"
                    WIDTH="684"
                    HEIGHT="104"></String>
          </TextLine>

          
          
          <TextLine ID="eSc_line_2d53b96e"
                    
                    BASELINE="471 3412 1500 3412" 
                    HPOS="466"
                    VPOS="3337"
                    WIDTH="1034"
                    HEIGHT="104">
            <Shape><Polygon POINTS="471 3412 471 3337 1500 3337 1500 3412 1496 3441 466 3433"/></Shape>
	    <String CONTENT=""
                    HPOS="466"
                    VPOS="3337"
                    WIDTH="1034"
                    HEIGHT="104"></String>
          </TextLine>

          
          
          <TextLine ID="eSc_line_f43889be"
                    
                    BASELINE="466 3491 1500 3504" 
                    HPOS="458"
                    VPOS="3400"
                    WIDTH="1042"
                    HEIGHT="125">
            <Shape><Polygon POINTS="466 3491 466 3400 1496 3425 1500 3504 1492 3525 458 3520"/></Shape>
	    <String CONTENT=""
                    HPOS="458"
                    VPOS="3400"
                    WIDTH="1042"
                    HEIGHT="125"></String>
          </TextLine>

          
          
          <TextLine ID="eSc_line_3580a68f"
                    
                    BASELINE="466 3579 625 3570" 
                    HPOS="458"
                    VPOS="3495"
                    WIDTH="167"
                    HEIGHT="105">
            <Shape><Polygon POINTS="466 3579 458 3495 616 3495 625 3570 625 3600 466 3600"/></Shape>
	    <String CONTENT=""
                    HPOS="458"
                    VPOS="3495"
                    WIDTH="167"
                    HEIGHT="105"></String>
          </TextLine>

          
          
          <TextLine ID="eSc_line_ba22b7dc"
                    
                    BASELINE="466 3658 1217 3666" 
                    HPOS="458"
                    VPOS="3583"
                    WIDTH="759"
                    HEIGHT="100">
            <Shape><Polygon POINTS="466 3658 466 3583 1213 3591 1217 3666 1208 3683 458 3675"/></Shape>
	    <String CONTENT=""
                    HPOS="458"
                    VPOS="3583"
                    WIDTH="759"
                    HEIGHT="100"></String>
          </TextLine>

          
          
          <TextLine ID="eSc_line_2ae4360c"
                    
                    BASELINE="471 3741 1421 3750" 
                    HPOS="462"
                    VPOS="3662"
                    WIDTH="959"
                    HEIGHT="108">
            <Shape><Polygon POINTS="471 3741 471 3662 1417 3662 1421 3750 1413 3770 462 3762"/></Shape>
	    <String CONTENT=""
                    HPOS="462"
                    VPOS="3662"
                    WIDTH="959"
                    HEIGHT="108"></String>
          </TextLine>

          
          
          <TextLine ID="eSc_line_a365b1c5"
                    
                    BASELINE="471 3829 1496 3841" 
                    HPOS="462"
                    VPOS="3750"
                    WIDTH="1034"
                    HEIGHT="104">
            <Shape><Polygon POINTS="471 3829 471 3750 1496 3762 1496 3841 1488 3854 462 3841"/></Shape>
	    <String CONTENT=""
                    HPOS="462"
                    VPOS="3750"
                    WIDTH="1034"
                    HEIGHT="104"></String>
          </TextLine>

          
          
          <TextLine ID="eSc_line_6b9e1598"
                    
                    BASELINE="471 3916 1496 3925" 
                    HPOS="466"
                    VPOS="3820"
                    WIDTH="1030"
                    HEIGHT="192">
            <Shape><Polygon POINTS="471 3916 471 3820 1492 3841 1496 3925 1492 4012 1271 4012 1267 4008 1267 4008 1263 4008 1263 4008 1259 4008 1246 4000 1188 3966 1154 3983 1154 3983 1154 3983 1150 3983 1150 3983 1146 3983 1146 3983 1146 3983 1142 3983 1142 3983 1142 3983 1100 3962 1033 3991 996 4004 996 4004 992 4004 992 4004 988 4004 988 4004 988 4004 983 4004 983 4004 983 4004 946 3987 908 3966 862 3983 821 3995 817 3995 817 3995 817 3995 812 3995 812 3995 808 3995 808 3995 808 3995 804 3995 804 3995 787 3979 758 3958 466 3962"/></Shape>
	    <String CONTENT=""
                    HPOS="466"
                    VPOS="3820"
                    WIDTH="1030"
                    HEIGHT="192"></String>
          </TextLine>

          
        </TextBlock>
        
        <TextBlock HPOS="1717"
                   VPOS="483"
                   WIDTH="1113"
                   HEIGHT="3479"
                   ID="eSc_textblock_b5780cbf"
                   TAGREFS="BT2">
          <Shape><Polygon POINTS="2530 483 2567 496 2567 580 2805 580 2814 583 2814 682 2126 682 2126 733 2814 733 2814 856 2167 856 2167 908 2376 908 2376 1007 2822 1007 2830 1033 2828 1106 2225 1106 2225 1160 2827 1160 2825 1263 2171 1263 2171 1341 2683 1341 2683 1351 2761 1351 2761 1341 2823 1341 2821 1437 2099 1437 2099 1515 2819 1515 2814 1695 2795 1703 2533 1703 2533 1921 2673 1921 2814 1950 2797 2112 2754 2126 2553 2126 2553 2280 2468 2280 2468 2341 2670 2341 2814 2383 2812 2450 2004 2450 2004 2505 2765 2505 2765 2621 2048 2621 2048 2676 2765 2676 2765 2706 2805 2706 2802 2805 2236 2805 2236 2853 2801 2853 2798 2959 2304 2959 2304 3034 2597 3034 2597 3116 2793 3116 2770 3215 2396 3215 2396 3273 2693 3273 2693 3368 2754 3368 2780 3553 2219 3553 2219 3601 2786 3601 2797 3679 2782 3690 2782 3689 2717 3689 2717 3727 2430 3727 2430 3792 2543 3792 2543 3874 2758 3874 2758 3962 1717 3945 1767 483"/></Shape>
          
          
          <TextLine ID="eSc_line_55c29243"
                    
                    BASELINE="1763 550 2576 566" 
                    HPOS="1755"
                    VPOS="458"
                    WIDTH="821"
                    HEIGHT="137">
            <Shape><Polygon POINTS="1763 550 1759 462 2572 458 2576 566 2568 595 1755 570"/></Shape>
	    <String CONTENT=""
                    HPOS="1755"
                    VPOS="458"
                    WIDTH="821"
                    HEIGHT="137"></String>
          </TextLine>

          
          
          <TextLine ID="eSc_line_001156f7"
                    
                    BASELINE="1763 641 2801 654" 
                    HPOS="1755"
                    VPOS="550"
                    WIDTH="1046"
                    HEIGHT="133">
            <Shape><Polygon POINTS="1763 641 1763 550 2801 570 2801 654 2793 683 1755 658"/></Shape>
	    <String CONTENT=""
                    HPOS="1755"
                    VPOS="550"
                    WIDTH="1046"
                    HEIGHT="133"></String>
          </TextLine>

          
          
          <TextLine ID="eSc_line_fb49da16"
                    
                    BASELINE="1755 729 2109 729" 
                    HPOS="1755"
                    VPOS="654"
                    WIDTH="354"
                    HEIGHT="96">
            <Shape><Polygon POINTS="1755 729 1755 654 2109 662 2109 729 2109 745 1755 750"/></Shape>
	    <String CONTENT=""
                    HPOS="1755"
                    VPOS="654"
                    WIDTH="354"
                    HEIGHT="96"></String>
          </TextLine>

          
          
          <TextLine ID="eSc_line_fef21b0d"
                    
                    BASELINE="1763 812 2805 820" 
                    HPOS="1755"
                    VPOS="716"
                    WIDTH="1050"
                    HEIGHT="142">
            <Shape><Polygon POINTS="1763 812 1763 716 2801 737 2805 820 2797 858 1755 833"/></Shape>
	    <String CONTENT=""
                    HPOS="1755"
                    VPOS="716"
                    WIDTH="1050"
                    HEIGHT="142"></String>
          </TextLine>

          
          
          <TextLine ID="eSc_line_7ffaa2e2"
                    
                    BASELINE="1759 900 2146 900" 
                    HPOS="1759"
                    VPOS="833"
                    WIDTH="387"
                    HEIGHT="92">
            <Shape><Polygon POINTS="1759 900 1759 833 2146 833 2146 900 2146 925 1759 925"/></Shape>
	    <String CONTENT=""
                    HPOS="1759"
                    VPOS="833"
                    WIDTH="387"
                    HEIGHT="92"></String>
          </TextLine>

          
          
          <TextLine ID="eSc_line_f7b75b36"
                    
                    BASELINE="1755 983 2359 983" 
                    HPOS="1750"
                    VPOS="887"
                    WIDTH="609"
                    HEIGHT="125">
            <Shape><Polygon POINTS="1755 983 1750 908 2234 887 2238 887 2238 887 2238 887 2359 912 2359 983 2355 1012 1750 1000"/></Shape>
	    <String CONTENT=""
                    HPOS="1750"
                    VPOS="887"
                    WIDTH="609"
                    HEIGHT="125"></String>
          </TextLine>

          
          
          <TextLine ID="eSc_line_f6eeb4f2"
                    
                    BASELINE="1759 1066 2805 1075" 
                    HPOS="1750"
                    VPOS="970"
                    WIDTH="1055"
                    HEIGHT="130">
            <Shape><Polygon POINTS="1759 1066 1759 970 2801 995 2805 1075 2797 1100 1750 1091"/></Shape>
	    <String CONTENT=""
                    HPOS="1750"
                    VPOS="970"
                    WIDTH="1055"
                    HEIGHT="130"></String>
          </TextLine>

          
          
          <TextLine ID="eSc_line_75f8a29e"
                    
                    BASELINE="1759 1145 2217 1158" 
                    HPOS="1755"
                    VPOS="1070"
                    WIDTH="462"
                    HEIGHT="125">
            <Shape><Polygon POINTS="1759 1145 1759 1070 2213 1070 2217 1158 2213 1175 2067 1195 2067 1195 2063 1195 2063 1195 2059 1195 2059 1195 2059 1195 2055 1195 2026 1175 2021 1175 1755 1175"/></Shape>
	    <String CONTENT=""
                    HPOS="1755"
                    VPOS="1070"
                    WIDTH="462"
                    HEIGHT="125"></String>
          </TextLine>

          
          
          <TextLine ID="eSc_line_9a984647"
                    
                    BASELINE="1759 1233 2801 1245" 
                    HPOS="1750"
                    VPOS="1154"
                    WIDTH="1051"
                    HEIGHT="112">
            <Shape><Polygon POINTS="1759 1233 1759 1154 2797 1158 2801 1245 2793 1266 1750 1254"/></Shape>
	    <String CONTENT=""
                    HPOS="1750"
                    VPOS="1154"
                    WIDTH="1051"
                    HEIGHT="112"></String>
          </TextLine>

          
          
          <TextLine ID="eSc_line_c537a8f3"
                    
                    BASELINE="1759 1325 2151 1316" 
                    HPOS="1755"
                    VPOS="1250"
                    WIDTH="396"
                    HEIGHT="95">
            <Shape><Polygon POINTS="1759 1325 1755 1250 2142 1254 2151 1316 2146 1345 1759 1345"/></Shape>
	    <String CONTENT=""
                    HPOS="1755"
                    VPOS="1250"
                    WIDTH="396"
                    HEIGHT="95"></String>
          </TextLine>

          
          
          <TextLine ID="eSc_line_5afb6e48"
                    
                    BASELINE="1759 1404 2801 1416" 
                    HPOS="1755"
                    VPOS="1312"
                    WIDTH="1046"
                    HEIGHT="125">
            <Shape><Polygon POINTS="1759 1404 1759 1312 2797 1337 2801 1416 2797 1437 1755 1437"/></Shape>
	    <String CONTENT=""
                    HPOS="1755"
                    VPOS="1312"
                    WIDTH="1046"
                    HEIGHT="125"></String>
          </TextLine>

          
          
          <TextLine ID="eSc_line_91f358d0"
                    
                    BASELINE="1755 1491 2088 1491" 
                    HPOS="1755"
                    VPOS="1408"
                    WIDTH="333"
                    HEIGHT="104">
            <Shape><Polygon POINTS="1755 1491 1755 1408 2088 1420 2088 1491 2088 1508 1755 1512"/></Shape>
	    <String CONTENT=""
                    HPOS="1755"
                    VPOS="1408"
                    WIDTH="333"
                    HEIGHT="104"></String>
          </TextLine>

          
          
          <TextLine ID="eSc_line_6ff2aeb9"
                    
                    BASELINE="1755 1570 2788 1583" 
                    HPOS="1746"
                    VPOS="1487"
                    WIDTH="1042"
                    HEIGHT="121">
            <Shape><Polygon POINTS="1755 1570 1755 1487 2784 1504 2788 1583 2780 1608 1746 1587"/></Shape>
	    <String CONTENT=""
                    HPOS="1746"
                    VPOS="1487"
                    WIDTH="1042"
                    HEIGHT="121"></String>
          </TextLine>

          
          
          <TextLine ID="eSc_line_7ff9772d"
                    
                    BASELINE="1755 1654 2797 1666" 
                    HPOS="1746"
                    VPOS="1566"
                    WIDTH="1051"
                    HEIGHT="134">
            <Shape><Polygon POINTS="1755 1654 1755 1566 2797 1583 2797 1666 2788 1700 1746 1675"/></Shape>
	    <String CONTENT=""
                    HPOS="1746"
                    VPOS="1566"
                    WIDTH="1051"
                    HEIGHT="134"></String>
          </TextLine>

          
          
          <TextLine ID="eSc_line_9574066e"
                    
                    BASELINE="1750 1737 2442 1750" 
                    HPOS="1742"
                    VPOS="1650"
                    WIDTH="700"
                    HEIGHT="116">
            <Shape><Polygon POINTS="1750 1737 1750 1650 2438 1675 2442 1750 2434 1766 1742 1750"/></Shape>
	    <String CONTENT=""
                    HPOS="1742"
                    VPOS="1650"
                    WIDTH="700"
                    HEIGHT="116"></String>
          </TextLine>

          
          
          <TextLine ID="eSc_line_e336e16a"
                    
                    BASELINE="1750 1820 2530 1829" 
                    HPOS="1742"
                    VPOS="1737"
                    WIDTH="788"
                    HEIGHT="117">
            <Shape><Polygon POINTS="1750 1820 1746 1745 2522 1737 2530 1829 2522 1854 1742 1841"/></Shape>
	    <String CONTENT=""
                    HPOS="1742"
                    VPOS="1737"
                    WIDTH="788"
                    HEIGHT="117"></String>
          </TextLine>

          
          
          <TextLine ID="eSc_line_ab72dfd1"
                    
                    BASELINE="1750 1904 2501 1916" 
                    HPOS="1742"
                    VPOS="1829"
                    WIDTH="759"
                    HEIGHT="108">
            <Shape><Polygon POINTS="1750 1904 1750 1829 2497 1841 2501 1916 2492 1937 1742 1920"/></Shape>
	    <String CONTENT=""
                    HPOS="1742"
                    VPOS="1829"
                    WIDTH="759"
                    HEIGHT="108"></String>
          </TextLine>

          
          
          <TextLine ID="eSc_line_2037e75d"
                    
                    BASELINE="1750 1991 2793 2004" 
                    HPOS="1742"
                    VPOS="1912"
                    WIDTH="1051"
                    HEIGHT="117">
            <Shape><Polygon POINTS="1750 1991 1750 1912 2788 1941 2793 2004 2784 2029 1742 2008"/></Shape>
	    <String CONTENT=""
                    HPOS="1742"
                    VPOS="1912"
                    WIDTH="1051"
                    HEIGHT="117"></String>
          </TextLine>

          
          
          <TextLine ID="eSc_line_76339da0"
                    
                    BASELINE="1750 2079 2788 2091" 
                    HPOS="1742"
                    VPOS="2000"
                    WIDTH="1046"
                    HEIGHT="120">
            <Shape><Polygon POINTS="1750 2079 1746 2004 2780 2000 2788 2091 2780 2120 1742 2091"/></Shape>
	    <String CONTENT=""
                    HPOS="1742"
                    VPOS="2000"
                    WIDTH="1046"
                    HEIGHT="120"></String>
          </TextLine>

          
          
          <TextLine ID="eSc_line_f3de1314"
                    
                    BASELINE="1750 2162 2538 2170" 
                    HPOS="1746"
                    VPOS="2087"
                    WIDTH="792"
                    HEIGHT="100">
            <Shape><Polygon POINTS="1750 2162 1750 2087 2534 2095 2538 2170 2534 2183 1746 2187"/></Shape>
	    <String CONTENT=""
                    HPOS="1746"
                    VPOS="2087"
                    WIDTH="792"
                    HEIGHT="100"></String>
          </TextLine>

          
          
          <TextLine ID="eSc_line_b059ba84"
                    
                    BASELINE="1750 2241 2551 2254" 
                    HPOS="1742"
                    VPOS="2166"
                    WIDTH="809"
                    HEIGHT="104">
            <Shape><Polygon POINTS="1750 2241 1750 2166 2547 2179 2551 2254 2543 2270 1742 2258"/></Shape>
	    <String CONTENT=""
                    HPOS="1742"
                    VPOS="2166"
                    WIDTH="809"
                    HEIGHT="104"></String>
          </TextLine>

          
          
          <TextLine ID="eSc_line_21d59e6d"
                    
                    BASELINE="1746 2329 2463 2337" 
                    HPOS="1738"
                    VPOS="2250"
                    WIDTH="725"
                    HEIGHT="108">
            <Shape><Polygon POINTS="1746 2329 1746 2250 2459 2262 2463 2337 2455 2358 1738 2345"/></Shape>
	    <String CONTENT=""
                    HPOS="1738"
                    VPOS="2250"
                    WIDTH="725"
                    HEIGHT="108"></String>
          </TextLine>

          
          
          <TextLine ID="eSc_line_476043ec"
                    
                    BASELINE="1746 2412 2793 2429" 
                    HPOS="1738"
                    VPOS="2325"
                    WIDTH="1055"
                    HEIGHT="129">
            <Shape><Polygon POINTS="1746 2412 1746 2325 2793 2341 2793 2429 2784 2454 1738 2425"/></Shape>
	    <String CONTENT=""
                    HPOS="1738"
                    VPOS="2325"
                    WIDTH="1055"
                    HEIGHT="129"></String>
          </TextLine>

          
          
          <TextLine ID="eSc_line_9d52bdff"
                    
                    BASELINE="1742 2495 1988 2504" 
                    HPOS="1734"
                    VPOS="2420"
                    WIDTH="254"
                    HEIGHT="105">
            <Shape><Polygon POINTS="1742 2495 1742 2420 1984 2429 1988 2504 1980 2525 1734 2520"/></Shape>
	    <String CONTENT=""
                    HPOS="1734"
                    VPOS="2420"
                    WIDTH="254"
                    HEIGHT="105"></String>
          </TextLine>

          
          
          <TextLine ID="eSc_line_b3d7c863"
                    
                    BASELINE="1746 2583 2763 2591" 
                    HPOS="1738"
                    VPOS="2504"
                    WIDTH="1025"
                    HEIGHT="112">
            <Shape><Polygon POINTS="1746 2583 1746 2504 2759 2504 2763 2591 2755 2616 1738 2600"/></Shape>
	    <String CONTENT=""
                    HPOS="1738"
                    VPOS="2504"
                    WIDTH="1025"
                    HEIGHT="112"></String>
          </TextLine>

          
          
          <TextLine ID="eSc_line_bb1856eb"
                    
                    BASELINE="1742 2666 2021 2666" 
                    HPOS="1738"
                    VPOS="2583"
                    WIDTH="283"
                    HEIGHT="108">
            <Shape><Polygon POINTS="1742 2666 1738 2600 2017 2583 2021 2666 2021 2691 1742 2691"/></Shape>
	    <String CONTENT=""
                    HPOS="1738"
                    VPOS="2583"
                    WIDTH="283"
                    HEIGHT="108"></String>
          </TextLine>

          
          
          <TextLine ID="eSc_line_1e8256f3"
                    
                    BASELINE="1746 2745 2788 2766" 
                    HPOS="1738"
                    VPOS="2658"
                    WIDTH="1050"
                    HEIGHT="125">
            <Shape><Polygon POINTS="1746 2745 1746 2658 2784 2691 2788 2766 2780 2783 1738 2770"/></Shape>
	    <String CONTENT=""
                    HPOS="1738"
                    VPOS="2658"
                    WIDTH="1050"
                    HEIGHT="125"></String>
          </TextLine>

          
          
          <TextLine ID="eSc_line_d9b4ff91"
                    
                    BASELINE="1742 2833 2217 2841" 
                    HPOS="1734"
                    VPOS="2758"
                    WIDTH="483"
                    HEIGHT="100">
            <Shape><Polygon POINTS="1742 2833 1742 2758 2213 2766 2217 2841 2209 2858 1734 2850"/></Shape>
	    <String CONTENT=""
                    HPOS="1734"
                    VPOS="2758"
                    WIDTH="483"
                    HEIGHT="100"></String>
          </TextLine>

          
          
          <TextLine ID="eSc_line_73bf01ee"
                    
                    BASELINE="1742 2920 2788 2933" 
                    HPOS="1734"
                    VPOS="2841"
                    WIDTH="1054"
                    HEIGHT="113">
            <Shape><Polygon POINTS="1742 2920 1742 2841 2784 2845 2788 2933 2780 2954 1734 2950"/></Shape>
	    <String CONTENT=""
                    HPOS="1734"
                    VPOS="2841"
                    WIDTH="1054"
                    HEIGHT="113"></String>
          </TextLine>

          
          
          <TextLine ID="eSc_line_5d84fa5e"
                    
                    BASELINE="1742 3008 2292 3008" 
                    HPOS="1742"
                    VPOS="2933"
                    WIDTH="550"
                    HEIGHT="104">
            <Shape><Polygon POINTS="1742 3008 1742 2933 2292 2933 2292 3008 2292 3037 1742 3037"/></Shape>
	    <String CONTENT=""
                    HPOS="1742"
                    VPOS="2933"
                    WIDTH="550"
                    HEIGHT="104"></String>
          </TextLine>

          
          
          <TextLine ID="eSc_line_f69ee1c5"
                    
                    BASELINE="1742 3087 2576 3095" 
                    HPOS="1734"
                    VPOS="3008"
                    WIDTH="842"
                    HEIGHT="108">
            <Shape><Polygon POINTS="1742 3087 1742 3008 2572 3008 2576 3095 2568 3116 1734 3104"/></Shape>
	    <String CONTENT=""
                    HPOS="1734"
                    VPOS="3008"
                    WIDTH="842"
                    HEIGHT="108"></String>
          </TextLine>

          
          
          <TextLine ID="eSc_line_54a2871e"
                    
                    BASELINE="1742 3175 2784 3183" 
                    HPOS="1734"
                    VPOS="3091"
                    WIDTH="1050"
                    HEIGHT="109">
            <Shape><Polygon POINTS="1742 3175 1742 3091 2780 3091 2784 3183 2776 3200 1734 3195"/></Shape>
	    <String CONTENT=""
                    HPOS="1734"
                    VPOS="3091"
                    WIDTH="1050"
                    HEIGHT="109"></String>
          </TextLine>

          
          
          <TextLine ID="eSc_line_c32d6bc2"
                    
                    BASELINE="1738 3262 2388 3262" 
                    HPOS="1738"
                    VPOS="3187"
                    WIDTH="650"
                    HEIGHT="104">
            <Shape><Polygon POINTS="1738 3262 1738 3187 2388 3187 2388 3262 2388 3283 1738 3291"/></Shape>
	    <String CONTENT=""
                    HPOS="1738"
                    VPOS="3187"
                    WIDTH="650"
                    HEIGHT="104"></String>
          </TextLine>

          
          
          <TextLine ID="eSc_line_5821b607"
                    
                    BASELINE="1738 3341 2684 3350" 
                    HPOS="1730"
                    VPOS="3266"
                    WIDTH="954"
                    HEIGHT="109">
            <Shape><Polygon POINTS="1738 3341 1738 3266 2680 3266 2684 3350 2676 3375 1730 3358"/></Shape>
	    <String CONTENT=""
                    HPOS="1730"
                    VPOS="3266"
                    WIDTH="954"
                    HEIGHT="109"></String>
          </TextLine>

          
          
          <TextLine ID="eSc_line_ced3dcea"
                    
                    BASELINE="1738 3425 2755 3437" 
                    HPOS="1730"
                    VPOS="3345"
                    WIDTH="1025"
                    HEIGHT="113">
            <Shape><Polygon POINTS="1738 3425 1738 3345 2755 3358 2755 3437 2747 3458 1730 3445"/></Shape>
	    <String CONTENT=""
                    HPOS="1730"
                    VPOS="3345"
                    WIDTH="1025"
                    HEIGHT="113"></String>
          </TextLine>

          
          
          <TextLine ID="eSc_line_85bb2c36"
                    
                    BASELINE="1738 3512 2759 3520" 
                    HPOS="1730"
                    VPOS="3429"
                    WIDTH="1029"
                    HEIGHT="116">
            <Shape><Polygon POINTS="1738 3512 1738 3429 2759 3429 2759 3520 2751 3545 1730 3529"/></Shape>
	    <String CONTENT=""
                    HPOS="1730"
                    VPOS="3429"
                    WIDTH="1029"
                    HEIGHT="116"></String>
          </TextLine>

          
          
          <TextLine ID="eSc_line_4ef1eb79"
                    
                    BASELINE="1734 3595 2209 3604" 
                    HPOS="1730"
                    VPOS="3516"
                    WIDTH="479"
                    HEIGHT="104">
            <Shape><Polygon POINTS="1734 3595 1734 3516 2205 3520 2209 3604 2205 3620 1730 3620"/></Shape>
	    <String CONTENT=""
                    HPOS="1730"
                    VPOS="3516"
                    WIDTH="479"
                    HEIGHT="104"></String>
          </TextLine>

          
          
          <TextLine ID="eSc_line_15479eaa"
                    
                    BASELINE="1734 3679 2776 3691" 
                    HPOS="1725"
                    VPOS="3587"
                    WIDTH="1051"
                    HEIGHT="121">
            <Shape><Polygon POINTS="1734 3679 1734 3587 2772 3612 2776 3691 2768 3708 1725 3695"/></Shape>
	    <String CONTENT=""
                    HPOS="1725"
                    VPOS="3587"
                    WIDTH="1051"
                    HEIGHT="121"></String>
          </TextLine>

          
          
          <TextLine ID="eSc_line_f517194d"
                    
                    BASELINE="1734 3766 2422 3775" 
                    HPOS="1725"
                    VPOS="3679"
                    WIDTH="697"
                    HEIGHT="108">
            <Shape><Polygon POINTS="1734 3766 1734 3679 2417 3695 2422 3775 2413 3787 1725 3783"/></Shape>
	    <String CONTENT=""
                    HPOS="1725"
                    VPOS="3679"
                    WIDTH="697"
                    HEIGHT="108"></String>
          </TextLine>

          
          
          <TextLine ID="eSc_line_992ea464"
                    
                    BASELINE="1734 3854 2543 3854" 
                    HPOS="1730"
                    VPOS="3758"
                    WIDTH="813"
                    HEIGHT="121">
            <Shape><Polygon POINTS="1734 3854 1734 3758 2543 3775 2543 3854 2538 3879 1730 3870"/></Shape>
	    <String CONTENT=""
                    HPOS="1730"
                    VPOS="3758"
                    WIDTH="813"
                    HEIGHT="121"></String>
          </TextLine>

          
          
          <TextLine ID="eSc_line_a73d9dfc"
                    
                    BASELINE="1730 3933 2763 3941" 
                    HPOS="1721"
                    VPOS="3845"
                    WIDTH="1042"
                    HEIGHT="134">
            <Shape><Polygon POINTS="1730 3933 1730 3845 2759 3854 2763 3941 2755 3979 1721 3975"/></Shape>
	    <String CONTENT=""
                    HPOS="1721"
                    VPOS="3845"
                    WIDTH="1042"
                    HEIGHT="134"></String>
          </TextLine>

          
        </TextBlock>
        
        <TextBlock HPOS="3108"
                   VPOS="133"
                   WIDTH="100"
                   HEIGHT="109"
                   ID="eSc_textblock_3cc38712"
                   TAGREFS="BT1467">
          <Shape><Polygon POINTS="3208 157 3206 242 3118 229 3108 133"/></Shape>
          
          
          <TextLine ID="eSc_line_796c4d37"
                    
                    BASELINE="3135 225 3186 222" 
                    HPOS="3126"
                    VPOS="129"
                    WIDTH="63"
                    HEIGHT="137">
            <Shape><Polygon POINTS="3130 225 3126 129 3176 129 3185 220 3189 250 3135 266"/></Shape>
	    <String CONTENT=""
                    HPOS="3126"
                    VPOS="129"
                    WIDTH="63"
                    HEIGHT="137"></String>
          </TextLine>

          
        </TextBlock>
        

        
      </PrintSpace>
    </Page>
  </Layout>
</alto>
