<?xml version="1.0" encoding="UTF-8"?>
<alto xmlns:xsi="http://www.w3.org/2001/XMLSchema-instance"
      xmlns="http://www.loc.gov/standards/alto/ns-v4#"
      xsi:schemaLocation="http://www.loc.gov/standards/alto/ns-v4# http://www.loc.gov/standards/alto/v4/alto-4-2.xsd">
  <Description>
    <MeasurementUnit>pixel</MeasurementUnit>
    <sourceImageInformation>
      <fileName>23_5fee2_default.jpg</fileName>
      <fileIdentifier>https://mazarinum.bibliotheque-mazarine.fr/i/?IIIF=/af/0a/c2/41/af0ac241-0f82-4dc2-a6df-bb95b17c4e73/iiif/751063002_inc59_0024.tif/full/full/0/default.jpg</fileIdentifier>
    </sourceImageInformation>
  </Description>
  
  <Tags>
    <OtherTag ID="BT1" LABEL="Title" DESCRIPTION="block type Title"/><OtherTag ID="BT2" LABEL="Main" DESCRIPTION="block type Main"/><OtherTag ID="BT3" LABEL="Commentary" DESCRIPTION="block type Commentary"/><OtherTag ID="BT4" LABEL="Illustration" DESCRIPTION="block type Illustration"/><OtherTag ID="BT1467" LABEL="Page" DESCRIPTION="block type Page"/>
    <OtherTag ID="LT1" LABEL="Main" DESCRIPTION="line type Main"/><OtherTag ID="LT2" LABEL="Numbering" DESCRIPTION="line type Numbering"/><OtherTag ID="LT3" LABEL="Correction" DESCRIPTION="line type Correction"/><OtherTag ID="LT4" LABEL="Signature" DESCRIPTION="line type Signature"/>
  </Tags>
  
  <Layout>
    <Page WIDTH="3545"
          HEIGHT="5000"
          PHYSICAL_IMG_NR="15"
          ID="eSc_dummypage_">
      <PrintSpace HPOS="0"
                  VPOS="0"
                  WIDTH="3545"
                  HEIGHT="5000">
        
        <TextBlock HPOS="784"
                   VPOS="1028"
                   WIDTH="1126"
                   HEIGHT="2984"
                   ID="eSc_textblock_94b80114"
                   TAGREFS="BT2">
          <Shape><Polygon POINTS="1796 1038 1796 1028 1810 1028 1811 1029 1811 1344 1821 1344 1821 1700 1836 1700 1836 1780 1761 1780 1761 1871 1846 1871 1846 1961 1510 1961 1510 2011 1846 2011 1846 2116 1124 2116 1124 2202 1846 2202 1846 2372 1048 2372 1048 2432 1846 2432 1846 2523 1239 2523 1239 2598 1846 2598 1846 2869 1048 2869 1048 2939 1871 2939 1873 3100 1450 3100 1450 3180 1875 3180 1876 3279 1852 3295 1304 3295 1304 3345 1615 3345 1615 3496 1888 3496 1893 3500 1897 3586 1776 3586 1776 3662 1900 3662 1910 3902 1600 3902 1600 3942 1595 3942 1595 4012 884 4012 784 1166 795 1111 795 1308 1020 1308 1015 1048 1214 1053 1560 1038"/></Shape>
          
          
          <TextLine ID="eSc_line_facaaf70"
                    
                    BASELINE="788 1280 999 1277" 
                    HPOS="767"
                    VPOS="1037"
                    WIDTH="229"
                    HEIGHT="279">
            <Shape><Polygon POINTS="784 1279 767 1087 846 1041 850 1041 850 1041 854 1041 854 1041 854 1041 984 1037 996 1275 988 1316 779 1308"/></Shape>
	    <String CONTENT=""
                    HPOS="767"
                    VPOS="1037"
                    WIDTH="229"
                    HEIGHT="279"></String>
          </TextLine>

          
        </TextBlock>
        
        <TextBlock HPOS="762"
                   VPOS="533"
                   WIDTH="1049"
                   HEIGHT="453"
                   ID="eSc_textblock_b9e28758"
                   TAGREFS="BT2">
          <Shape><Polygon POINTS="1793 533 1811 569 1811 618 1808 621 1612 621 1612 727 1505 727 1505 743 1490 743 1490 791 1612 791 1607 780 1796 780 1796 885 1787 887 1169 887 1169 897 1139 897 1139 983 813 983 813 986 769 979 762 563 1484 533"/></Shape>
          
          
          <TextLine ID="eSc_line_9ef0632a"
                    
                    BASELINE="779 641 1801 604" 
                    HPOS="771"
                    VPOS="487"
                    WIDTH="1030"
                    HEIGHT="188">
            <Shape><Polygon POINTS="779 641 771 516 963 541 1309 533 1363 512 1405 500 1409 500 1409 500 1409 500 1413 500 1547 512 1609 516 1622 512 1664 487 1664 487 1664 487 1668 487 1668 487 1668 487 1672 487 1672 487 1793 512 1801 604 1801 633 779 675"/></Shape>
	    <String CONTENT=""
                    HPOS="771"
                    VPOS="487"
                    WIDTH="1030"
                    HEIGHT="188"></String>
          </TextLine>

          
          
          <TextLine ID="eSc_line_1d07fc95"
                    
                    BASELINE="779 720 1609 700" 
                    HPOS="771"
                    VPOS="625"
                    WIDTH="838"
                    HEIGHT="125">
            <Shape><Polygon POINTS="779 720 771 641 1597 625 1609 700 1609 729 779 750"/></Shape>
	    <String CONTENT=""
                    HPOS="771"
                    VPOS="625"
                    WIDTH="838"
                    HEIGHT="125"></String>
          </TextLine>

          
          
          <TextLine ID="eSc_line_8048a15d"
                    
                    BASELINE="779 804 1497 783" 
                    HPOS="771"
                    VPOS="695"
                    WIDTH="726"
                    HEIGHT="125">
            <Shape><Polygon POINTS="779 804 771 729 1347 695 1351 695 1351 695 1488 716 1497 783 1497 800 779 820"/></Shape>
	    <String CONTENT=""
                    HPOS="771"
                    VPOS="695"
                    WIDTH="726"
                    HEIGHT="125"></String>
          </TextLine>

          
          
          <TextLine ID="eSc_line_007794b3"
                    
                    BASELINE="784 887 1797 850" 
                    HPOS="775"
                    VPOS="762"
                    WIDTH="1022"
                    HEIGHT="150">
            <Shape><Polygon POINTS="784 887 775 800 1785 762 1797 850 1793 875 784 912"/></Shape>
	    <String CONTENT=""
                    HPOS="775"
                    VPOS="762"
                    WIDTH="1022"
                    HEIGHT="150"></String>
          </TextLine>

          
          
          <TextLine ID="eSc_line_6579e0c9"
                    
                    BASELINE="784 962 1126 970" 
                    HPOS="779"
                    VPOS="891"
                    WIDTH="347"
                    HEIGHT="104">
            <Shape><Polygon POINTS="784 962 784 891 1121 900 1126 970 1121 991 779 995"/></Shape>
	    <String CONTENT=""
                    HPOS="779"
                    VPOS="891"
                    WIDTH="347"
                    HEIGHT="104"></String>
          </TextLine>

          
          
          <TextLine ID="eSc_line_ca9ff5f7"
                    
                    BASELINE="1007 1126 1801 1100" 
                    HPOS="996"
                    VPOS="1004"
                    WIDTH="801"
                    HEIGHT="133">
            <Shape><Polygon POINTS="1005 1125 996 1025 1785 1004 1797 1100 1797 1116 1005 1137"/></Shape>
	    <String CONTENT=""
                    HPOS="996"
                    VPOS="1004"
                    WIDTH="801"
                    HEIGHT="133"></String>
          </TextLine>

          
          
          <TextLine ID="eSc_line_9c6cfe26"
                    
                    BASELINE="1009 1212 1801 1179" 
                    HPOS="1000"
                    VPOS="1108"
                    WIDTH="801"
                    HEIGHT="117">
            <Shape><Polygon POINTS="1009 1212 1000 1125 1789 1108 1801 1179 1801 1204 1009 1225"/></Shape>
	    <String CONTENT=""
                    HPOS="1000"
                    VPOS="1108"
                    WIDTH="801"
                    HEIGHT="117"></String>
          </TextLine>

          
          
          <TextLine ID="eSc_line_4d920ad7"
                    
                    BASELINE="1021 1287 1818 1262" 
                    HPOS="1013"
                    VPOS="1191"
                    WIDTH="805"
                    HEIGHT="134">
            <Shape><Polygon POINTS="1021 1287 1013 1216 1805 1191 1818 1262 1818 1295 1021 1325"/></Shape>
	    <String CONTENT=""
                    HPOS="1013"
                    VPOS="1191"
                    WIDTH="805"
                    HEIGHT="134"></String>
          </TextLine>

          
          
          <TextLine ID="eSc_line_b0462eb2"
                    
                    BASELINE="796 1379 1050 1370" 
                    HPOS="788"
                    VPOS="1279"
                    WIDTH="262"
                    HEIGHT="116">
            <Shape><Polygon POINTS="796 1379 788 1279 1042 1295 1050 1370 1046 1387 796 1395"/></Shape>
	    <String CONTENT=""
                    HPOS="788"
                    VPOS="1279"
                    WIDTH="262"
                    HEIGHT="116"></String>
          </TextLine>

          
          
          <TextLine ID="eSc_line_66a7cda6"
                    
                    BASELINE="846 1458 1818 1420" 
                    HPOS="838"
                    VPOS="1337"
                    WIDTH="980"
                    HEIGHT="142">
            <Shape><Polygon POINTS="846 1458 838 1379 1805 1337 1818 1420 1818 1450 846 1479"/></Shape>
	    <String CONTENT=""
                    HPOS="838"
                    VPOS="1337"
                    WIDTH="980"
                    HEIGHT="142"></String>
          </TextLine>

          
          
          <TextLine ID="eSc_line_3606b6f7"
                    
                    BASELINE="804 1545 1822 1504" 
                    HPOS="792"
                    VPOS="1425"
                    WIDTH="1030"
                    HEIGHT="150">
            <Shape><Polygon POINTS="804 1545 792 1466 1810 1425 1822 1504 1822 1537 804 1575"/></Shape>
	    <String CONTENT=""
                    HPOS="792"
                    VPOS="1425"
                    WIDTH="1030"
                    HEIGHT="150"></String>
          </TextLine>

          
          
          <TextLine ID="eSc_line_f9cdb8c5"
                    
                    BASELINE="800 1625 1826 1591" 
                    HPOS="788"
                    VPOS="1508"
                    WIDTH="1038"
                    HEIGHT="142">
            <Shape><Polygon POINTS="800 1625 788 1545 1814 1508 1826 1591 1826 1616 800 1650"/></Shape>
	    <String CONTENT=""
                    HPOS="788"
                    VPOS="1508"
                    WIDTH="1038"
                    HEIGHT="142"></String>
          </TextLine>

          
          
          <TextLine ID="eSc_line_cd434c7b"
                    
                    BASELINE="804 1708 1814 1675" 
                    HPOS="796"
                    VPOS="1595"
                    WIDTH="1018"
                    HEIGHT="130">
            <Shape><Polygon POINTS="804 1708 796 1625 1801 1595 1814 1675 1814 1695 804 1725"/></Shape>
	    <String CONTENT=""
                    HPOS="796"
                    VPOS="1595"
                    WIDTH="1018"
                    HEIGHT="130"></String>
          </TextLine>

          
          
          <TextLine ID="eSc_line_2458a265"
                    
                    BASELINE="809 1787 1826 1758" 
                    HPOS="800"
                    VPOS="1670"
                    WIDTH="1026"
                    HEIGHT="138">
            <Shape><Polygon POINTS="809 1787 800 1708 1814 1670 1826 1758 1826 1779 809 1808"/></Shape>
	    <String CONTENT=""
                    HPOS="800"
                    VPOS="1670"
                    WIDTH="1026"
                    HEIGHT="138"></String>
          </TextLine>

          
          
          <TextLine ID="eSc_line_cff6de48"
                    
                    BASELINE="813 1866 1768 1837" 
                    HPOS="804"
                    VPOS="1766"
                    WIDTH="964"
                    HEIGHT="117">
            <Shape><Polygon POINTS="813 1866 804 1800 1755 1766 1768 1837 1768 1854 813 1883"/></Shape>
	    <String CONTENT=""
                    HPOS="804"
                    VPOS="1766"
                    WIDTH="964"
                    HEIGHT="117"></String>
          </TextLine>

          
          
          <TextLine ID="eSc_line_1bd23a11"
                    
                    BASELINE="813 1950 1830 1925" 
                    HPOS="796"
                    VPOS="1837"
                    WIDTH="1034"
                    HEIGHT="133">
            <Shape><Polygon POINTS="813 1950 796 1879 825 1854 825 1854 829 1854 829 1854 829 1854 834 1854 834 1854 834 1854 838 1854 838 1854 975 1870 1818 1837 1830 1925 1826 1950 813 1970"/></Shape>
	    <String CONTENT=""
                    HPOS="796"
                    VPOS="1837"
                    WIDTH="1034"
                    HEIGHT="133"></String>
          </TextLine>

          
          
          <TextLine ID="eSc_line_ab1328e7"
                    
                    BASELINE="813 2033 1497 2012" 
                    HPOS="804"
                    VPOS="1941"
                    WIDTH="693"
                    HEIGHT="109">
            <Shape><Polygon POINTS="813 2033 804 1954 1484 1941 1497 2012 1497 2041 813 2050"/></Shape>
	    <String CONTENT=""
                    HPOS="804"
                    VPOS="1941"
                    WIDTH="693"
                    HEIGHT="109"></String>
          </TextLine>

          
          
          <TextLine ID="eSc_line_9f071cdf"
                    
                    BASELINE="813 2116 1822 2083" 
                    HPOS="804"
                    VPOS="2008"
                    WIDTH="1018"
                    HEIGHT="125">
            <Shape><Polygon POINTS="813 2116 804 2033 1810 2008 1822 2083 1822 2116 813 2133"/></Shape>
	    <String CONTENT=""
                    HPOS="804"
                    VPOS="2008"
                    WIDTH="1018"
                    HEIGHT="125"></String>
          </TextLine>

          
          
          <TextLine ID="eSc_line_0ca560f3"
                    
                    BASELINE="817 2195 1105 2187" 
                    HPOS="809"
                    VPOS="2120"
                    WIDTH="296"
                    HEIGHT="92">
            <Shape><Polygon POINTS="817 2195 809 2129 1092 2120 1105 2187 1105 2208 817 2212"/></Shape>
	    <String CONTENT=""
                    HPOS="809"
                    VPOS="2120"
                    WIDTH="296"
                    HEIGHT="92"></String>
          </TextLine>

          
          
          <TextLine ID="eSc_line_0df835ad"
                    
                    BASELINE="817 2279 1822 2245" 
                    HPOS="809"
                    VPOS="2166"
                    WIDTH="1013"
                    HEIGHT="129">
            <Shape><Polygon POINTS="817 2279 809 2191 1810 2166 1822 2245 1822 2275 817 2295"/></Shape>
	    <String CONTENT=""
                    HPOS="809"
                    VPOS="2166"
                    WIDTH="1013"
                    HEIGHT="129"></String>
          </TextLine>

          
          
          <TextLine ID="eSc_line_78f71efe"
                    
                    BASELINE="821 2358 1839 2333" 
                    HPOS="813"
                    VPOS="2250"
                    WIDTH="1026"
                    HEIGHT="125">
            <Shape><Polygon POINTS="821 2358 813 2283 1826 2250 1839 2333 1839 2358 821 2375"/></Shape>
	    <String CONTENT=""
                    HPOS="813"
                    VPOS="2250"
                    WIDTH="1026"
                    HEIGHT="125"></String>
          </TextLine>

          
          
          <TextLine ID="eSc_line_0d186978"
                    
                    BASELINE="821 2441 1021 2437" 
                    HPOS="804"
                    VPOS="2354"
                    WIDTH="217"
                    HEIGHT="104">
            <Shape><Polygon POINTS="821 2441 804 2379 846 2354 850 2354 850 2354 854 2354 854 2354 854 2354 859 2354 1013 2366 1021 2437 1017 2454 821 2458"/></Shape>
	    <String CONTENT=""
                    HPOS="804"
                    VPOS="2354"
                    WIDTH="217"
                    HEIGHT="104"></String>
          </TextLine>

          
          
          <TextLine ID="eSc_line_59a0be0b"
                    
                    BASELINE="825 2520 1851 2495" 
                    HPOS="817"
                    VPOS="2412"
                    WIDTH="1034"
                    HEIGHT="138">
            <Shape><Polygon POINTS="825 2520 817 2445 1839 2412 1851 2495 1847 2525 825 2550"/></Shape>
	    <String CONTENT=""
                    HPOS="817"
                    VPOS="2412"
                    WIDTH="1034"
                    HEIGHT="138"></String>
          </TextLine>

          
          
          <TextLine ID="eSc_line_dd07fd5d"
                    
                    BASELINE="829 2604 1205 2595" 
                    HPOS="821"
                    VPOS="2529"
                    WIDTH="384"
                    HEIGHT="96">
            <Shape><Polygon POINTS="829 2604 821 2537 1192 2529 1205 2595 1201 2616 829 2625"/></Shape>
	    <String CONTENT=""
                    HPOS="821"
                    VPOS="2529"
                    WIDTH="384"
                    HEIGHT="96"></String>
          </TextLine>

          
          
          <TextLine ID="eSc_line_fd3149d5"
                    
                    BASELINE="829 2687 1847 2662" 
                    HPOS="821"
                    VPOS="2591"
                    WIDTH="1026"
                    HEIGHT="113">
            <Shape><Polygon POINTS="829 2687 821 2616 1835 2591 1847 2662 1847 2687 829 2704"/></Shape>
	    <String CONTENT=""
                    HPOS="821"
                    VPOS="2591"
                    WIDTH="1026"
                    HEIGHT="113"></String>
          </TextLine>

          
          
          <TextLine ID="eSc_line_4a338540"
                    
                    BASELINE="834 2762 1855 2741" 
                    HPOS="825"
                    VPOS="2662"
                    WIDTH="1030"
                    HEIGHT="125">
            <Shape><Polygon POINTS="834 2762 825 2695 1843 2662 1855 2741 1851 2779 834 2787"/></Shape>
	    <String CONTENT=""
                    HPOS="825"
                    VPOS="2662"
                    WIDTH="1030"
                    HEIGHT="125"></String>
          </TextLine>

          
          
          <TextLine ID="eSc_line_6d06e3e8"
                    
                    BASELINE="834 2845 1855 2829" 
                    HPOS="825"
                    VPOS="2758"
                    WIDTH="1030"
                    HEIGHT="104">
            <Shape><Polygon POINTS="834 2845 825 2775 1843 2758 1855 2829 1855 2850 834 2862"/></Shape>
	    <String CONTENT=""
                    HPOS="825"
                    VPOS="2758"
                    WIDTH="1030"
                    HEIGHT="104"></String>
          </TextLine>

          
          
          <TextLine ID="eSc_line_c44c04b3"
                    
                    BASELINE="834 2933 1105 2933" 
                    HPOS="829"
                    VPOS="2845"
                    WIDTH="276"
                    HEIGHT="109">
            <Shape><Polygon POINTS="834 2933 829 2862 1101 2845 1105 2933 1105 2954 834 2954"/></Shape>
	    <String CONTENT=""
                    HPOS="829"
                    VPOS="2845"
                    WIDTH="276"
                    HEIGHT="109"></String>
          </TextLine>

          
          
          <TextLine ID="eSc_line_c5e3c8cf"
                    
                    BASELINE="842 3012 1860 2991" 
                    HPOS="834"
                    VPOS="2916"
                    WIDTH="1026"
                    HEIGHT="117">
            <Shape><Polygon POINTS="842 3012 834 2925 1847 2916 1860 2991 1860 3008 842 3033"/></Shape>
	    <String CONTENT=""
                    HPOS="834"
                    VPOS="2916"
                    WIDTH="1026"
                    HEIGHT="117"></String>
          </TextLine>

          
          
          <TextLine ID="eSc_line_b68d6f99"
                    
                    BASELINE="854 3091 1839 3083" 
                    HPOS="850"
                    VPOS="3008"
                    WIDTH="989"
                    HEIGHT="104">
            <Shape><Polygon POINTS="854 3091 850 3008 1830 3012 1839 3083 1835 3112 854 3112"/></Shape>
	    <String CONTENT=""
                    HPOS="850"
                    VPOS="3008"
                    WIDTH="989"
                    HEIGHT="104"></String>
          </TextLine>

          
          
          <TextLine ID="eSc_line_f68d3705"
                    
                    BASELINE="850 3175 1459 3166" 
                    HPOS="842"
                    VPOS="3095"
                    WIDTH="617"
                    HEIGHT="96">
            <Shape><Polygon POINTS="850 3175 842 3104 1447 3095 1459 3166 1455 3183 850 3191"/></Shape>
	    <String CONTENT=""
                    HPOS="842"
                    VPOS="3095"
                    WIDTH="617"
                    HEIGHT="96"></String>
          </TextLine>

          
          
          <TextLine ID="eSc_line_4204da5d"
                    
                    BASELINE="850 3258 1843 3250" 
                    HPOS="842"
                    VPOS="3170"
                    WIDTH="1001"
                    HEIGHT="109">
            <Shape><Polygon POINTS="850 3258 842 3179 1830 3170 1843 3250 1839 3279 846 3270"/></Shape>
	    <String CONTENT=""
                    HPOS="842"
                    VPOS="3170"
                    WIDTH="1001"
                    HEIGHT="109"></String>
          </TextLine>

          
          
          <TextLine ID="eSc_line_96e6687b"
                    
                    BASELINE="850 3337 1280 3337" 
                    HPOS="850"
                    VPOS="3266"
                    WIDTH="430"
                    HEIGHT="92">
            <Shape><Polygon POINTS="850 3337 850 3266 1280 3266 1280 3337 1280 3358 850 3358"/></Shape>
	    <String CONTENT=""
                    HPOS="850"
                    VPOS="3266"
                    WIDTH="430"
                    HEIGHT="92"></String>
          </TextLine>

          
          
          <TextLine ID="eSc_line_cd08e119"
                    
                    BASELINE="854 3416 1597 3408" 
                    HPOS="846"
                    VPOS="3333"
                    WIDTH="751"
                    HEIGHT="112">
            <Shape><Polygon POINTS="854 3416 846 3337 1584 3333 1597 3408 1593 3441 854 3445"/></Shape>
	    <String CONTENT=""
                    HPOS="846"
                    VPOS="3333"
                    WIDTH="751"
                    HEIGHT="112"></String>
          </TextLine>

          
          
          <TextLine ID="eSc_line_dcaa7027"
                    
                    BASELINE="854 3504 1576 3491" 
                    HPOS="850"
                    VPOS="3416"
                    WIDTH="726"
                    HEIGHT="104">
            <Shape><Polygon POINTS="854 3504 850 3416 1568 3420 1576 3491 1572 3508 854 3520"/></Shape>
	    <String CONTENT=""
                    HPOS="850"
                    VPOS="3416"
                    WIDTH="726"
                    HEIGHT="104"></String>
          </TextLine>

          
          
          <TextLine ID="eSc_line_44a17f10"
                    
                    BASELINE="859 3587 1872 3566" 
                    HPOS="850"
                    VPOS="3483"
                    WIDTH="1022"
                    HEIGHT="121">
            <Shape><Polygon POINTS="859 3587 850 3508 1860 3483 1872 3566 1872 3600 859 3604"/></Shape>
	    <String CONTENT=""
                    HPOS="850"
                    VPOS="3483"
                    WIDTH="1022"
                    HEIGHT="121"></String>
          </TextLine>

          
          
          <TextLine ID="eSc_line_42a922b0"
                    
                    BASELINE="863 3666 1764 3654" 
                    HPOS="854"
                    VPOS="3583"
                    WIDTH="910"
                    HEIGHT="104">
            <Shape><Polygon POINTS="863 3666 854 3595 1751 3583 1764 3654 1759 3675 863 3687"/></Shape>
	    <String CONTENT=""
                    HPOS="854"
                    VPOS="3583"
                    WIDTH="910"
                    HEIGHT="104"></String>
          </TextLine>

          
          
          <TextLine ID="eSc_line_cb88694c"
                    
                    BASELINE="863 3750 1880 3733" 
                    HPOS="854"
                    VPOS="3658"
                    WIDTH="1026"
                    HEIGHT="104">
            <Shape><Polygon POINTS="863 3750 854 3670 1868 3658 1880 3733 1880 3750 863 3762"/></Shape>
	    <String CONTENT=""
                    HPOS="854"
                    VPOS="3658"
                    WIDTH="1026"
                    HEIGHT="104"></String>
          </TextLine>

          
          
          <TextLine ID="eSc_line_a0c26474"
                    
                    BASELINE="867 3829 1868 3816" 
                    HPOS="859"
                    VPOS="3733"
                    WIDTH="1009"
                    HEIGHT="117">
            <Shape><Polygon POINTS="867 3829 859 3758 1855 3733 1868 3816 1864 3841 867 3850"/></Shape>
	    <String CONTENT=""
                    HPOS="859"
                    VPOS="3733"
                    WIDTH="1009"
                    HEIGHT="117"></String>
          </TextLine>

          
          
          <TextLine ID="eSc_line_3d34546e"
                    
                    BASELINE="867 3912 1889 3895" 
                    HPOS="863"
                    VPOS="3825"
                    WIDTH="1026"
                    HEIGHT="116">
            <Shape><Polygon POINTS="867 3912 863 3825 1880 3825 1889 3895 1885 3929 867 3941"/></Shape>
	    <String CONTENT=""
                    HPOS="863"
                    VPOS="3825"
                    WIDTH="1026"
                    HEIGHT="116"></String>
          </TextLine>

          
          
          <TextLine ID="eSc_line_8a5fb5fc"
                    
                    BASELINE="871 3995 1597 3987" 
                    HPOS="854"
                    VPOS="3900"
                    WIDTH="747"
                    HEIGHT="158">
            <Shape><Polygon POINTS="871 3995 854 3929 892 3904 896 3904 896 3904 896 3904 900 3904 900 3904 900 3904 905 3904 1201 3920 1213 3904 1217 3904 1217 3900 1217 3900 1221 3900 1221 3900 1221 3900 1226 3900 1226 3900 1226 3900 1230 3900 1588 3920 1597 3987 1601 4033 1534 4058 1534 4058 1530 4058 1530 4058 1526 4058 867 4054"/></Shape>
	    <String CONTENT=""
                    HPOS="854"
                    VPOS="3900"
                    WIDTH="747"
                    HEIGHT="158"></String>
          </TextLine>

          
        </TextBlock>
        
        <TextBlock HPOS="2031"
                   VPOS="500"
                   WIDTH="1130"
                   HEIGHT="3429"
                   ID="eSc_textblock_5e143856"
                   TAGREFS="BT2">
          <Shape><Polygon POINTS="2944 500 3111 616 3068 847 3020 847 3020 837 2563 837 2563 923 2995 923 2995 978 3090 978 3090 1063 3066 1083 2915 1083 2915 1103 2764 1103 2764 1178 2915 1178 2915 1254 2848 1254 2848 1319 3009 1319 3111 1350 3111 1495 3093 1504 2944 1504 2944 1509 2412 1509 2412 1570 2944 1570 2944 1675 2909 1675 2909 1770 2833 1770 2833 1841 2959 1841 2959 1891 3051 1891 3144 1950 3146 2086 2818 2086 2818 2142 3147 2142 3149 2262 2778 2262 2778 2342 3149 2342 3149 2437 2588 2437 2588 2493 3153 2493 3154 2578 2703 2578 2703 2658 3155 2658 3157 2759 2678 2759 2678 2824 3158 2824 3160 2924 2598 2924 2598 2999 3161 2999 3161 3012 3108 3100 2808 3100 2808 3115 2598 3115 2598 3175 2808 3175 2808 3240 3105 3240 3137 3340 2848 3340 2848 3350 2477 3350 2477 3416 2848 3416 2848 3516 3160 3516 3157 3591 2688 3591 2688 3646 3155 3646 3151 3752 2818 3752 2818 3847 3147 3847 3144 3929 2114 3929 2031 533 2431 500"/></Shape>
          
          
          <TextLine ID="eSc_line_b8a48c6b"
                    
                    BASELINE="2039 595 2936 562" 
                    HPOS="2026"
                    VPOS="441"
                    WIDTH="910"
                    HEIGHT="171">
            <Shape><Polygon POINTS="2039 595 2026 500 2356 458 2356 458 2360 458 2360 458 2360 458 2364 458 2364 458 2364 458 2368 458 2389 475 2402 483 2460 470 2514 458 2514 458 2514 458 2519 458 2585 462 2723 470 2752 450 2752 450 2752 450 2756 450 2756 450 2756 450 2760 450 2760 450 2765 450 2765 450 2765 450 2769 450 2769 450 2769 450 2769 450 2773 450 2802 470 2919 441 2936 562 2936 583 2039 612"/></Shape>
	    <String CONTENT=""
                    HPOS="2026"
                    VPOS="441"
                    WIDTH="910"
                    HEIGHT="171"></String>
          </TextLine>

          
          
          <TextLine ID="eSc_line_d7d95e09"
                    
                    BASELINE="2043 679 3069 645" 
                    HPOS="2035"
                    VPOS="562"
                    WIDTH="1034"
                    HEIGHT="150">
            <Shape><Polygon POINTS="2043 679 2035 587 3057 562 3069 645 3065 679 2043 712"/></Shape>
	    <String CONTENT=""
                    HPOS="2035"
                    VPOS="562"
                    WIDTH="1034"
                    HEIGHT="150"></String>
          </TextLine>

          
          
          <TextLine ID="eSc_line_fa405825"
                    
                    BASELINE="2051 766 3069 729" 
                    HPOS="2043"
                    VPOS="654"
                    WIDTH="1026"
                    HEIGHT="141">
            <Shape><Polygon POINTS="2051 766 2043 687 3057 654 3069 729 3069 741 2051 795"/></Shape>
	    <String CONTENT=""
                    HPOS="2043"
                    VPOS="654"
                    WIDTH="1026"
                    HEIGHT="141"></String>
          </TextLine>

          
          
          <TextLine ID="eSc_line_76f25bd5"
                    
                    BASELINE="2047 841 3069 816" 
                    HPOS="2039"
                    VPOS="745"
                    WIDTH="1030"
                    HEIGHT="117">
            <Shape><Polygon POINTS="2047 841 2039 770 3057 745 3069 816 3065 841 2047 862"/></Shape>
	    <String CONTENT=""
                    HPOS="2039"
                    VPOS="745"
                    WIDTH="1030"
                    HEIGHT="117"></String>
          </TextLine>

          
          
          <TextLine ID="eSc_line_a20a5c95"
                    
                    BASELINE="2051 925 2573 912" 
                    HPOS="2043"
                    VPOS="825"
                    WIDTH="530"
                    HEIGHT="116">
            <Shape><Polygon POINTS="2051 925 2043 854 2264 829 2264 829 2268 829 2268 829 2381 845 2402 829 2402 825 2402 825 2406 825 2406 825 2406 825 2410 825 2410 825 2414 825 2414 825 2564 845 2573 912 2569 929 2051 941"/></Shape>
	    <String CONTENT=""
                    HPOS="2043"
                    VPOS="825"
                    WIDTH="530"
                    HEIGHT="116"></String>
          </TextLine>

          
          
          <TextLine ID="eSc_line_41c8d26c"
                    
                    BASELINE="2047 1004 2990 979" 
                    HPOS="2035"
                    VPOS="891"
                    WIDTH="955"
                    HEIGHT="134">
            <Shape><Polygon POINTS="2047 1004 2035 916 2977 891 2990 979 2990 995 2047 1025"/></Shape>
	    <String CONTENT=""
                    HPOS="2035"
                    VPOS="891"
                    WIDTH="955"
                    HEIGHT="134"></String>
          </TextLine>

          
          
          <TextLine ID="eSc_line_f99d5aaf"
                    
                    BASELINE="2051 1091 3077 1062" 
                    HPOS="2043"
                    VPOS="975"
                    WIDTH="1034"
                    HEIGHT="150">
            <Shape><Polygon POINTS="2051 1091 2043 1012 3065 975 3077 1062 3073 1083 2051 1125"/></Shape>
	    <String CONTENT=""
                    HPOS="2043"
                    VPOS="975"
                    WIDTH="1034"
                    HEIGHT="150"></String>
          </TextLine>

          
          
          <TextLine ID="eSc_line_a9e995fc"
                    
                    BASELINE="2051 1166 2744 1154" 
                    HPOS="2043"
                    VPOS="1070"
                    WIDTH="701"
                    HEIGHT="121">
            <Shape><Polygon POINTS="2051 1166 2043 1100 2731 1070 2744 1154 2740 1175 2051 1191"/></Shape>
	    <String CONTENT=""
                    HPOS="2043"
                    VPOS="1070"
                    WIDTH="701"
                    HEIGHT="121"></String>
          </TextLine>

          
          
          <TextLine ID="eSc_line_1a982acf"
                    
                    BASELINE="2056 1254 2894 1237" 
                    HPOS="2047"
                    VPOS="1162"
                    WIDTH="847"
                    HEIGHT="104">
            <Shape><Polygon POINTS="2056 1254 2047 1179 2881 1162 2894 1237 2894 1250 2056 1266"/></Shape>
	    <String CONTENT=""
                    HPOS="2047"
                    VPOS="1162"
                    WIDTH="847"
                    HEIGHT="104"></String>
          </TextLine>

          
          
          <TextLine ID="eSc_line_13b11d2e"
                    
                    BASELINE="2060 1337 2840 1316" 
                    HPOS="2051"
                    VPOS="1229"
                    WIDTH="789"
                    HEIGHT="125">
            <Shape><Polygon POINTS="2060 1337 2051 1266 2706 1229 2710 1229 2710 1229 2831 1250 2840 1316 2840 1337 2060 1354"/></Shape>
	    <String CONTENT=""
                    HPOS="2051"
                    VPOS="1229"
                    WIDTH="789"
                    HEIGHT="125"></String>
          </TextLine>

          
          
          <TextLine ID="eSc_line_4cbd5f07"
                    
                    BASELINE="2060 1420 3086 1391" 
                    HPOS="2051"
                    VPOS="1320"
                    WIDTH="1035"
                    HEIGHT="117">
            <Shape><Polygon POINTS="2060 1420 2051 1333 3073 1320 3086 1391 3086 1416 2060 1437"/></Shape>
	    <String CONTENT=""
                    HPOS="2051"
                    VPOS="1320"
                    WIDTH="1035"
                    HEIGHT="117"></String>
          </TextLine>

          
          
          <TextLine ID="eSc_line_a07fff30"
                    
                    BASELINE="2064 1504 3094 1483" 
                    HPOS="2056"
                    VPOS="1408"
                    WIDTH="1038"
                    HEIGHT="133">
            <Shape><Polygon POINTS="2064 1504 2056 1420 3082 1408 3094 1483 3090 1504 2064 1541"/></Shape>
	    <String CONTENT=""
                    HPOS="2056"
                    VPOS="1408"
                    WIDTH="1038"
                    HEIGHT="133"></String>
          </TextLine>

          
          
          <TextLine ID="eSc_line_8cbd4df2"
                    
                    BASELINE="2064 1587 2406 1587" 
                    HPOS="2056"
                    VPOS="1495"
                    WIDTH="350"
                    HEIGHT="113">
            <Shape><Polygon POINTS="2064 1587 2056 1520 2139 1495 2143 1495 2143 1495 2143 1495 2147 1495 2406 1520 2406 1587 2406 1608 2064 1608"/></Shape>
	    <String CONTENT=""
                    HPOS="2056"
                    VPOS="1495"
                    WIDTH="350"
                    HEIGHT="113"></String>
          </TextLine>

          
          
          <TextLine ID="eSc_line_3560c94b"
                    
                    BASELINE="2068 1670 2923 1654" 
                    HPOS="2060"
                    VPOS="1575"
                    WIDTH="863"
                    HEIGHT="116">
            <Shape><Polygon POINTS="2068 1670 2060 1591 2911 1575 2923 1654 2919 1670 2068 1691"/></Shape>
	    <String CONTENT=""
                    HPOS="2060"
                    VPOS="1575"
                    WIDTH="863"
                    HEIGHT="116"></String>
          </TextLine>

          
          
          <TextLine ID="eSc_line_d3a8b68c"
                    
                    BASELINE="2072 1754 2873 1737" 
                    HPOS="2068"
                    VPOS="1662"
                    WIDTH="805"
                    HEIGHT="104">
            <Shape><Polygon POINTS="2072 1754 2068 1662 2865 1662 2873 1737 2873 1750 2072 1766"/></Shape>
	    <String CONTENT=""
                    HPOS="2068"
                    VPOS="1662"
                    WIDTH="805"
                    HEIGHT="104"></String>
          </TextLine>

          
          
          <TextLine ID="eSc_line_3797779c"
                    
                    BASELINE="2076 1837 2815 1820" 
                    HPOS="2068"
                    VPOS="1741"
                    WIDTH="747"
                    HEIGHT="113">
            <Shape><Polygon POINTS="2076 1837 2068 1758 2802 1741 2815 1820 2810 1837 2076 1854"/></Shape>
	    <String CONTENT=""
                    HPOS="2068"
                    VPOS="1741"
                    WIDTH="747"
                    HEIGHT="113"></String>
          </TextLine>

          
          
          <TextLine ID="eSc_line_77f28f57"
                    
                    BASELINE="2076 1916 2940 1895" 
                    HPOS="2068"
                    VPOS="1812"
                    WIDTH="872"
                    HEIGHT="125">
            <Shape><Polygon POINTS="2076 1916 2068 1833 2927 1812 2940 1895 2940 1920 2076 1937"/></Shape>
	    <String CONTENT=""
                    HPOS="2068"
                    VPOS="1812"
                    WIDTH="872"
                    HEIGHT="125"></String>
          </TextLine>

          
          
          <TextLine ID="eSc_line_a4abf240"
                    
                    BASELINE="2081 2004 3119 1979" 
                    HPOS="2072"
                    VPOS="1900"
                    WIDTH="1047"
                    HEIGHT="137">
            <Shape><Polygon POINTS="2081 2004 2072 1925 3107 1900 3119 1979 3115 2004 2081 2037"/></Shape>
	    <String CONTENT=""
                    HPOS="2072"
                    VPOS="1900"
                    WIDTH="1047"
                    HEIGHT="137"></String>
          </TextLine>

          
          
          <TextLine ID="eSc_line_bc4a4d71"
                    
                    BASELINE="2081 2079 3111 2062" 
                    HPOS="2072"
                    VPOS="1979"
                    WIDTH="1039"
                    HEIGHT="121">
            <Shape><Polygon POINTS="2081 2079 2072 2008 3098 1979 3111 2062 3111 2091 2081 2100"/></Shape>
	    <String CONTENT=""
                    HPOS="2072"
                    VPOS="1979"
                    WIDTH="1039"
                    HEIGHT="121"></String>
          </TextLine>

          
          
          <TextLine ID="eSc_line_645b8ea3"
                    
                    BASELINE="2085 2166 2815 2154" 
                    HPOS="2076"
                    VPOS="2083"
                    WIDTH="739"
                    HEIGHT="112">
            <Shape><Polygon POINTS="2085 2166 2076 2091 2802 2083 2815 2154 2810 2179 2085 2195"/></Shape>
	    <String CONTENT=""
                    HPOS="2076"
                    VPOS="2083"
                    WIDTH="739"
                    HEIGHT="112"></String>
          </TextLine>

          
          
          <TextLine ID="eSc_line_0573baf4"
                    
                    BASELINE="2081 2250 3115 2229" 
                    HPOS="2072"
                    VPOS="2141"
                    WIDTH="1043"
                    HEIGHT="134">
            <Shape><Polygon POINTS="2081 2250 2072 2166 3102 2141 3115 2229 3115 2266 2081 2275"/></Shape>
	    <String CONTENT=""
                    HPOS="2072"
                    VPOS="2141"
                    WIDTH="1043"
                    HEIGHT="134"></String>
          </TextLine>

          
          
          <TextLine ID="eSc_line_8c5bc710"
                    
                    BASELINE="2085 2333 2769 2320" 
                    HPOS="2076"
                    VPOS="2250"
                    WIDTH="693"
                    HEIGHT="112">
            <Shape><Polygon POINTS="2085 2333 2076 2262 2756 2250 2769 2320 2765 2341 2085 2362"/></Shape>
	    <String CONTENT=""
                    HPOS="2076"
                    VPOS="2250"
                    WIDTH="693"
                    HEIGHT="112"></String>
          </TextLine>

          
          
          <TextLine ID="eSc_line_66ab8161"
                    
                    BASELINE="2085 2412 3111 2404" 
                    HPOS="2076"
                    VPOS="2308"
                    WIDTH="1035"
                    HEIGHT="137">
            <Shape><Polygon POINTS="2085 2412 2076 2337 3098 2308 3111 2404 3107 2420 2085 2445"/></Shape>
	    <String CONTENT=""
                    HPOS="2076"
                    VPOS="2308"
                    WIDTH="1035"
                    HEIGHT="137"></String>
          </TextLine>

          
          
          <TextLine ID="eSc_line_58d68686"
                    
                    BASELINE="2089 2495 2569 2495" 
                    HPOS="2089"
                    VPOS="2425"
                    WIDTH="480"
                    HEIGHT="91">
            <Shape><Polygon POINTS="2089 2495 2089 2425 2569 2425 2569 2495 2569 2516 2089 2516"/></Shape>
	    <String CONTENT=""
                    HPOS="2089"
                    VPOS="2425"
                    WIDTH="480"
                    HEIGHT="91"></String>
          </TextLine>

          
          
          <TextLine ID="eSc_line_b844500e"
                    
                    BASELINE="2093 2583 3119 2562" 
                    HPOS="2085"
                    VPOS="2470"
                    WIDTH="1034"
                    HEIGHT="130">
            <Shape><Polygon POINTS="2093 2583 2085 2487 3107 2470 3119 2562 3119 2587 2093 2600"/></Shape>
	    <String CONTENT=""
                    HPOS="2085"
                    VPOS="2470"
                    WIDTH="1034"
                    HEIGHT="130"></String>
          </TextLine>

          
          
          <TextLine ID="eSc_line_dcea14a4"
                    
                    BASELINE="2097 2662 2690 2662" 
                    HPOS="2097"
                    VPOS="2587"
                    WIDTH="593"
                    HEIGHT="104">
            <Shape><Polygon POINTS="2097 2662 2097 2587 2690 2591 2690 2662 2690 2683 2097 2691"/></Shape>
	    <String CONTENT=""
                    HPOS="2097"
                    VPOS="2587"
                    WIDTH="593"
                    HEIGHT="104"></String>
          </TextLine>

          
          
          <TextLine ID="eSc_line_ea8291ac"
                    
                    BASELINE="2097 2745 3123 2729" 
                    HPOS="2089"
                    VPOS="2637"
                    WIDTH="1034"
                    HEIGHT="138">
            <Shape><Polygon POINTS="2097 2745 2089 2670 3111 2637 3123 2729 3115 2775 2093 2770"/></Shape>
	    <String CONTENT=""
                    HPOS="2089"
                    VPOS="2637"
                    WIDTH="1034"
                    HEIGHT="138"></String>
          </TextLine>

          
          
          <TextLine ID="eSc_line_f6665ab4"
                    
                    BASELINE="2097 2829 2644 2820" 
                    HPOS="2089"
                    VPOS="2758"
                    WIDTH="555"
                    HEIGHT="96">
            <Shape><Polygon POINTS="2097 2829 2089 2766 2631 2758 2644 2820 2635 2854 2093 2845"/></Shape>
	    <String CONTENT=""
                    HPOS="2089"
                    VPOS="2758"
                    WIDTH="555"
                    HEIGHT="96"></String>
          </TextLine>

          
          
          <TextLine ID="eSc_line_c47aff2f"
                    
                    BASELINE="2097 2912 3115 2912" 
                    HPOS="2093"
                    VPOS="2812"
                    WIDTH="1022"
                    HEIGHT="138">
            <Shape><Polygon POINTS="2097 2912 2093 2825 3111 2812 3115 2912 3115 2950 2097 2950"/></Shape>
	    <String CONTENT=""
                    HPOS="2093"
                    VPOS="2812"
                    WIDTH="1022"
                    HEIGHT="138"></String>
          </TextLine>

          
          
          <TextLine ID="eSc_line_44c26adb"
                    
                    BASELINE="2097 2995 2594 2995" 
                    HPOS="2097"
                    VPOS="2920"
                    WIDTH="497"
                    HEIGHT="96">
            <Shape><Polygon POINTS="2097 2995 2097 2920 2594 2920 2594 2995 2594 3016 2097 3016"/></Shape>
	    <String CONTENT=""
                    HPOS="2097"
                    VPOS="2920"
                    WIDTH="497"
                    HEIGHT="96"></String>
          </TextLine>

          
          
          <TextLine ID="eSc_line_c8c97965"
                    
                    BASELINE="2101 3083 3123 3070" 
                    HPOS="2093"
                    VPOS="2975"
                    WIDTH="1030"
                    HEIGHT="129">
            <Shape><Polygon POINTS="2101 3083 2093 3004 3111 2975 3123 3070 3123 3104 2101 3104"/></Shape>
	    <String CONTENT=""
                    HPOS="2093"
                    VPOS="2975"
                    WIDTH="1030"
                    HEIGHT="129"></String>
          </TextLine>

          
          
          <TextLine ID="eSc_line_4eff9a90"
                    
                    BASELINE="2110 3158 2573 3158" 
                    HPOS="2110"
                    VPOS="3091"
                    WIDTH="463"
                    HEIGHT="92">
            <Shape><Polygon POINTS="2110 3158 2110 3091 2573 3091 2573 3158 2573 3183 2110 3183"/></Shape>
	    <String CONTENT=""
                    HPOS="2110"
                    VPOS="3091"
                    WIDTH="463"
                    HEIGHT="92"></String>
          </TextLine>

          
          
          <TextLine ID="eSc_line_dbf0802a"
                    
                    BASELINE="2106 3245 2806 3237" 
                    HPOS="2101"
                    VPOS="3150"
                    WIDTH="705"
                    HEIGHT="116">
            <Shape><Polygon POINTS="2106 3245 2101 3150 2798 3158 2806 3237 2802 3254 2106 3266"/></Shape>
	    <String CONTENT=""
                    HPOS="2101"
                    VPOS="3150"
                    WIDTH="705"
                    HEIGHT="116"></String>
          </TextLine>

          
          
          <TextLine ID="eSc_line_b9ebd33b"
                    
                    BASELINE="2110 3325 3123 3312" 
                    HPOS="2101"
                    VPOS="3241"
                    WIDTH="1022"
                    HEIGHT="109">
            <Shape><Polygon POINTS="2110 3325 2101 3245 3111 3241 3123 3312 3119 3350 2106 3341"/></Shape>
	    <String CONTENT=""
                    HPOS="2101"
                    VPOS="3241"
                    WIDTH="1022"
                    HEIGHT="109"></String>
          </TextLine>

          
          
          <TextLine ID="eSc_line_57bc7e1b"
                    
                    BASELINE="2110 3404 2468 3404" 
                    HPOS="2106"
                    VPOS="3316"
                    WIDTH="362"
                    HEIGHT="113">
            <Shape><Polygon POINTS="2110 3404 2106 3320 2464 3316 2468 3404 2464 3429 2106 3425"/></Shape>
	    <String CONTENT=""
                    HPOS="2106"
                    VPOS="3316"
                    WIDTH="362"
                    HEIGHT="113"></String>
          </TextLine>

          
          
          <TextLine ID="eSc_line_2c236134"
                    
                    BASELINE="2110 3491 2844 3483" 
                    HPOS="2101"
                    VPOS="3395"
                    WIDTH="743"
                    HEIGHT="117">
            <Shape><Polygon POINTS="2110 3491 2101 3412 2831 3395 2844 3483 2840 3504 2110 3512"/></Shape>
	    <String CONTENT=""
                    HPOS="2101"
                    VPOS="3395"
                    WIDTH="743"
                    HEIGHT="117"></String>
          </TextLine>

          
          
          <TextLine ID="eSc_line_cadc64f2"
                    
                    BASELINE="2118 3575 3144 3575" 
                    HPOS="2114"
                    VPOS="3483"
                    WIDTH="1030"
                    HEIGHT="125">
            <Shape><Polygon POINTS="2118 3575 2114 3495 3140 3483 3144 3575 3140 3608 2114 3595"/></Shape>
	    <String CONTENT=""
                    HPOS="2114"
                    VPOS="3483"
                    WIDTH="1030"
                    HEIGHT="125"></String>
          </TextLine>

          
          
          <TextLine ID="eSc_line_c26d9347"
                    
                    BASELINE="2118 3650 2698 3658" 
                    HPOS="2110"
                    VPOS="3566"
                    WIDTH="588"
                    HEIGHT="109">
            <Shape><Polygon POINTS="2118 3650 2114 3570 2690 3566 2698 3658 2690 3675 2110 3666"/></Shape>
	    <String CONTENT=""
                    HPOS="2110"
                    VPOS="3566"
                    WIDTH="588"
                    HEIGHT="109"></String>
          </TextLine>

          
          
          <TextLine ID="eSc_line_f8239059"
                    
                    BASELINE="2118 3741 3144 3741" 
                    HPOS="2118"
                    VPOS="3641"
                    WIDTH="1026"
                    HEIGHT="129">
            <Shape><Polygon POINTS="2118 3741 2118 3641 3144 3650 3144 3741 3144 3766 2118 3770"/></Shape>
	    <String CONTENT=""
                    HPOS="2118"
                    VPOS="3641"
                    WIDTH="1026"
                    HEIGHT="129"></String>
          </TextLine>

          
          
          <TextLine ID="eSc_line_ece841a0"
                    
                    BASELINE="2118 3825 2806 3820" 
                    HPOS="2110"
                    VPOS="3733"
                    WIDTH="696"
                    HEIGHT="112">
            <Shape><Polygon POINTS="2118 3825 2110 3745 2794 3733 2806 3820 2802 3841 2118 3845"/></Shape>
	    <String CONTENT=""
                    HPOS="2110"
                    VPOS="3733"
                    WIDTH="696"
                    HEIGHT="112"></String>
          </TextLine>

          
          
          <TextLine ID="eSc_line_09731247"
                    
                    BASELINE="2122 3912 3140 3912" 
                    HPOS="2118"
                    VPOS="3825"
                    WIDTH="1022"
                    HEIGHT="133">
            <Shape><Polygon POINTS="2122 3912 2118 3829 3136 3825 3140 3912 3140 3954 2122 3958"/></Shape>
	    <String CONTENT=""
                    HPOS="2118"
                    VPOS="3825"
                    WIDTH="1022"
                    HEIGHT="133"></String>
          </TextLine>

          
        </TextBlock>
        
        <TextBlock HPOS="772"
                   VPOS="1074"
                   WIDTH="235"
                   HEIGHT="212"
                   ID="eSc_textblock_f0b87058"
                   TAGREFS="BT2">
          <Shape><Polygon POINTS="772 1074 772 1286 1007 1286 1007 1074"/></Shape>
          
        </TextBlock>
        

        
      </PrintSpace>
    </Page>
  </Layout>
</alto>
