<?xml version="1.0" encoding="UTF-8"?>
<alto xmlns:xsi="http://www.w3.org/2001/XMLSchema-instance"
      xmlns="http://www.loc.gov/standards/alto/ns-v4#"
      xsi:schemaLocation="http://www.loc.gov/standards/alto/ns-v4# http://www.loc.gov/standards/alto/v4/alto-4-2.xsd">
  <Description>
    <MeasurementUnit>pixel</MeasurementUnit>
    <sourceImageInformation>
      <fileName>25_9cc49_default.jpg</fileName>
      <fileIdentifier>https://mazarinum.bibliotheque-mazarine.fr/i/?IIIF=/af/0a/c2/41/af0ac241-0f82-4dc2-a6df-bb95b17c4e73/iiif/751063002_inc59_0026.tif/full/full/0/default.jpg</fileIdentifier>
    </sourceImageInformation>
  </Description>
  
  <Tags>
    <OtherTag ID="BT1" LABEL="Title" DESCRIPTION="block type Title"/><OtherTag ID="BT2" LABEL="Main" DESCRIPTION="block type Main"/><OtherTag ID="BT3" LABEL="Commentary" DESCRIPTION="block type Commentary"/><OtherTag ID="BT4" LABEL="Illustration" DESCRIPTION="block type Illustration"/><OtherTag ID="BT1467" LABEL="Page" DESCRIPTION="block type Page"/>
    <OtherTag ID="LT1" LABEL="Main" DESCRIPTION="line type Main"/><OtherTag ID="LT2" LABEL="Numbering" DESCRIPTION="line type Numbering"/><OtherTag ID="LT3" LABEL="Correction" DESCRIPTION="line type Correction"/><OtherTag ID="LT4" LABEL="Signature" DESCRIPTION="line type Signature"/>
  </Tags>
  
  <Layout>
    <Page WIDTH="3577"
          HEIGHT="5000"
          PHYSICAL_IMG_NR="17"
          ID="eSc_dummypage_">
      <PrintSpace HPOS="0"
                  VPOS="0"
                  WIDTH="3577"
                  HEIGHT="5000">
        
        <TextBlock HPOS="900"
                   VPOS="533"
                   WIDTH="1092"
                   HEIGHT="3379"
                   ID="eSc_textblock_a63bc98b"
                   TAGREFS="BT2">
          <Shape><Polygon POINTS="1942 533 1942 859 1751 859 1751 934 1942 934 1942 1029 1926 1034 1656 1034 1656 1202 1608 1202 1608 1300 1573 1300 1573 1359 1528 1359 1528 1457 1601 1457 1601 1454 1608 1454 1608 1570 1651 1570 1651 1601 1942 1601 1942 1696 1374 1696 1374 1787 1731 1787 1731 1881 1791 1881 1791 1937 1959 1937 1959 2015 1812 2015 1812 2088 1959 2088 1959 2186 1255 2186 1255 2270 1724 2270 1724 2344 1925 2344 1942 2361 1942 2427 1924 2444 1739 2444 1739 2681 1973 2681 1976 2683 1976 2779 1974 2781 1616 2781 1616 2862 1501 2862 1501 2915 1645 2915 1645 2906 1976 2906 1986 3260 1415 3260 1415 3342 1928 3342 1928 3423 1990 3423 1992 3495 1958 3510 1592 3510 1592 3668 1961 3668 1961 3833 1933 3841 1501 3841 1501 3900 983 3912 900 566 1654 536"/></Shape>
          
          
          <TextLine ID="eSc_line_41e5c9d6"
                    
                    BASELINE="908 620 1926 587" 
                    HPOS="896"
                    VPOS="483"
                    WIDTH="1030"
                    HEIGHT="179">
            <Shape><Polygon POINTS="908 620 896 533 1913 483 1926 587 1926 608 908 662"/></Shape>
	    <String CONTENT=""
                    HPOS="896"
                    VPOS="483"
                    WIDTH="1030"
                    HEIGHT="179"></String>
          </TextLine>

          
          
          <TextLine ID="eSc_line_1b100b9f"
                    
                    BASELINE="917 704 1917 670" 
                    HPOS="908"
                    VPOS="587"
                    WIDTH="1009"
                    HEIGHT="133">
            <Shape><Polygon POINTS="917 704 908 637 1905 587 1917 670 1917 687 917 720"/></Shape>
	    <String CONTENT=""
                    HPOS="908"
                    VPOS="587"
                    WIDTH="1009"
                    HEIGHT="133"></String>
          </TextLine>

          
          
          <TextLine ID="eSc_line_3b3d261a"
                    
                    BASELINE="917 783 1921 754" 
                    HPOS="908"
                    VPOS="675"
                    WIDTH="1013"
                    HEIGHT="129">
            <Shape><Polygon POINTS="917 783 908 712 1909 675 1921 754 1921 770 917 804"/></Shape>
	    <String CONTENT=""
                    HPOS="908"
                    VPOS="675"
                    WIDTH="1013"
                    HEIGHT="129"></String>
          </TextLine>

          
          
          <TextLine ID="eSc_line_1a036f2e"
                    
                    BASELINE="921 866 1917 837" 
                    HPOS="913"
                    VPOS="766"
                    WIDTH="1004"
                    HEIGHT="121">
            <Shape><Polygon POINTS="921 866 913 783 1905 766 1917 837 1917 862 921 887"/></Shape>
	    <String CONTENT=""
                    HPOS="913"
                    VPOS="766"
                    WIDTH="1004"
                    HEIGHT="121"></String>
          </TextLine>

          
          
          <TextLine ID="eSc_line_d7e10e5a"
                    
                    BASELINE="917 950 1717 933" 
                    HPOS="908"
                    VPOS="858"
                    WIDTH="809"
                    HEIGHT="112">
            <Shape><Polygon POINTS="917 950 908 862 1705 858 1717 933 1713 950 917 970"/></Shape>
	    <String CONTENT=""
                    HPOS="908"
                    VPOS="858"
                    WIDTH="809"
                    HEIGHT="112"></String>
          </TextLine>

          
          
          <TextLine ID="eSc_line_55db1175"
                    
                    BASELINE="917 1033 1926 995" 
                    HPOS="908"
                    VPOS="912"
                    WIDTH="1018"
                    HEIGHT="146">
            <Shape><Polygon POINTS="917 1033 908 962 1913 912 1926 995 1926 1016 917 1058"/></Shape>
	    <String CONTENT=""
                    HPOS="908"
                    VPOS="912"
                    WIDTH="1018"
                    HEIGHT="146"></String>
          </TextLine>

          
          
          <TextLine ID="eSc_line_a3865a44"
                    
                    BASELINE="917 1112 1642 1095" 
                    HPOS="908"
                    VPOS="1020"
                    WIDTH="734"
                    HEIGHT="113">
            <Shape><Polygon POINTS="917 1112 908 1029 1630 1020 1642 1095 1638 1116 917 1133"/></Shape>
	    <String CONTENT=""
                    HPOS="908"
                    VPOS="1020"
                    WIDTH="734"
                    HEIGHT="113"></String>
          </TextLine>

          
          
          <TextLine ID="eSc_line_6b801ce6"
                    
                    BASELINE="917 1195 1671 1175" 
                    HPOS="908"
                    VPOS="1104"
                    WIDTH="763"
                    HEIGHT="112">
            <Shape><Polygon POINTS="917 1195 908 1116 1659 1104 1671 1175 1667 1200 917 1216"/></Shape>
	    <String CONTENT=""
                    HPOS="908"
                    VPOS="1104"
                    WIDTH="763"
                    HEIGHT="112"></String>
          </TextLine>

          
          
          <TextLine ID="eSc_line_175e2e28"
                    
                    BASELINE="921 1279 1625 1262" 
                    HPOS="913"
                    VPOS="1183"
                    WIDTH="712"
                    HEIGHT="112">
            <Shape><Polygon POINTS="921 1279 913 1200 1613 1183 1625 1262 1625 1275 921 1295"/></Shape>
	    <String CONTENT=""
                    HPOS="913"
                    VPOS="1183"
                    WIDTH="712"
                    HEIGHT="112"></String>
          </TextLine>

          
          
          <TextLine ID="eSc_line_3a979345"
                    
                    BASELINE="921 1358 1575 1341" 
                    HPOS="913"
                    VPOS="1262"
                    WIDTH="662"
                    HEIGHT="113">
            <Shape><Polygon POINTS="921 1358 913 1275 1563 1262 1575 1341 1575 1362 921 1375"/></Shape>
	    <String CONTENT=""
                    HPOS="913"
                    VPOS="1262"
                    WIDTH="662"
                    HEIGHT="113"></String>
          </TextLine>

          
          
          <TextLine ID="eSc_line_80cbbd89"
                    
                    BASELINE="921 1441 1525 1425" 
                    HPOS="913"
                    VPOS="1341"
                    WIDTH="612"
                    HEIGHT="117">
            <Shape><Polygon POINTS="921 1441 913 1370 1513 1341 1525 1425 1525 1441 921 1458"/></Shape>
	    <String CONTENT=""
                    HPOS="913"
                    VPOS="1341"
                    WIDTH="612"
                    HEIGHT="117"></String>
          </TextLine>

          
          
          <TextLine ID="eSc_line_2108e380"
                    
                    BASELINE="925 1520 1617 1504" 
                    HPOS="917"
                    VPOS="1425"
                    WIDTH="700"
                    HEIGHT="125">
            <Shape><Polygon POINTS="925 1520 917 1441 1605 1425 1617 1504 1617 1525 925 1550"/></Shape>
	    <String CONTENT=""
                    HPOS="917"
                    VPOS="1425"
                    WIDTH="700"
                    HEIGHT="125"></String>
          </TextLine>

          
          
          <TextLine ID="eSc_line_cb123862"
                    
                    BASELINE="929 1604 1638 1587" 
                    HPOS="921"
                    VPOS="1508"
                    WIDTH="717"
                    HEIGHT="112">
            <Shape><Polygon POINTS="929 1604 921 1529 1625 1508 1638 1587 1634 1612 929 1620"/></Shape>
	    <String CONTENT=""
                    HPOS="921"
                    VPOS="1508"
                    WIDTH="717"
                    HEIGHT="112"></String>
          </TextLine>

          
          
          <TextLine ID="eSc_line_f8314ae5"
                    
                    BASELINE="929 1683 1934 1658" 
                    HPOS="921"
                    VPOS="1570"
                    WIDTH="1013"
                    HEIGHT="134">
            <Shape><Polygon POINTS="929 1683 921 1600 1921 1570 1934 1658 1934 1700 929 1704"/></Shape>
	    <String CONTENT=""
                    HPOS="921"
                    VPOS="1570"
                    WIDTH="1013"
                    HEIGHT="134"></String>
          </TextLine>

          
          
          <TextLine ID="eSc_line_a2113674"
                    
                    BASELINE="929 1766 1359 1758" 
                    HPOS="908"
                    VPOS="1679"
                    WIDTH="451"
                    HEIGHT="104">
            <Shape><Polygon POINTS="929 1766 908 1708 929 1683 933 1683 933 1679 933 1679 938 1679 938 1679 938 1679 942 1679 942 1679 946 1679 1350 1695 1359 1758 1354 1775 929 1783"/></Shape>
	    <String CONTENT=""
                    HPOS="908"
                    VPOS="1679"
                    WIDTH="451"
                    HEIGHT="104"></String>
          </TextLine>

          
          
          <TextLine ID="eSc_line_a2b6b639"
                    
                    BASELINE="933 1850 1709 1829" 
                    HPOS="925"
                    VPOS="1737"
                    WIDTH="784"
                    HEIGHT="133">
            <Shape><Polygon POINTS="933 1850 925 1775 1575 1737 1580 1737 1580 1737 1700 1758 1709 1829 1709 1854 933 1870"/></Shape>
	    <String CONTENT=""
                    HPOS="925"
                    VPOS="1737"
                    WIDTH="784"
                    HEIGHT="133"></String>
          </TextLine>

          
          
          <TextLine ID="eSc_line_11161266"
                    
                    BASELINE="933 1925 1792 1912" 
                    HPOS="921"
                    VPOS="1825"
                    WIDTH="871"
                    HEIGHT="129">
            <Shape><Polygon POINTS="933 1925 921 1858 996 1833 1000 1833 1000 1833 1000 1833 1004 1833 1492 1845 1550 1825 1550 1825 1555 1825 1555 1825 1555 1825 1559 1825 1784 1845 1792 1912 1788 1933 933 1954"/></Shape>
	    <String CONTENT=""
                    HPOS="921"
                    VPOS="1825"
                    WIDTH="871"
                    HEIGHT="129"></String>
          </TextLine>

          
          
          <TextLine ID="eSc_line_2cde2672"
                    
                    BASELINE="933 2012 1942 1991" 
                    HPOS="925"
                    VPOS="1916"
                    WIDTH="1017"
                    HEIGHT="113">
            <Shape><Polygon POINTS="933 2012 925 1929 1930 1916 1942 1991 1942 2008 933 2029"/></Shape>
	    <String CONTENT=""
                    HPOS="925"
                    VPOS="1916"
                    WIDTH="1017"
                    HEIGHT="113"></String>
          </TextLine>

          
          
          <TextLine ID="eSc_line_7dfccfc0"
                    
                    BASELINE="933 2091 1809 2083" 
                    HPOS="929"
                    VPOS="2012"
                    WIDTH="880"
                    HEIGHT="104">
            <Shape><Polygon POINTS="933 2091 929 2012 1801 2012 1809 2083 1805 2116 933 2116"/></Shape>
	    <String CONTENT=""
                    HPOS="929"
                    VPOS="2012"
                    WIDTH="880"
                    HEIGHT="104"></String>
          </TextLine>

          
          
          <TextLine ID="eSc_line_479b1eb4"
                    
                    BASELINE="938 2170 1942 2158" 
                    HPOS="929"
                    VPOS="2087"
                    WIDTH="1013"
                    HEIGHT="108">
            <Shape><Polygon POINTS="938 2170 929 2091 1930 2087 1942 2158 1942 2179 938 2195"/></Shape>
	    <String CONTENT=""
                    HPOS="929"
                    VPOS="2087"
                    WIDTH="1013"
                    HEIGHT="108"></String>
          </TextLine>

          
          
          <TextLine ID="eSc_line_5feeb50d"
                    
                    BASELINE="942 2258 1229 2258" 
                    HPOS="942"
                    VPOS="2175"
                    WIDTH="287"
                    HEIGHT="104">
            <Shape><Polygon POINTS="942 2258 942 2175 1229 2179 1229 2258 1229 2279 942 2279"/></Shape>
	    <String CONTENT=""
                    HPOS="942"
                    VPOS="2175"
                    WIDTH="287"
                    HEIGHT="104"></String>
          </TextLine>

          
          
          <TextLine ID="eSc_line_9fa3cd7f"
                    
                    BASELINE="938 2337 1725 2325" 
                    HPOS="933"
                    VPOS="2229"
                    WIDTH="792"
                    HEIGHT="125">
            <Shape><Polygon POINTS="938 2337 933 2254 1263 2254 1271 2250 1317 2229 1317 2229 1317 2229 1321 2229 1321 2229 1325 2229 1717 2250 1725 2325 1721 2341 938 2354"/></Shape>
	    <String CONTENT=""
                    HPOS="933"
                    VPOS="2229"
                    WIDTH="792"
                    HEIGHT="125"></String>
          </TextLine>

          
          
          <TextLine ID="eSc_line_002adef9"
                    
                    BASELINE="942 2416 1951 2400" 
                    HPOS="933"
                    VPOS="2312"
                    WIDTH="1018"
                    HEIGHT="125">
            <Shape><Polygon POINTS="942 2416 933 2337 1938 2312 1951 2400 1946 2425 942 2437"/></Shape>
	    <String CONTENT=""
                    HPOS="933"
                    VPOS="2312"
                    WIDTH="1018"
                    HEIGHT="125"></String>
          </TextLine>

          
          
          <TextLine ID="eSc_line_7b802371"
                    
                    BASELINE="942 2504 1746 2487" 
                    HPOS="933"
                    VPOS="2416"
                    WIDTH="813"
                    HEIGHT="109">
            <Shape><Polygon POINTS="942 2504 933 2433 1734 2416 1746 2487 1742 2520 942 2525"/></Shape>
	    <String CONTENT=""
                    HPOS="933"
                    VPOS="2416"
                    WIDTH="813"
                    HEIGHT="109"></String>
          </TextLine>

          
          
          <TextLine ID="eSc_line_e9d969e8"
                    
                    BASELINE="946 2579 1713 2570" 
                    HPOS="938"
                    VPOS="2495"
                    WIDTH="775"
                    HEIGHT="117">
            <Shape><Polygon POINTS="946 2579 938 2504 1700 2495 1713 2570 1709 2591 946 2612"/></Shape>
	    <String CONTENT=""
                    HPOS="938"
                    VPOS="2495"
                    WIDTH="775"
                    HEIGHT="117"></String>
          </TextLine>

          
          
          <TextLine ID="eSc_line_1847ccf2"
                    
                    BASELINE="946 2666 1725 2650" 
                    HPOS="938"
                    VPOS="2579"
                    WIDTH="787"
                    HEIGHT="121">
            <Shape><Polygon POINTS="946 2666 938 2583 1713 2579 1725 2650 1721 2670 946 2700"/></Shape>
	    <String CONTENT=""
                    HPOS="938"
                    VPOS="2579"
                    WIDTH="787"
                    HEIGHT="121"></String>
          </TextLine>

          
          
          <TextLine ID="eSc_line_de88dbc2"
                    
                    BASELINE="950 2745 1951 2737" 
                    HPOS="938"
                    VPOS="2650"
                    WIDTH="1013"
                    HEIGHT="125">
            <Shape><Polygon POINTS="950 2745 938 2675 1004 2650 1004 2650 1008 2650 1008 2650 1013 2650 1942 2662 1951 2737 1946 2754 950 2775"/></Shape>
	    <String CONTENT=""
                    HPOS="938"
                    VPOS="2650"
                    WIDTH="1013"
                    HEIGHT="125"></String>
          </TextLine>

          
          
          <TextLine ID="eSc_line_02077c2a"
                    
                    BASELINE="950 2829 1609 2820" 
                    HPOS="942"
                    VPOS="2733"
                    WIDTH="667"
                    HEIGHT="129">
            <Shape><Polygon POINTS="950 2829 942 2750 1596 2733 1609 2820 1605 2854 950 2862"/></Shape>
	    <String CONTENT=""
                    HPOS="942"
                    VPOS="2733"
                    WIDTH="667"
                    HEIGHT="129"></String>
          </TextLine>

          
          
          <TextLine ID="eSc_line_5c9b7407"
                    
                    BASELINE="950 2912 1500 2904" 
                    HPOS="942"
                    VPOS="2833"
                    WIDTH="558"
                    HEIGHT="100">
            <Shape><Polygon POINTS="950 2912 942 2837 1488 2833 1500 2904 1492 2933 946 2929"/></Shape>
	    <String CONTENT=""
                    HPOS="942"
                    VPOS="2833"
                    WIDTH="558"
                    HEIGHT="100"></String>
          </TextLine>

          
          
          <TextLine ID="eSc_line_3e44ef26"
                    
                    BASELINE="958 2995 1963 2975" 
                    HPOS="954"
                    VPOS="2904"
                    WIDTH="1009"
                    HEIGHT="108">
            <Shape><Polygon POINTS="958 2995 954 2904 1955 2904 1963 2975 1959 2991 958 3012"/></Shape>
	    <String CONTENT=""
                    HPOS="954"
                    VPOS="2904"
                    WIDTH="1009"
                    HEIGHT="108"></String>
          </TextLine>

          
          
          <TextLine ID="eSc_line_3ef9982b"
                    
                    BASELINE="958 3070 1963 3062" 
                    HPOS="954"
                    VPOS="2983"
                    WIDTH="1009"
                    HEIGHT="108">
            <Shape><Polygon POINTS="958 3070 954 2983 1955 2991 1963 3062 1959 3083 958 3091"/></Shape>
	    <String CONTENT=""
                    HPOS="954"
                    VPOS="2983"
                    WIDTH="1009"
                    HEIGHT="108"></String>
          </TextLine>

          
          
          <TextLine ID="eSc_line_5e13b7f4"
                    
                    BASELINE="963 3158 1951 3141" 
                    HPOS="954"
                    VPOS="3054"
                    WIDTH="997"
                    HEIGHT="125">
            <Shape><Polygon POINTS="963 3158 954 3083 1550 3058 1555 3058 1555 3058 1680 3075 1688 3075 1696 3075 1780 3054 1784 3054 1784 3054 1788 3054 1788 3054 1942 3075 1951 3141 1946 3170 963 3179"/></Shape>
	    <String CONTENT=""
                    HPOS="954"
                    VPOS="3054"
                    WIDTH="997"
                    HEIGHT="125"></String>
          </TextLine>

          
          
          <TextLine ID="eSc_line_db458399"
                    
                    BASELINE="963 3241 1967 3229" 
                    HPOS="958"
                    VPOS="3154"
                    WIDTH="1009"
                    HEIGHT="104">
            <Shape><Polygon POINTS="963 3241 958 3154 1959 3154 1967 3229 1967 3245 963 3258"/></Shape>
	    <String CONTENT=""
                    HPOS="958"
                    VPOS="3154"
                    WIDTH="1009"
                    HEIGHT="104"></String>
          </TextLine>

          
          
          <TextLine ID="eSc_line_cf643957"
                    
                    BASELINE="963 3320 1388 3320" 
                    HPOS="963"
                    VPOS="3254"
                    WIDTH="425"
                    HEIGHT="87">
            <Shape><Polygon POINTS="963 3320 963 3254 1388 3254 1388 3320 1388 3341 963 3341"/></Shape>
	    <String CONTENT=""
                    HPOS="963"
                    VPOS="3254"
                    WIDTH="425"
                    HEIGHT="87"></String>
          </TextLine>

          
          
          <TextLine ID="eSc_line_03bd18d8"
                    
                    BASELINE="963 3400 1934 3387" 
                    HPOS="954"
                    VPOS="3300"
                    WIDTH="980"
                    HEIGHT="125">
            <Shape><Polygon POINTS="963 3400 954 3325 1921 3300 1934 3387 1926 3425 958 3420"/></Shape>
	    <String CONTENT=""
                    HPOS="954"
                    VPOS="3300"
                    WIDTH="980"
                    HEIGHT="125"></String>
          </TextLine>

          
          
          <TextLine ID="eSc_line_9f8a0aff"
                    
                    BASELINE="963 3483 1967 3470" 
                    HPOS="958"
                    VPOS="3400"
                    WIDTH="1009"
                    HEIGHT="100">
            <Shape><Polygon POINTS="963 3483 958 3400 1959 3400 1967 3470 1967 3495 963 3500"/></Shape>
	    <String CONTENT=""
                    HPOS="958"
                    VPOS="3400"
                    WIDTH="1009"
                    HEIGHT="100"></String>
          </TextLine>

          
          
          <TextLine ID="eSc_line_8c7a1726"
                    
                    BASELINE="963 3558 1588 3566" 
                    HPOS="958"
                    VPOS="3475"
                    WIDTH="630"
                    HEIGHT="108">
            <Shape><Polygon POINTS="963 3558 963 3475 1584 3487 1588 3566 1584 3583 958 3583"/></Shape>
	    <String CONTENT=""
                    HPOS="958"
                    VPOS="3475"
                    WIDTH="630"
                    HEIGHT="108"></String>
          </TextLine>

          
          
          <TextLine ID="eSc_line_db581bed"
                    
                    BASELINE="963 3645 1575 3637" 
                    HPOS="958"
                    VPOS="3566"
                    WIDTH="617"
                    HEIGHT="104">
            <Shape><Polygon POINTS="963 3645 958 3566 1567 3566 1575 3637 1571 3666 963 3670"/></Shape>
	    <String CONTENT=""
                    HPOS="958"
                    VPOS="3566"
                    WIDTH="617"
                    HEIGHT="104"></String>
          </TextLine>

          
          
          <TextLine ID="eSc_line_ff3fac52"
                    
                    BASELINE="971 3729 1967 3716" 
                    HPOS="963"
                    VPOS="3641"
                    WIDTH="1004"
                    HEIGHT="117">
            <Shape><Polygon POINTS="971 3729 963 3645 1955 3641 1967 3716 1967 3733 971 3758"/></Shape>
	    <String CONTENT=""
                    HPOS="963"
                    VPOS="3641"
                    WIDTH="1004"
                    HEIGHT="117"></String>
          </TextLine>

          
          
          <TextLine ID="eSc_line_286883fa"
                    
                    BASELINE="971 3812 1963 3804" 
                    HPOS="963"
                    VPOS="3720"
                    WIDTH="1000"
                    HEIGHT="117">
            <Shape><Polygon POINTS="971 3812 963 3737 1951 3720 1963 3804 1955 3837 967 3833"/></Shape>
	    <String CONTENT=""
                    HPOS="963"
                    VPOS="3720"
                    WIDTH="1000"
                    HEIGHT="117"></String>
          </TextLine>

          
          
          <TextLine ID="eSc_line_e7e0b352"
                    
                    BASELINE="971 3895 1688 3887" 
                    HPOS="963"
                    VPOS="3808"
                    WIDTH="729"
                    HEIGHT="129">
            <Shape><Polygon POINTS="971 3895 963 3820 1675 3808 1688 3887 1692 3912 1650 3937 1646 3937 1646 3937 1646 3937 1642 3937 1642 3937 1638 3937 967 3920"/></Shape>
	    <String CONTENT=""
                    HPOS="963"
                    VPOS="3808"
                    WIDTH="729"
                    HEIGHT="129"></String>
          </TextLine>

          
        </TextBlock>
        
        <TextBlock HPOS="2147"
                   VPOS="495"
                   WIDTH="1081"
                   HEIGHT="3417"
                   ID="eSc_textblock_002a38a2"
                   TAGREFS="BT2">
          <Shape><Polygon POINTS="3193 516 3195 590 2835 590 2835 648 3196 648 3206 1020 2580 1020 2580 1082 3208 1082 3210 1162 3103 1193 2603 1193 2603 1248 2863 1248 2863 1343 2952 1343 2952 1410 3210 1410 3212 1503 2617 1503 2617 1589 3213 1589 3214 1658 3209 1658 3209 1639 3204 1639 3204 1658 2931 1658 2931 1753 3204 1753 3204 1846 3031 1846 3031 1879 3204 1879 3204 2004 3151 2004 3151 2014 2902 2014 2902 2076 3151 2076 3151 2133 3222 2133 3226 2340 2489 2340 2489 2421 3223 2421 3223 2498 3079 2498 3079 2656 3223 2656 3223 2757 2859 2757 2859 2819 3223 2819 3223 3006 2566 3006 2566 3083 3223 3083 3223 3179 2777 3179 2777 3260 3223 3260 3223 3375 3211 3423 2432 3423 2432 3510 3113 3510 3113 3610 3118 3610 3118 3649 3194 3649 3228 3808 3228 3879 2213 3912 2147 516 2545 495 2934 495"/></Shape>
          
          
          <TextLine ID="eSc_line_219205a9"
                    
                    BASELINE="2151 587 3172 554" 
                    HPOS="2142"
                    VPOS="450"
                    WIDTH="1030"
                    HEIGHT="158">
            <Shape><Polygon POINTS="2151 587 2142 466 2513 479 2622 458 2672 450 2672 450 2676 450 3164 454 3172 554 3168 575 2151 608"/></Shape>
	    <String CONTENT=""
                    HPOS="2142"
                    VPOS="450"
                    WIDTH="1030"
                    HEIGHT="158"></String>
          </TextLine>

          
          
          <TextLine ID="eSc_line_d316d085"
                    
                    BASELINE="2155 670 2830 650" 
                    HPOS="2147"
                    VPOS="575"
                    WIDTH="683"
                    HEIGHT="108">
            <Shape><Polygon POINTS="2155 670 2147 591 2818 575 2830 650 2830 670 2155 683"/></Shape>
	    <String CONTENT=""
                    HPOS="2147"
                    VPOS="575"
                    WIDTH="683"
                    HEIGHT="108"></String>
          </TextLine>

          
          
          <TextLine ID="eSc_line_2b7d379c"
                    
                    BASELINE="2159 754 3168 725" 
                    HPOS="2151"
                    VPOS="633"
                    WIDTH="1017"
                    HEIGHT="142">
            <Shape><Polygon POINTS="2159 754 2151 670 3155 633 3168 725 3168 754 2159 775"/></Shape>
	    <String CONTENT=""
                    HPOS="2151"
                    VPOS="633"
                    WIDTH="1017"
                    HEIGHT="142"></String>
          </TextLine>

          
          
          <TextLine ID="eSc_line_02929614"
                    
                    BASELINE="2163 837 3172 812" 
                    HPOS="2155"
                    VPOS="741"
                    WIDTH="1017"
                    HEIGHT="109">
            <Shape><Polygon POINTS="2163 837 2155 766 3160 741 3172 812 3172 825 2163 850"/></Shape>
	    <String CONTENT=""
                    HPOS="2155"
                    VPOS="741"
                    WIDTH="1017"
                    HEIGHT="109"></String>
          </TextLine>

          
          
          <TextLine ID="eSc_line_25888212"
                    
                    BASELINE="2163 916 3160 895" 
                    HPOS="2155"
                    VPOS="812"
                    WIDTH="1005"
                    HEIGHT="133">
            <Shape><Polygon POINTS="2163 916 2155 841 2551 812 2555 812 3151 820 3160 895 3155 912 2163 945"/></Shape>
	    <String CONTENT=""
                    HPOS="2155"
                    VPOS="812"
                    WIDTH="1005"
                    HEIGHT="133"></String>
          </TextLine>

          
          
          <TextLine ID="eSc_line_3c173ee7"
                    
                    BASELINE="2163 1000 3168 987" 
                    HPOS="2155"
                    VPOS="904"
                    WIDTH="1013"
                    HEIGHT="129">
            <Shape><Polygon POINTS="2163 1000 2155 920 3155 904 3168 987 3164 1004 2163 1033"/></Shape>
	    <String CONTENT=""
                    HPOS="2155"
                    VPOS="904"
                    WIDTH="1013"
                    HEIGHT="129"></String>
          </TextLine>

          
          
          <TextLine ID="eSc_line_766bb48c"
                    
                    BASELINE="2163 1083 2563 1070" 
                    HPOS="2155"
                    VPOS="1000"
                    WIDTH="408"
                    HEIGHT="100">
            <Shape><Polygon POINTS="2163 1083 2155 1012 2551 1000 2563 1070 2563 1091 2163 1100"/></Shape>
	    <String CONTENT=""
                    HPOS="2155"
                    VPOS="1000"
                    WIDTH="408"
                    HEIGHT="100"></String>
          </TextLine>

          
          
          <TextLine ID="eSc_line_54bf5935"
                    
                    BASELINE="2167 1166 3189 1141" 
                    HPOS="2159"
                    VPOS="1062"
                    WIDTH="1030"
                    HEIGHT="121">
            <Shape><Polygon POINTS="2167 1166 2159 1087 3176 1062 3189 1141 3189 1158 2167 1183"/></Shape>
	    <String CONTENT=""
                    HPOS="2159"
                    VPOS="1062"
                    WIDTH="1030"
                    HEIGHT="121"></String>
          </TextLine>

          
          
          <TextLine ID="eSc_line_efc611ea"
                    
                    BASELINE="2172 1245 2584 1237" 
                    HPOS="2163"
                    VPOS="1170"
                    WIDTH="421"
                    HEIGHT="96">
            <Shape><Polygon POINTS="2172 1245 2163 1179 2572 1170 2584 1237 2580 1262 2172 1266"/></Shape>
	    <String CONTENT=""
                    HPOS="2163"
                    VPOS="1170"
                    WIDTH="421"
                    HEIGHT="96"></String>
          </TextLine>

          
          
          <TextLine ID="eSc_line_379b573f"
                    
                    BASELINE="2172 1329 2855 1316" 
                    HPOS="2163"
                    VPOS="1237"
                    WIDTH="692"
                    HEIGHT="117">
            <Shape><Polygon POINTS="2172 1329 2163 1254 2843 1237 2855 1316 2851 1337 2172 1354"/></Shape>
	    <String CONTENT=""
                    HPOS="2163"
                    VPOS="1237"
                    WIDTH="692"
                    HEIGHT="117"></String>
          </TextLine>

          
          
          <TextLine ID="eSc_line_515ddc9a"
                    
                    BASELINE="2176 1408 2955 1395" 
                    HPOS="2167"
                    VPOS="1325"
                    WIDTH="788"
                    HEIGHT="116">
            <Shape><Polygon POINTS="2176 1408 2167 1337 2943 1325 2955 1395 2951 1420 2176 1441"/></Shape>
	    <String CONTENT=""
                    HPOS="2167"
                    VPOS="1325"
                    WIDTH="788"
                    HEIGHT="116"></String>
          </TextLine>

          
          
          <TextLine ID="eSc_line_8a557dc7"
                    
                    BASELINE="2180 1495 3193 1475" 
                    HPOS="2172"
                    VPOS="1387"
                    WIDTH="1021"
                    HEIGHT="129">
            <Shape><Polygon POINTS="2180 1495 2172 1416 3180 1387 3193 1475 3189 1495 2180 1516"/></Shape>
	    <String CONTENT=""
                    HPOS="2172"
                    VPOS="1387"
                    WIDTH="1021"
                    HEIGHT="129"></String>
          </TextLine>

          
          
          <TextLine ID="eSc_line_a70fe00b"
                    
                    BASELINE="2176 1579 2609 1570" 
                    HPOS="2167"
                    VPOS="1491"
                    WIDTH="442"
                    HEIGHT="104">
            <Shape><Polygon POINTS="2176 1579 2167 1504 2597 1491 2609 1570 2609 1587 2176 1595"/></Shape>
	    <String CONTENT=""
                    HPOS="2167"
                    VPOS="1491"
                    WIDTH="442"
                    HEIGHT="104"></String>
          </TextLine>

          
          
          <TextLine ID="eSc_line_6510fa05"
                    
                    BASELINE="2188 1662 3176 1641" 
                    HPOS="2172"
                    VPOS="1545"
                    WIDTH="1004"
                    HEIGHT="142">
            <Shape><Polygon POINTS="2188 1662 2172 1595 2197 1570 2197 1566 2197 1566 2201 1566 2201 1566 2201 1566 2205 1566 2205 1566 2205 1566 2209 1566 2488 1579 2543 1579 2618 1570 2814 1550 2814 1550 2818 1550 2818 1550 2880 1558 2959 1570 2989 1554 2997 1545 3001 1545 3001 1545 3001 1545 3005 1545 3005 1545 3010 1545 3010 1545 3014 1545 3035 1550 3097 1566 3160 1545 3176 1641 3176 1658 2188 1687"/></Shape>
	    <String CONTENT=""
                    HPOS="2172"
                    VPOS="1545"
                    WIDTH="1004"
                    HEIGHT="142"></String>
          </TextLine>

          
          
          <TextLine ID="eSc_line_2cccb8c1"
                    
                    BASELINE="2180 1741 2922 1733" 
                    HPOS="2172"
                    VPOS="1658"
                    WIDTH="750"
                    HEIGHT="104">
            <Shape><Polygon POINTS="2180 1741 2172 1666 2909 1658 2922 1733 2918 1754 2180 1762"/></Shape>
	    <String CONTENT=""
                    HPOS="2172"
                    VPOS="1658"
                    WIDTH="750"
                    HEIGHT="104"></String>
          </TextLine>

          
          
          <TextLine ID="eSc_line_f7130f32"
                    
                    BASELINE="2184 1825 3193 1804" 
                    HPOS="2176"
                    VPOS="1720"
                    WIDTH="1017"
                    HEIGHT="130">
            <Shape><Polygon POINTS="2184 1825 2176 1754 3180 1720 3193 1804 3193 1825 2184 1850"/></Shape>
	    <String CONTENT=""
                    HPOS="2176"
                    VPOS="1720"
                    WIDTH="1017"
                    HEIGHT="130"></String>
          </TextLine>

          
          
          <TextLine ID="eSc_line_cbefb0a9"
                    
                    BASELINE="2184 1904 3022 1895" 
                    HPOS="2176"
                    VPOS="1829"
                    WIDTH="846"
                    HEIGHT="96">
            <Shape><Polygon POINTS="2184 1904 2176 1837 3010 1829 3022 1895 3018 1916 2184 1925"/></Shape>
	    <String CONTENT=""
                    HPOS="2176"
                    VPOS="1829"
                    WIDTH="846"
                    HEIGHT="96"></String>
          </TextLine>

          
          
          <TextLine ID="eSc_line_ac53eebf"
                    
                    BASELINE="2188 1987 3197 1975" 
                    HPOS="2180"
                    VPOS="1887"
                    WIDTH="1017"
                    HEIGHT="146">
            <Shape><Polygon POINTS="2188 1987 2180 1916 3185 1887 3197 1975 3193 2020 2568 2008 2555 2016 2530 2033 2526 2033 2526 2033 2526 2033 2522 2033 2522 2033 2522 2033 2518 2033 2184 2008"/></Shape>
	    <String CONTENT=""
                    HPOS="2180"
                    VPOS="1887"
                    WIDTH="1017"
                    HEIGHT="146"></String>
          </TextLine>

          
          
          <TextLine ID="eSc_line_e49d7849"
                    
                    BASELINE="2192 2075 2889 2066" 
                    HPOS="2184"
                    VPOS="1991"
                    WIDTH="705"
                    HEIGHT="104">
            <Shape><Polygon POINTS="2192 2075 2184 1995 2876 1991 2889 2066 2884 2087 2192 2095"/></Shape>
	    <String CONTENT=""
                    HPOS="2184"
                    VPOS="1991"
                    WIDTH="705"
                    HEIGHT="104"></String>
          </TextLine>

          
          
          <TextLine ID="eSc_line_8312236e"
                    
                    BASELINE="2192 2154 3155 2141" 
                    HPOS="2184"
                    VPOS="2054"
                    WIDTH="971"
                    HEIGHT="121">
            <Shape><Polygon POINTS="2192 2154 2184 2083 3143 2054 3155 2141 3151 2162 2192 2175"/></Shape>
	    <String CONTENT=""
                    HPOS="2184"
                    VPOS="2054"
                    WIDTH="971"
                    HEIGHT="121"></String>
          </TextLine>

          
          
          <TextLine ID="eSc_line_506f6c0c"
                    
                    BASELINE="2197 2241 3197 2220" 
                    HPOS="2188"
                    VPOS="2129"
                    WIDTH="1009"
                    HEIGHT="146">
            <Shape><Polygon POINTS="2197 2241 2188 2158 3185 2129 3197 2220 3193 2245 2197 2275"/></Shape>
	    <String CONTENT=""
                    HPOS="2188"
                    VPOS="2129"
                    WIDTH="1009"
                    HEIGHT="146"></String>
          </TextLine>

          
          
          <TextLine ID="eSc_line_9016aa0a"
                    
                    BASELINE="2197 2325 3201 2308" 
                    HPOS="2188"
                    VPOS="2229"
                    WIDTH="1017"
                    HEIGHT="125">
            <Shape><Polygon POINTS="2197 2325 2188 2250 3189 2229 3201 2308 3205 2320 3122 2345 3118 2345 3118 2345 3114 2345 3114 2345 3114 2345 3022 2329 2951 2350 2947 2350 2947 2350 2947 2354 2197 2354"/></Shape>
	    <String CONTENT=""
                    HPOS="2188"
                    VPOS="2229"
                    WIDTH="1017"
                    HEIGHT="125"></String>
          </TextLine>

          
          
          <TextLine ID="eSc_line_b5b6f9b8"
                    
                    BASELINE="2192 2404 2472 2404" 
                    HPOS="2192"
                    VPOS="2325"
                    WIDTH="280"
                    HEIGHT="116">
            <Shape><Polygon POINTS="2192 2404 2192 2325 2472 2329 2472 2404 2472 2437 2192 2441"/></Shape>
	    <String CONTENT=""
                    HPOS="2192"
                    VPOS="2325"
                    WIDTH="280"
                    HEIGHT="116"></String>
          </TextLine>

          
          
          <TextLine ID="eSc_line_f6ecc884"
                    
                    BASELINE="2201 2491 3197 2479" 
                    HPOS="2192"
                    VPOS="2387"
                    WIDTH="1005"
                    HEIGHT="121">
            <Shape><Polygon POINTS="2201 2491 2192 2412 3185 2387 3197 2479 3197 2491 2201 2508"/></Shape>
	    <String CONTENT=""
                    HPOS="2192"
                    VPOS="2387"
                    WIDTH="1005"
                    HEIGHT="121"></String>
          </TextLine>

          
          
          <TextLine ID="eSc_line_52b2a464"
                    
                    BASELINE="2201 2566 3089 2566" 
                    HPOS="2197"
                    VPOS="2491"
                    WIDTH="892"
                    HEIGHT="104">
            <Shape><Polygon POINTS="2201 2566 2201 2491 3089 2491 3089 2566 3085 2595 2197 2587"/></Shape>
	    <String CONTENT=""
                    HPOS="2197"
                    VPOS="2491"
                    WIDTH="892"
                    HEIGHT="104"></String>
          </TextLine>

          
          
          <TextLine ID="eSc_line_4b8459d2"
                    
                    BASELINE="2197 2654 3051 2641" 
                    HPOS="2188"
                    VPOS="2562"
                    WIDTH="863"
                    HEIGHT="104">
            <Shape><Polygon POINTS="2197 2654 2188 2575 3039 2562 3051 2641 3051 2658 2197 2666"/></Shape>
	    <String CONTENT=""
                    HPOS="2188"
                    VPOS="2562"
                    WIDTH="863"
                    HEIGHT="104"></String>
          </TextLine>

          
          
          <TextLine ID="eSc_line_0f2aa0da"
                    
                    BASELINE="2205 2733 3201 2733" 
                    HPOS="2201"
                    VPOS="2637"
                    WIDTH="1000"
                    HEIGHT="129">
            <Shape><Polygon POINTS="2205 2733 2201 2654 3197 2637 3201 2733 3197 2766 2201 2758"/></Shape>
	    <String CONTENT=""
                    HPOS="2201"
                    VPOS="2637"
                    WIDTH="1000"
                    HEIGHT="129"></String>
          </TextLine>

          
          
          <TextLine ID="eSc_line_44b721f1"
                    
                    BASELINE="2201 2820 2872 2812" 
                    HPOS="2192"
                    VPOS="2729"
                    WIDTH="680"
                    HEIGHT="112">
            <Shape><Polygon POINTS="2201 2820 2192 2745 2859 2729 2872 2812 2868 2833 2201 2841"/></Shape>
	    <String CONTENT=""
                    HPOS="2192"
                    VPOS="2729"
                    WIDTH="680"
                    HEIGHT="112"></String>
          </TextLine>

          
          
          <TextLine ID="eSc_line_77d29224"
                    
                    BASELINE="2205 2900 3189 2887" 
                    HPOS="2197"
                    VPOS="2804"
                    WIDTH="992"
                    HEIGHT="129">
            <Shape><Polygon POINTS="2205 2900 2197 2825 3176 2804 3189 2887 3185 2912 2205 2933"/></Shape>
	    <String CONTENT=""
                    HPOS="2197"
                    VPOS="2804"
                    WIDTH="992"
                    HEIGHT="129"></String>
          </TextLine>

          
          
          <TextLine ID="eSc_line_32eb30d4"
                    
                    BASELINE="2205 2983 3205 2975" 
                    HPOS="2197"
                    VPOS="2895"
                    WIDTH="1008"
                    HEIGHT="113">
            <Shape><Polygon POINTS="2205 2983 2197 2908 3193 2895 3205 2975 3205 2991 2205 3008"/></Shape>
	    <String CONTENT=""
                    HPOS="2197"
                    VPOS="2895"
                    WIDTH="1008"
                    HEIGHT="113"></String>
          </TextLine>

          
          
          <TextLine ID="eSc_line_c72a1dd2"
                    
                    BASELINE="2201 3066 2572 3066" 
                    HPOS="2197"
                    VPOS="2979"
                    WIDTH="375"
                    HEIGHT="116">
            <Shape><Polygon POINTS="2201 3066 2201 2979 2572 2991 2572 3066 2568 3095 2197 3087"/></Shape>
	    <String CONTENT=""
                    HPOS="2197"
                    VPOS="2979"
                    WIDTH="375"
                    HEIGHT="116"></String>
          </TextLine>

          
          
          <TextLine ID="eSc_line_5a630851"
                    
                    BASELINE="2209 3150 3201 3150" 
                    HPOS="2205"
                    VPOS="3062"
                    WIDTH="996"
                    HEIGHT="146">
            <Shape><Polygon POINTS="2209 3150 2205 3066 3197 3062 3201 3150 3201 3208 3039 3208 3035 3204 3035 3204 3030 3204 3030 3204 3030 3204 3026 3204 3026 3204 3026 3200 3026 3200 2993 3170 2872 3170 2830 3195 2830 3195 2826 3195 2826 3195 2826 3195 2822 3195 2822 3195 2818 3195 2818 3195 2818 3195 2805 3195 2722 3175 2697 3191 2693 3195 2689 3195 2689 3195 2689 3195 2684 3195 2684 3195 2680 3195 2680 3195 2680 3195 2676 3195 2676 3195 2676 3195 2672 3195 2672 3195 2672 3191 2668 3191 2647 3170 2209 3175"/></Shape>
	    <String CONTENT=""
                    HPOS="2205"
                    VPOS="3062"
                    WIDTH="996"
                    HEIGHT="146"></String>
          </TextLine>

          
          
          <TextLine ID="eSc_line_12aa0a44"
                    
                    BASELINE="2205 3229 2768 3237" 
                    HPOS="2197"
                    VPOS="3145"
                    WIDTH="571"
                    HEIGHT="105">
            <Shape><Polygon POINTS="2205 3229 2201 3150 2759 3145 2768 3237 2759 3250 2197 3245"/></Shape>
	    <String CONTENT=""
                    HPOS="2197"
                    VPOS="3145"
                    WIDTH="571"
                    HEIGHT="105"></String>
          </TextLine>

          
          
          <TextLine ID="eSc_line_2cb1c8c0"
                    
                    BASELINE="2209 3316 3214 3308" 
                    HPOS="2201"
                    VPOS="3225"
                    WIDTH="1013"
                    HEIGHT="112">
            <Shape><Polygon POINTS="2209 3316 2201 3241 3201 3225 3214 3308 3214 3329 2209 3337"/></Shape>
	    <String CONTENT=""
                    HPOS="2201"
                    VPOS="3225"
                    WIDTH="1013"
                    HEIGHT="112"></String>
          </TextLine>

          
          
          <TextLine ID="eSc_line_c151d356"
                    
                    BASELINE="2205 3400 3197 3391" 
                    HPOS="2197"
                    VPOS="3308"
                    WIDTH="1000"
                    HEIGHT="117">
            <Shape><Polygon POINTS="2205 3400 2197 3316 3185 3308 3197 3391 3193 3425 2201 3416"/></Shape>
	    <String CONTENT=""
                    HPOS="2197"
                    VPOS="3308"
                    WIDTH="1000"
                    HEIGHT="117"></String>
          </TextLine>

          
          
          <TextLine ID="eSc_line_ebe488d6"
                    
                    BASELINE="2209 3483 2438 3475" 
                    HPOS="2205"
                    VPOS="3400"
                    WIDTH="233"
                    HEIGHT="104">
            <Shape><Polygon POINTS="2209 3483 2205 3400 2430 3404 2438 3475 2434 3504 2205 3495"/></Shape>
	    <String CONTENT=""
                    HPOS="2205"
                    VPOS="3400"
                    WIDTH="233"
                    HEIGHT="104"></String>
          </TextLine>

          
          
          <TextLine ID="eSc_line_4410b9af"
                    
                    BASELINE="2209 3562 3105 3562" 
                    HPOS="2205"
                    VPOS="3470"
                    WIDTH="900"
                    HEIGHT="117">
            <Shape><Polygon POINTS="2209 3562 2205 3483 3101 3470 3105 3562 3105 3587 2209 3587"/></Shape>
	    <String CONTENT=""
                    HPOS="2205"
                    VPOS="3470"
                    WIDTH="900"
                    HEIGHT="117"></String>
          </TextLine>

          
          
          <TextLine ID="eSc_line_1ec6e90b"
                    
                    BASELINE="2213 3650 3122 3650" 
                    HPOS="2213"
                    VPOS="3558"
                    WIDTH="909"
                    HEIGHT="112">
            <Shape><Polygon POINTS="2213 3650 2213 3558 3122 3575 3122 3650 3122 3666 2213 3670"/></Shape>
	    <String CONTENT=""
                    HPOS="2213"
                    VPOS="3558"
                    WIDTH="909"
                    HEIGHT="112"></String>
          </TextLine>

          
          
          <TextLine ID="eSc_line_26cacc97"
                    
                    BASELINE="2213 3729 3218 3729" 
                    HPOS="2209"
                    VPOS="3633"
                    WIDTH="1009"
                    HEIGHT="121">
            <Shape><Polygon POINTS="2213 3729 2209 3645 3214 3633 3218 3729 3218 3754 2213 3754"/></Shape>
	    <String CONTENT=""
                    HPOS="2209"
                    VPOS="3633"
                    WIDTH="1009"
                    HEIGHT="121"></String>
          </TextLine>

          
          
          <TextLine ID="eSc_line_ab97ad06"
                    
                    BASELINE="2209 3812 3222 3812" 
                    HPOS="2205"
                    VPOS="3729"
                    WIDTH="1017"
                    HEIGHT="108">
            <Shape><Polygon POINTS="2209 3812 2205 3737 3218 3729 3222 3812 3222 3837 2209 3837"/></Shape>
	    <String CONTENT=""
                    HPOS="2205"
                    VPOS="3729"
                    WIDTH="1017"
                    HEIGHT="108"></String>
          </TextLine>

          
        </TextBlock>
        
        <TextBlock HPOS="3209"
                   VPOS="1879"
                   WIDTH="11"
                   HEIGHT="125"
                   ID="eSc_textblock_56306b6e"
                   TAGREFS="BT2">
          <Shape><Polygon POINTS="3220 2004 3209 2004 3209 1879 3218 1879"/></Shape>
          
        </TextBlock>
        
        <TextBlock HPOS="3209"
                   VPOS="1753"
                   WIDTH="8"
                   HEIGHT="93"
                   ID="eSc_textblock_1ca761c6"
                   TAGREFS="BT2">
          <Shape><Polygon POINTS="3217 1846 3209 1846 3209 1753 3216 1753"/></Shape>
          
        </TextBlock>
        

        
      </PrintSpace>
    </Page>
  </Layout>
</alto>
