<?xml version="1.0" encoding="UTF-8"?>
<alto xmlns:xsi="http://www.w3.org/2001/XMLSchema-instance"
      xmlns="http://www.loc.gov/standards/alto/ns-v4#"
      xsi:schemaLocation="http://www.loc.gov/standards/alto/ns-v4# http://www.loc.gov/standards/alto/v4/alto-4-2.xsd">
  <Description>
    <MeasurementUnit>pixel</MeasurementUnit>
    <sourceImageInformation>
      <fileName>28_c1294_default.jpg</fileName>
      <fileIdentifier>https://mazarinum.bibliotheque-mazarine.fr/i/?IIIF=/af/0a/c2/41/af0ac241-0f82-4dc2-a6df-bb95b17c4e73/iiif/751063002_inc59_0029.tif/full/full/0/default.jpg</fileIdentifier>
    </sourceImageInformation>
  </Description>
  
  <Tags>
    <OtherTag ID="BT1" LABEL="Title" DESCRIPTION="block type Title"/><OtherTag ID="BT2" LABEL="Main" DESCRIPTION="block type Main"/><OtherTag ID="BT3" LABEL="Commentary" DESCRIPTION="block type Commentary"/><OtherTag ID="BT4" LABEL="Illustration" DESCRIPTION="block type Illustration"/><OtherTag ID="BT1467" LABEL="Page" DESCRIPTION="block type Page"/>
    <OtherTag ID="LT1" LABEL="Main" DESCRIPTION="line type Main"/><OtherTag ID="LT2" LABEL="Numbering" DESCRIPTION="line type Numbering"/><OtherTag ID="LT3" LABEL="Correction" DESCRIPTION="line type Correction"/><OtherTag ID="LT4" LABEL="Signature" DESCRIPTION="line type Signature"/>
  </Tags>
  
  <Layout>
    <Page WIDTH="3711"
          HEIGHT="5000"
          PHYSICAL_IMG_NR="20"
          ID="eSc_dummypage_">
      <PrintSpace HPOS="0"
                  VPOS="0"
                  WIDTH="3711"
                  HEIGHT="5000">
        
        <TextBlock HPOS="410"
                   VPOS="482"
                   WIDTH="2103"
                   HEIGHT="190"
                   ID="eSc_textblock_a2dfd64b"
                   TAGREFS="BT2">
          <Shape><Polygon POINTS="2513 482 2510 672 426 667 415 649 410 637 421 610 421 535 1947 500"/></Shape>
          
          
          <TextLine ID="eSc_line_eec067fa"
                    
                    BASELINE="416 597 2468 545" 
                    HPOS="404"
                    VPOS="470"
                    WIDTH="2060"
                    HEIGHT="159">
            <Shape><Polygon POINTS="412 595 404 529 2451 470 2464 541 2455 583 2193 570 1959 591 1909 595 1905 595 1901 595 1893 591 1838 575 1801 595 1788 600 1784 600 1780 600 1722 595 1580 583 1542 600 1517 608 1513 608 1509 608 1442 600 1384 591 1342 600 1300 612 1296 612 1292 612 1167 604 1059 595 1042 604 1025 620 1021 620 1017 620 1013 620 1009 620 975 608 954 600 913 608 842 620 838 620 767 608 733 604 721 608 700 629 696 629 692 629 687 608 683 629 642 612 633 608 412 612"/></Shape>
	    <String CONTENT="Genealogię deorũ gentiliu Ioannis Bocaccii de certaldo ad Vgonem"
                    HPOS="404"
                    VPOS="470"
                    WIDTH="2060"
                    HEIGHT="159"></String>
          </TextLine>

          
          
          <TextLine ID="eSc_line_381ce1a8"
                    
                    BASELINE="421 670 2355 633" 
                    HPOS="412"
                    VPOS="566"
                    WIDTH="1943"
                    HEIGHT="138">
            <Shape><Polygon POINTS="421 670 412 600 713 575 717 575 717 575 717 575 817 591 829 591 838 591 892 570 892 570 896 570 896 570 900 570 900 570 1021 587 1025 587 1029 587 1050 566 1050 566 1054 566 1054 566 1054 566 1059 566 1059 566 1063 566 2347 566 2355 633 2355 675 1521 675 1501 679 1446 695 1442 695 1442 695 1442 695 1438 695 1438 695 1355 683 1334 679 1321 683 1271 700 1267 700 1267 700 1267 700 1263 700 1263 700 1159 683 1150 683 1142 683 1067 704 1063 704 1063 704 1059 704 416 687"/></Shape>
	    <String CONTENT="inclytum Hierusalem &amp; Cypriregem:eiusdem libri prohoemium."
                    HPOS="412"
                    VPOS="566"
                    WIDTH="1943"
                    HEIGHT="138"></String>
          </TextLine>

          
        </TextBlock>
        
        <TextBlock HPOS="422"
                   VPOS="738"
                   WIDTH="2128"
                   HEIGHT="3242"
                   ID="eSc_textblock_9d691042"
                   TAGREFS="BT2">
          <Shape><Polygon POINTS="2496 738 2550 3969 443 3980 467 3429 452 3283 450 3262 435 3245 450 3179 450 3157 450 3095 450 2666 445 2641 450 2595 433 2300 429 2179 428 2016 433 2000 428 1979 422 1291 424 1261 438 1185 827 1189 808 865 813 862 823 839 820 738 2097 740"/></Shape>
          
          
          <TextLine ID="eSc_line_06cfe806"
                    
                    BASELINE="804 825 2472 795" 
                    HPOS="724"
                    VPOS="704"
                    WIDTH="1748"
                    HEIGHT="158">
            <Shape><Polygon POINTS="804 825 796 720 892 716 896 716 900 716 904 716 904 720 942 754 1246 720 1392 708 1396 708 1555 708 1559 708 1563 708 1588 725 1613 741 1659 725 1709 708 1713 708 1717 708 1722 708 1726 708 1751 725 1776 741 1947 741 1972 729 2022 708 2026 708 2030 708 2184 729 2222 733 2239 729 2330 704 2335 704 2339 704 2464 733 2472 795 2472 825 724 862"/></Shape>
	    <String CONTENT="Atis ex relatins Donini Parmẽnsis egregii militis tui.uera"
                    HPOS="724"
                    VPOS="704"
                    WIDTH="1748"
                    HEIGHT="158"></String>
          </TextLine>

          
          
          <TextLine ID="eSc_line_f2f4339f"
                    
                    BASELINE="817 912 2472 887" 
                    HPOS="808"
                    VPOS="808"
                    WIDTH="1664"
                    HEIGHT="142">
            <Shape><Polygon POINTS="817 912 808 841 2460 808 2472 887 2468 925 817 950"/></Shape>
	    <String CONTENT="percepi Rex inclyte sũmopere cupis Genealogiam deorũ"
                    HPOS="808"
                    VPOS="808"
                    WIDTH="1664"
                    HEIGHT="142"></String>
          </TextLine>

          
          
          <TextLine ID="eSc_line_8d9387cb"
                    
                    BASELINE="821 995 2472 970" 
                    HPOS="813"
                    VPOS="895"
                    WIDTH="1659"
                    HEIGHT="134">
            <Shape><Polygon POINTS="821 995 813 929 2460 895 2472 970 2468 995 821 1029"/></Shape>
	    <String CONTENT="gentilium &amp; heroũ ex eis iuxta fictiones ueterum descen&#39;"
                    HPOS="813"
                    VPOS="895"
                    WIDTH="1659"
                    HEIGHT="134"></String>
          </TextLine>

          
          
          <TextLine ID="eSc_line_d9bd1000"
                    
                    BASELINE="817 1079 2472 1054" 
                    HPOS="808"
                    VPOS="987"
                    WIDTH="1664"
                    HEIGHT="113">
            <Shape><Polygon POINTS="817 1079 808 1008 2460 987 2472 1054 2472 1079 817 1100"/></Shape>
	    <String CONTENT="dentiũ: Atq; cũ hac quid sub fabularum tegmine illustres"
                    HPOS="808"
                    VPOS="987"
                    WIDTH="1664"
                    HEIGHT="113"></String>
          </TextLine>

          
          
          <TextLine ID="eSc_line_8d98da0a"
                    
                    BASELINE="817 1162 2468 1137" 
                    HPOS="808"
                    VPOS="1070"
                    WIDTH="1660"
                    HEIGHT="121">
            <Shape><Polygon POINTS="817 1162 808 1100 2455 1070 2468 1137 2468 1158 817 1191"/></Shape>
	    <String CONTENT="quondam senserunt uiri &amp; me a celsitudine tua quasi exp&#39;"
                    HPOS="808"
                    VPOS="1070"
                    WIDTH="1660"
                    HEIGHT="121"></String>
          </TextLine>

          
          
          <TextLine ID="eSc_line_dfb1171b"
                    
                    BASELINE="439 1279 2464 1220" 
                    HPOS="425"
                    VPOS="1141"
                    WIDTH="2035"
                    HEIGHT="146">
            <Shape><Polygon POINTS="437 1275 425 1212 996 1158 1184 1154 1188 1154 1192 1154 1238 1179 1263 1158 1267 1158 1271 1158 1275 1158 1426 1170 1722 1141 1726 1141 1851 1162 2447 1154 2460 1216 2460 1245 437 1287"/></Shape>
	    <String CONTENT="silimui abosernuditisimu hominem in talibus selectum tanto operi au&#39;"
                    HPOS="425"
                    VPOS="1141"
                    WIDTH="2035"
                    HEIGHT="146"></String>
          </TextLine>

          
          
          <TextLine ID="eSc_line_29b25dca"
                    
                    BASELINE="429 1333 2472 1308" 
                    HPOS="421"
                    VPOS="1225"
                    WIDTH="2051"
                    HEIGHT="137">
            <Shape><Polygon POINTS="429 1333 421 1258 2460 1225 2472 1308 2468 1341 429 1362"/></Shape>
	    <String CONTENT="ctorem.Sane ut omiserim desyderii tui admirationem:nõ enim paruũ"
                    HPOS="421"
                    VPOS="1225"
                    WIDTH="2051"
                    HEIGHT="137"></String>
          </TextLine>

          
          
          <TextLine ID="eSc_line_2da64c22"
                    
                    BASELINE="429 1420 2480 1395" 
                    HPOS="421"
                    VPOS="1312"
                    WIDTH="2059"
                    HEIGHT="138">
            <Shape><Polygon POINTS="429 1420 421 1337 2468 1312 2480 1395 2476 1433 429 1450"/></Shape>
	    <String CONTENT="hominem dec&amp; quid regem moueat perscrutari.&amp; aduersus electionẽ"
                    HPOS="421"
                    VPOS="1312"
                    WIDTH="2059"
                    HEIGHT="138"></String>
          </TextLine>

          
          
          <TextLine ID="eSc_line_362c0522"
                    
                    BASELINE="425 1500 2489 1479" 
                    HPOS="412"
                    VPOS="1408"
                    WIDTH="2077"
                    HEIGHT="117">
            <Shape><Polygon POINTS="425 1500 412 1429 2476 1408 2489 1479 2485 1512 425 1525"/></Shape>
	    <String CONTENT="mei quid sentiam:dicere p̃termittam. Ne dum insufficietiam meam"
                    HPOS="412"
                    VPOS="1408"
                    WIDTH="2077"
                    HEIGHT="117"></String>
          </TextLine>

          
          
          <TextLine ID="eSc_line_c431475b"
                    
                    BASELINE="429 1587 2447 1562" 
                    HPOS="421"
                    VPOS="1495"
                    WIDTH="2026"
                    HEIGHT="121">
            <Shape><Polygon POINTS="429 1587 421 1504 2435 1495 2447 1562 2443 1604 429 1616"/></Shape>
	    <String CONTENT="monstrauero per subtrerfugia arbitreris impositi laboris onus euitem."
                    HPOS="421"
                    VPOS="1495"
                    WIDTH="2026"
                    HEIGHT="121"></String>
          </TextLine>

          
          
          <TextLine ID="eSc_line_b5966ee3"
                    
                    BASELINE="429 1670 2497 1658" 
                    HPOS="421"
                    VPOS="1566"
                    WIDTH="2072"
                    HEIGHT="129">
            <Shape><Polygon POINTS="425 1666 421 1591 1792 1591 1809 1587 1951 1566 1951 1566 1955 1566 2485 1587 2493 1654 2489 1675 425 1695"/></Shape>
	    <String CONTENT="Anteꝗᷓ ad sententiam meam circa impositum opus deueniã.lib&amp; Sere&#39;"
                    HPOS="421"
                    VPOS="1566"
                    WIDTH="2072"
                    HEIGHT="129"></String>
          </TextLine>

          
          
          <TextLine ID="eSc_line_e2f5aa34"
                    
                    BASELINE="433 1750 2493 1729" 
                    HPOS="425"
                    VPOS="1666"
                    WIDTH="2068"
                    HEIGHT="113">
            <Shape><Polygon POINTS="433 1750 425 1683 2480 1666 2493 1729 2489 1766 433 1779"/></Shape>
	    <String CONTENT="nissime regum apponere.Ft si non omnia:quędam saltem quę inter do"
                    HPOS="425"
                    VPOS="1666"
                    WIDTH="2068"
                    HEIGHT="113"></String>
          </TextLine>

          
          
          <TextLine ID="eSc_line_4a1850d3"
                    
                    BASELINE="433 1837 2502 1838" 
                    HPOS="425"
                    VPOS="1754"
                    WIDTH="2076"
                    HEIGHT="108">
            <Shape><Polygon POINTS="429 1833 429 1754 2497 1754 2501 1837 2497 1845 425 1862"/></Shape>
	    <String CONTENT="ninum insgnem militem tuum:dum iussa tuę celitudinis explicaret:et"
                    HPOS="425"
                    VPOS="1754"
                    WIDTH="2076"
                    HEIGHT="108"></String>
          </TextLine>

          
          
          <TextLine ID="eSc_line_f5fd57aa"
                    
                    BASELINE="433 1920 2493 1900" 
                    HPOS="425"
                    VPOS="1833"
                    WIDTH="2068"
                    HEIGHT="125">
            <Shape><Polygon POINTS="433 1920 425 1854 2480 1833 2493 1900 2489 1937 433 1958"/></Shape>
	    <String CONTENT="me iteruenere uierba:ut eis perlectis sartis iudicium tuum de me uideas"
                    HPOS="425"
                    VPOS="1833"
                    WIDTH="2068"
                    HEIGHT="125"></String>
          </TextLine>

          
          
          <TextLine ID="eSc_line_3d7023a6"
                    
                    BASELINE="437 1987 483 2004 2498 2004" 
                    HPOS="429"
                    VPOS="1916"
                    WIDTH="2068"
                    HEIGHT="104">
            <Shape><Polygon POINTS="433 1983 433 1925 2489 1916 2497 2000 2493 2016 429 2020"/></Shape>
	    <String CONTENT="&amp; temeritatem meam dũ in obedientiam tuę  maiestatis deuenio.Cum"
                    HPOS="429"
                    VPOS="1916"
                    WIDTH="2068"
                    HEIGHT="104"></String>
          </TextLine>

          
          
          <TextLine ID="eSc_line_270717f1"
                    
                    BASELINE="437 2091 2506 2079" 
                    HPOS="425"
                    VPOS="2000"
                    WIDTH="2080"
                    HEIGHT="108">
            <Shape><Polygon POINTS="433 2087 425 2008 2493 2000 2505 2075 2501 2104 433 2108"/></Shape>
	    <String CONTENT="igitur ile facundo ore sacra maiestatis tuae stulia:x opera regalis offi&#39;"
                    HPOS="425"
                    VPOS="2000"
                    WIDTH="2080"
                    HEIGHT="108"></String>
          </TextLine>

          
          
          <TextLine ID="eSc_line_ce62da27"
                    
                    BASELINE="441 2179 2506 2167" 
                    HPOS="433"
                    VPOS="2083"
                    WIDTH="2072"
                    HEIGHT="112">
            <Shape><Polygon POINTS="437 2175 433 2083 2497 2091 2505 2166 2505 2191 437 2195"/></Shape>
	    <String CONTENT="cii admiranda: nec nõ &amp; insignes atq; gloriosos quosdã tui noĩs titulos"
                    HPOS="433"
                    VPOS="2083"
                    WIDTH="2072"
                    HEIGHT="112"></String>
          </TextLine>

          
          
          <TextLine ID="eSc_line_f4249f3f"
                    
                    BASELINE="437 2254 2489 2237" 
                    HPOS="429"
                    VPOS="2170"
                    WIDTH="2060"
                    HEIGHT="113">
            <Shape><Polygon POINTS="437 2254 429 2187 2476 2170 2489 2237 2485 2270 437 2283"/></Shape>
	    <String CONTENT="lõga dicacitate explicauiss&amp;:eo deuenit:ut conatu plurimo me in tuam"
                    HPOS="429"
                    VPOS="2170"
                    WIDTH="2060"
                    HEIGHT="113"></String>
          </TextLine>

          
          
          <TextLine ID="eSc_line_d0fafad5"
                    
                    BASELINE="441 2350 512 2333 2493 2320" 
                    HPOS="429"
                    VPOS="2237"
                    WIDTH="2064"
                    HEIGHT="129">
            <Shape><Polygon POINTS="441 2350 429 2266 2480 2237 2493 2320 2489 2350 441 2366"/></Shape>
	    <String CONTENT="sententiam deducere conaretur:non unica tantum ratione sed multis:ex"
                    HPOS="429"
                    VPOS="2237"
                    WIDTH="2064"
                    HEIGHT="129"></String>
          </TextLine>

          
          
          <TextLine ID="eSc_line_201f3fa2"
                    
                    BASELINE="433 2420 2489 2404" 
                    HPOS="421"
                    VPOS="2333"
                    WIDTH="2068"
                    HEIGHT="112">
            <Shape><Polygon POINTS="433 2420 421 2337 2476 2333 2489 2404 2485 2437 433 2445"/></Shape>
	    <String CONTENT="quibus fateor ualide uidebantur quędam uerũ postꝗᷓ tacuit:&amp; mihi rñ&#39;"
                    HPOS="421"
                    VPOS="2333"
                    WIDTH="2068"
                    HEIGHT="112"></String>
          </TextLine>

          
          
          <TextLine ID="eSc_line_9e3a7dea"
                    
                    BASELINE="441 2508 2501 2491" 
                    HPOS="433"
                    VPOS="2416"
                    WIDTH="2068"
                    HEIGHT="113">
            <Shape><Polygon POINTS="441 2508 433 2437 2489 2416 2501 2491 2497 2520 441 2529"/></Shape>
	    <String CONTENT="dendi copia facta ẽ:sic dixi.Arbitratus forsin facunde miles seu rex tuus"
                    HPOS="433"
                    VPOS="2416"
                    WIDTH="2068"
                    HEIGHT="113"></String>
          </TextLine>

          
          
          <TextLine ID="eSc_line_c6a3fa45"
                    
                    BASELINE="437 2587 2501 2570" 
                    HPOS="433"
                    VPOS="2504"
                    WIDTH="2068"
                    HEIGHT="112">
            <Shape><Polygon POINTS="437 2587 433 2504 2493 2504 2501 2570 2497 2612 437 2616"/></Shape>
	    <String CONTENT="de proximo noster futurus p̃stante deo:hanc insaniam ueterũ scilic&amp; cu"
                    HPOS="433"
                    VPOS="2504"
                    WIDTH="2068"
                    HEIGHT="112"></String>
          </TextLine>

          
          
          <TextLine ID="eSc_line_200bd866"
                    
                    BASELINE="454 2679 2497 2658" 
                    HPOS="450"
                    VPOS="2591"
                    WIDTH="2047"
                    HEIGHT="125">
            <Shape><Polygon POINTS="454 2679 450 2591 2489 2591 2497 2658 2493 2695 454 2716"/></Shape>
	    <String CONTENT="pientium se habere diuino procereatos sanguine angulũ terrę modicum"
                    HPOS="450"
                    VPOS="2591"
                    WIDTH="2047"
                    HEIGHT="125"></String>
          </TextLine>

          
          
          <TextLine ID="eSc_line_7f6ffa25"
                    
                    BASELINE="441 2758 2505 2741" 
                    HPOS="433"
                    VPOS="2670"
                    WIDTH="2072"
                    HEIGHT="113">
            <Shape><Polygon POINTS="441 2758 433 2679 2493 2670 2505 2741 2501 2775 441 2783"/></Shape>
	    <String CONTENT="occupase:&amp; taꝗᷓ ridiculum quoddam ut erat paruo tẽporis perseuerasse"
                    HPOS="433"
                    VPOS="2670"
                    WIDTH="2072"
                    HEIGHT="113"></String>
          </TextLine>

          
          
          <TextLine ID="eSc_line_507f61db"
                    
                    BASELINE="446 2841 2497 2825" 
                    HPOS="441"
                    VPOS="2758"
                    WIDTH="2056"
                    HEIGHT="108">
            <Shape><Polygon POINTS="446 2841 441 2758 2489 2758 2497 2825 2493 2854 446 2866"/></Shape>
	    <String CONTENT="tractu.&amp; ueluti etiam regentissimũ opus facise colligi posse.Attamẽ bo&#39;"
                    HPOS="441"
                    VPOS="2758"
                    WIDTH="2056"
                    HEIGHT="108"></String>
          </TextLine>

          
          
          <TextLine ID="eSc_line_8ef7fad0"
                    
                    BASELINE="446 2925 2510 2912" 
                    HPOS="441"
                    VPOS="2841"
                    WIDTH="2069"
                    HEIGHT="113">
            <Shape><Polygon POINTS="446 2925 441 2841 2501 2841 2510 2912 2505 2954 446 2954"/></Shape>
	    <String CONTENT="na semper tua pace dicam aliter lõge est. Nam ut omniũ cycladas &amp; re"
                    HPOS="441"
                    VPOS="2841"
                    WIDTH="2069"
                    HEIGHT="113"></String>
          </TextLine>

          
          
          <TextLine ID="eSc_line_b181bcce"
                    
                    BASELINE="446 3008 2510 2995" 
                    HPOS="437"
                    VPOS="2920"
                    WIDTH="2073"
                    HEIGHT="121">
            <Shape><Polygon POINTS="446 3008 437 2941 2497 2920 2510 2995 2505 3029 446 3041"/></Shape>
	    <String CONTENT="liquas aegei maris insulas Achaiam Iiliricam atq; thraciam : quas peñ"
                    HPOS="437"
                    VPOS="2920"
                    WIDTH="2073"
                    HEIGHT="121"></String>
          </TextLine>

          
          
          <TextLine ID="eSc_line_ceb6e5eb"
                    
                    BASELINE="450 3091 2510 3075" 
                    HPOS="441"
                    VPOS="3012"
                    WIDTH="2069"
                    HEIGHT="100">
            <Shape><Polygon POINTS="450 3091 441 3016 2497 3012 2510 3075 2510 3108 450 3112"/></Shape>
	    <String CONTENT="somenta huius stulticię emicuere plurimũ &amp; potissime :dũ gręorũ res"
                    HPOS="441"
                    VPOS="3012"
                    WIDTH="2069"
                    HEIGHT="100"></String>
          </TextLine>

          
          
          <TextLine ID="eSc_line_687d9175"
                    
                    BASELINE="454 3179 2497 3158" 
                    HPOS="446"
                    VPOS="3091"
                    WIDTH="2051"
                    HEIGHT="125">
            <Shape><Polygon POINTS="454 3179 446 3108 2485 3091 2497 3158 2493 3183 454 3216"/></Shape>
	    <String CONTENT="pu.floruit Euxini maris hellespontiaci Meonii icarii Pamphilii Cyli&#39;"
                    HPOS="446"
                    VPOS="3091"
                    WIDTH="2051"
                    HEIGHT="125"></String>
          </TextLine>

          
          
          <TextLine ID="eSc_line_b5118441"
                    
                    BASELINE="454 3254 2505 3245" 
                    HPOS="446"
                    VPOS="3183"
                    WIDTH="2059"
                    HEIGHT="108">
            <Shape><Polygon POINTS="454 3254 446 3191 2493 3183 2505 3245 2497 3291 450 3283"/></Shape>
	    <String CONTENT="cis phoenicis &amp; Syrii atq; Egyptiaci littora sua contagione infecit Nec"
                    HPOS="446"
                    VPOS="3183"
                    WIDTH="2059"
                    HEIGHT="108"></String>
          </TextLine>

          
          
          <TextLine ID="eSc_line_b8f470cd"
                    
                    BASELINE="458 3345 2505 3333" 
                    HPOS="454"
                    VPOS="3258"
                    WIDTH="2051"
                    HEIGHT="117">
            <Shape><Polygon POINTS="458 3345 454 3258 2497 3262 2505 3333 2501 3375 458 3375"/></Shape>
	    <String CONTENT="Cyprus nostri regis insigne decus ab hac labe fuit immunis Sic &amp; oẽm"
                    HPOS="454"
                    VPOS="3258"
                    WIDTH="2051"
                    HEIGHT="117"></String>
          </TextLine>

          
          
          <TextLine ID="eSc_line_f3a517d2"
                    
                    BASELINE="454 3429 2505 3416" 
                    HPOS="446"
                    VPOS="3337"
                    WIDTH="2059"
                    HEIGHT="121">
            <Shape><Polygon POINTS="454 3429 446 3345 2493 3337 2505 3416 2501 3450 454 3458"/></Shape>
	    <String CONTENT="libye atq; Syrtium &amp; numidię oram labefactauit: &amp; atlantiacos occidui"
                    HPOS="446"
                    VPOS="3337"
                    WIDTH="2059"
                    HEIGHT="121"></String>
          </TextLine>

          
          
          <TextLine ID="eSc_line_98b1e961"
                    
                    BASELINE="454 3512 2505 3500" 
                    HPOS="446"
                    VPOS="3420"
                    WIDTH="2059"
                    HEIGHT="117">
            <Shape><Polygon POINTS="454 3512 446 3445 2493 3420 2505 3500 2501 3529 454 3537"/></Shape>
	    <String CONTENT="q; maris sin⁹ &amp; remotissimos hesperidũ hortos. Nec meditaranei tãtũ"
                    HPOS="446"
                    VPOS="3420"
                    WIDTH="2059"
                    HEIGHT="117"></String>
          </TextLine>

          
          
          <TextLine ID="eSc_line_866a1e9b"
                    
                    BASELINE="462 3595 2510 3587" 
                    HPOS="454"
                    VPOS="3504"
                    WIDTH="2056"
                    HEIGHT="121">
            <Shape><Polygon POINTS="462 3595 454 3529 2497 3504 2510 3587 2501 3625 458 3620"/></Shape>
	    <String CONTENT="maris fuit contenta littoribus:quinĩmo &amp; ad incognitas maris natioẽs"
                    HPOS="454"
                    VPOS="3504"
                    WIDTH="2056"
                    HEIGHT="121"></String>
          </TextLine>

          
          
          <TextLine ID="eSc_line_17d1152f"
                    
                    BASELINE="462 3679 2493 3670" 
                    HPOS="454"
                    VPOS="3595"
                    WIDTH="2039"
                    HEIGHT="113">
            <Shape><Polygon POINTS="462 3679 454 3612 2480 3595 2493 3670 2485 3708 458 3704"/></Shape>
	    <String CONTENT="etiam penetrauit.Decidere etiam in perniciem hane cũ littoralibus ac"
                    HPOS="454"
                    VPOS="3595"
                    WIDTH="2039"
                    HEIGHT="113"></String>
          </TextLine>

          
          
          <TextLine ID="eSc_line_c09ab8e3"
                    
                    BASELINE="462 3762 2510 3754" 
                    HPOS="458"
                    VPOS="3679"
                    WIDTH="2052"
                    HEIGHT="108">
            <Shape><Polygon POINTS="462 3762 458 3679 2501 3687 2510 3754 2505 3783 462 3787"/></Shape>
	    <String CONTENT="colę omnes nili fonte carentis &amp; harenę libycae una cum suis pestibus"
                    HPOS="458"
                    VPOS="3679"
                    WIDTH="2052"
                    HEIGHT="108"></String>
          </TextLine>

          
          
          <TextLine ID="eSc_line_e5638788"
                    
                    BASELINE="462 3845 2505 3837" 
                    HPOS="454"
                    VPOS="3758"
                    WIDTH="2051"
                    HEIGHT="121">
            <Shape><Polygon POINTS="462 3845 454 3775 2493 3758 2505 3837 2501 3879 462 3879"/></Shape>
	    <String CONTENT="&amp; antiquissimarũ thebarũ solitudines: Nec nõ &amp; superiores Aegyptii"
                    HPOS="454"
                    VPOS="3758"
                    WIDTH="2051"
                    HEIGHT="121"></String>
          </TextLine>

          
          
          <TextLine ID="eSc_line_f8921deb"
                    
                    BASELINE="471 3929 2518 3929" 
                    HPOS="471"
                    VPOS="3845"
                    WIDTH="2047"
                    HEIGHT="125">
            <Shape><Polygon POINTS="471 3929 471 3845 2518 3858 2518 3929 2518 3970 471 3970"/></Shape>
	    <String CONTENT="atq; paramantes seruidi et calẽtes nimium hirsutiq; aethiopes et odori"
                    HPOS="471"
                    VPOS="3845"
                    WIDTH="2047"
                    HEIGHT="125"></String>
          </TextLine>

          
        </TextBlock>
        
        <TextBlock HPOS="3050"
                   VPOS="149"
                   WIDTH="154"
                   HEIGHT="104"
                   ID="eSc_textblock_1e901900"
                   TAGREFS="BT1467">
          <Shape><Polygon POINTS="3050 149 3050 253 3204 253 3204 149 3124 149"/></Shape>
          
          
          <TextLine ID="eSc_line_607147e0"
                    
                    BASELINE="3065 238 3194 243" 
                    HPOS="3056"
                    VPOS="145"
                    WIDTH="137"
                    HEIGHT="167">
            <Shape><Polygon POINTS="3064 237 3064 145 3189 158 3193 241 3185 312 3056 283"/></Shape>
	    <String CONTENT="11"
                    HPOS="3056"
                    VPOS="145"
                    WIDTH="137"
                    HEIGHT="167"></String>
          </TextLine>

          
        </TextBlock>
        
        <TextBlock HPOS="517"
                   VPOS="583"
                   WIDTH="45"
                   HEIGHT="12"
                   ID="eSc_textblock_4472ca43"
                   TAGREFS="BT2">
          <Shape><Polygon POINTS="562 583 562 595 517 595 517 583"/></Shape>
          
        </TextBlock>
        
        <TextBlock HPOS="467"
                   VPOS="3600"
                   WIDTH="12"
                   HEIGHT="12"
                   ID="eSc_textblock_c1b200bb"
                   TAGREFS="BT2">
          <Shape><Polygon POINTS="479 3600 479 3612 467 3612 467 3600"/></Shape>
          
        </TextBlock>
        
        <TextBlock HPOS="2438"
                   VPOS="517"
                   WIDTH="25"
                   HEIGHT="35"
                   ID="eSc_textblock_dc0ba823"
                   TAGREFS="BT">
          <Shape><Polygon POINTS="2438 552 2438 517 2463 517 2463 552"/></Shape>
          
        </TextBlock>
        
        <TextBlock HPOS="428"
                   VPOS="701"
                   WIDTH="383"
                   HEIGHT="483"
                   ID="eSc_textblock_bc045939"
                   TAGREFS="BT2">
          <Shape><Polygon POINTS="428 701 428 1184 811 1184 811 701"/></Shape>
          
        </TextBlock>
        

        
        <TextBlock ID="eSc_dummyblock_">
          
          
          <TextLine ID="eSc_line_fefa5ffe"
                    
                    BASELINE="418 1179 796 1174" 
                    HPOS="416"
                    VPOS="696"
                    WIDTH="397"
                    HEIGHT="508">
            <Shape><Polygon POINTS="416 1175 431 696 813 704 792 1170 792 1200 416 1204"/></Shape>
	    <String CONTENT="S"
                    HPOS="416"
                    VPOS="696"
                    WIDTH="397"
                    HEIGHT="508"></String>
          </TextLine>

          
        </TextBlock>
        
      </PrintSpace>
    </Page>
  </Layout>
</alto>
