<?xml version="1.0" encoding="UTF-8"?>
<alto xmlns:xsi="http://www.w3.org/2001/XMLSchema-instance"
      xmlns="http://www.loc.gov/standards/alto/ns-v4#"
      xsi:schemaLocation="http://www.loc.gov/standards/alto/ns-v4# http://www.loc.gov/standards/alto/v4/alto-4-2.xsd">
  <Description>
    <MeasurementUnit>pixel</MeasurementUnit>
    <sourceImageInformation>
      <fileName>29_a0211_default.jpg</fileName>
      <fileIdentifier>https://mazarinum.bibliotheque-mazarine.fr/i/?IIIF=/af/0a/c2/41/af0ac241-0f82-4dc2-a6df-bb95b17c4e73/iiif/751063002_inc59_0030.tif/full/full/0/default.jpg</fileIdentifier>
    </sourceImageInformation>
  </Description>
  
  <Tags>
    <OtherTag ID="BT1" LABEL="Title" DESCRIPTION="block type Title"/><OtherTag ID="BT2" LABEL="Main" DESCRIPTION="block type Main"/><OtherTag ID="BT3" LABEL="Commentary" DESCRIPTION="block type Commentary"/><OtherTag ID="BT4" LABEL="Illustration" DESCRIPTION="block type Illustration"/><OtherTag ID="BT1467" LABEL="Page" DESCRIPTION="block type Page"/>
    <OtherTag ID="LT1" LABEL="Main" DESCRIPTION="line type Main"/><OtherTag ID="LT2" LABEL="Numbering" DESCRIPTION="line type Numbering"/><OtherTag ID="LT3" LABEL="Correction" DESCRIPTION="line type Correction"/><OtherTag ID="LT4" LABEL="Signature" DESCRIPTION="line type Signature"/>
  </Tags>
  
  <Layout>
    <Page WIDTH="3620"
          HEIGHT="5000"
          PHYSICAL_IMG_NR="21"
          ID="eSc_dummypage_">
      <PrintSpace HPOS="0"
                  VPOS="0"
                  WIDTH="3620"
                  HEIGHT="5000">
        
        <TextBlock HPOS="1309"
                   VPOS="504"
                   WIDTH="2093"
                   HEIGHT="3464"
                   ID="eSc_textblock_b0361759"
                   TAGREFS="BT2">
          <Shape><Polygon POINTS="3398 505 3402 3965 1315 3968 1319 1261 1310 676 1309 504 1544 507"/></Shape>
          
          
          <TextLine ID="eSc_line_2ab014c0"
                    
                    BASELINE="1342 595 3386 583" 
                    HPOS="1330"
                    VPOS="483"
                    WIDTH="2056"
                    HEIGHT="137">
            <Shape><Polygon POINTS="1342 595 1330 529 1451 491 1455 491 1455 491 1459 491 1784 491 1784 491 1784 491 1789 491 1789 491 1789 491 1793 491 1835 520 1839 520 1876 516 2085 500 2089 500 2089 500 2202 512 2235 516 2243 512 2277 487 2277 487 2281 487 2281 487 2285 487 2285 487 2289 487 2410 487 2410 487 2410 487 2414 487 2414 487 2414 487 2460 508 2477 516 2493 508 2539 487 2539 487 2544 487 2544 487 2544 487 2702 483 2706 483 2706 483 2710 483 2710 483 2760 504 2785 512 2815 504 2865 487 2869 487 2869 487 2873 487 2873 487 2998 500 3123 512 3373 495 3386 583 3382 612 1342 620"/></Shape>
	    <String CONTENT="arab Persęq; dites:atq; gangarides populi : &amp; nigredine ĩsignes Indi :"
                    HPOS="1330"
                    VPOS="483"
                    WIDTH="2056"
                    HEIGHT="137"></String>
          </TextLine>

          
          
          <TextLine ID="eSc_line_fbe79e82"
                    
                    BASELINE="1338 683 3386 670" 
                    HPOS="1326"
                    VPOS="583"
                    WIDTH="2060"
                    HEIGHT="121">
            <Shape><Polygon POINTS="1338 683 1326 595 3373 583 3386 670 3386 700 1338 704"/></Shape>
	    <String CONTENT="Babylones:&amp; clsa caucasi cacumĩa:ęiusq; tã in seruidũ solem ꝗᷓ ĩ gelidas"
                    HPOS="1326"
                    VPOS="583"
                    WIDTH="2060"
                    HEIGHT="121"></String>
          </TextLine>

          
          
          <TextLine ID="eSc_line_1f2f456f"
                    
                    BASELINE="1338 766 3382 758" 
                    HPOS="1322"
                    VPOS="675"
                    WIDTH="2060"
                    HEIGHT="112">
            <Shape><Polygon POINTS="1338 766 1322 700 1363 675 1367 675 1367 675 1367 675 1372 675 1372 675 1376 675 3373 683 3382 758 3378 783 1338 787"/></Shape>
	    <String CONTENT="Arthos scabrosa decliuia Caspiũ marae:hyrcaniq; truces: &amp; omĩs Tha"
                    HPOS="1322"
                    VPOS="675"
                    WIDTH="2060"
                    HEIGHT="112"></String>
          </TextLine>

          
          
          <TextLine ID="eSc_line_95805753"
                    
                    BASELINE="1342 850 3382 837" 
                    HPOS="1334"
                    VPOS="766"
                    WIDTH="2048"
                    HEIGHT="113">
            <Shape><Polygon POINTS="1342 850 1334 779 3369 766 3382 837 3378 870 1342 879"/></Shape>
	    <String CONTENT="nais:ac niuosus semper Rhodopes:&amp; Scytharum etiam inculta barba&#39;"
                    HPOS="1334"
                    VPOS="766"
                    WIDTH="2048"
                    HEIGHT="113"></String>
          </TextLine>

          
          
          <TextLine ID="eSc_line_4a887840"
                    
                    BASELINE="1342 929 3382 920" 
                    HPOS="1334"
                    VPOS="854"
                    WIDTH="2048"
                    HEIGHT="100">
            <Shape><Polygon POINTS="1342 929 1334 862 3369 854 3382 920 3378 945 1342 954"/></Shape>
	    <String CONTENT="ries:&amp; cũ orientalis etiam oceani fluctus: &amp; rubri maris insecisset insu&#39;"
                    HPOS="1334"
                    VPOS="854"
                    WIDTH="2048"
                    HEIGHT="100"></String>
          </TextLine>

          
          
          <TextLine ID="eSc_line_21126715"
                    
                    BASELINE="1347 1012 3378 1004" 
                    HPOS="1342"
                    VPOS="920"
                    WIDTH="2036"
                    HEIGHT="121">
            <Shape><Polygon POINTS="1347 1012 1342 945 2252 945 2260 941 2381 920 2381 920 2385 920 3369 941 3378 1004 3373 1041 1347 1041"/></Shape>
	    <String CONTENT="las.Postremo ad nos usq; ltalos declinauit:adeo ut Roma re4 domina"
                    HPOS="1342"
                    VPOS="920"
                    WIDTH="2036"
                    HEIGHT="121"></String>
          </TextLine>

          
          
          <TextLine ID="eSc_line_dd849f4e"
                    
                    BASELINE="1347 1095 3386 1087" 
                    HPOS="1338"
                    VPOS="1004"
                    WIDTH="2048"
                    HEIGHT="116">
            <Shape><Polygon POINTS="1347 1095 1338 1029 3373 1004 3386 1087 3386 1120 1347 1120"/></Shape>
	    <String CONTENT="huius caliginis obfuscata nube sit:et ne passim ꝑ regiones oẽs ĩ quibus"
                    HPOS="1338"
                    VPOS="1004"
                    WIDTH="2048"
                    HEIGHT="116"></String>
          </TextLine>

          
          
          <TextLine ID="eSc_line_bf2272f6"
                    
                    BASELINE="1351 1179 3378 1170" 
                    HPOS="1342"
                    VPOS="1104"
                    WIDTH="2036"
                    HEIGHT="112">
            <Shape><Polygon POINTS="1351 1179 1342 1112 3365 1104 3378 1170 3373 1204 1351 1216"/></Shape>
	    <String CONTENT="plurimum hęc inscitia potuit euagari:ut satis potes aduertere. Portiũcu"
                    HPOS="1342"
                    VPOS="1104"
                    WIDTH="2036"
                    HEIGHT="112"></String>
          </TextLine>

          
          
          <TextLine ID="eSc_line_174d429b"
                    
                    BASELINE="1347 1262 3382 1254" 
                    HPOS="1338"
                    VPOS="1179"
                    WIDTH="2044"
                    HEIGHT="116">
            <Shape><Polygon POINTS="1347 1262 1338 1195 3369 1179 3382 1254 3378 1295 1347 1295"/></Shape>
	    <String CONTENT="la sola fuit orbis inter triones: et cadentẽ solem quę deitatis huiusmodi"
                    HPOS="1338"
                    VPOS="1179"
                    WIDTH="2044"
                    HEIGHT="116"></String>
          </TextLine>

          
          
          <TextLine ID="eSc_line_061c0801"
                    
                    BASELINE="1342 1337 3378 1345" 
                    HPOS="1338"
                    VPOS="1266"
                    WIDTH="2040"
                    HEIGHT="104">
            <Shape><Polygon POINTS="1342 1337 1342 1266 3373 1275 3378 1345 3373 1370 1338 1370"/></Shape>
	    <String CONTENT="non fuit nobilitata progenie: esto nefandę crudelitatis: sicuti et reliqua"
                    HPOS="1338"
                    VPOS="1266"
                    WIDTH="2040"
                    HEIGHT="104"></String>
          </TextLine>

          
          
          <TextLine ID="eSc_line_978aa490"
                    
                    BASELINE="1338 1429 3382 1429" 
                    HPOS="1334"
                    VPOS="1341"
                    WIDTH="2048"
                    HEIGHT="121">
            <Shape><Polygon POINTS="1338 1429 1334 1354 3378 1341 3382 1429 3382 1454 1338 1462"/></Shape>
	    <String CONTENT="uit infecta:ne ista euo nostro fuere. Erat forsan adhuc adolescẽs abraã"
                    HPOS="1334"
                    VPOS="1341"
                    WIDTH="2048"
                    HEIGHT="121"></String>
          </TextLine>

          
          
          <TextLine ID="eSc_line_75e3d3aa"
                    
                    BASELINE="1338 1508 3382 1508" 
                    HPOS="1338"
                    VPOS="1433"
                    WIDTH="2044"
                    HEIGHT="104">
            <Shape><Polygon POINTS="1338 1508 1338 1433 3382 1441 3382 1508 3382 1537 1338 1537"/></Shape>
	    <String CONTENT="dum apud Sycionios coepit ista proserpere et insipientũ hominũ sub&#39;"
                    HPOS="1338"
                    VPOS="1433"
                    WIDTH="2044"
                    HEIGHT="104"></String>
          </TextLine>

          
          
          <TextLine ID="eSc_line_7ea4ec92"
                    
                    BASELINE="1347 1595 3382 1587" 
                    HPOS="1342"
                    VPOS="1516"
                    WIDTH="2040"
                    HEIGHT="109">
            <Shape><Polygon POINTS="1347 1595 1342 1516 3373 1525 3382 1587 3373 1625 1342 1620"/></Shape>
	    <String CONTENT="intrare animos:heroũ tamen tempestate ferbuit:et in maximum deue&#39;"
                    HPOS="1342"
                    VPOS="1516"
                    WIDTH="2040"
                    HEIGHT="109"></String>
          </TextLine>

          
          
          <TextLine ID="eSc_line_ec6cee29"
                    
                    BASELINE="1347 1675 3344 1675" 
                    HPOS="1342"
                    VPOS="1591"
                    WIDTH="2002"
                    HEIGHT="121">
            <Shape><Polygon POINTS="1347 1675 1347 1591 3344 1608 3344 1675 3340 1712 1342 1700"/></Shape>
	    <String CONTENT="nit decus et nomen:et in dies usq; superbi Ilionis ruinae perseuerauit."
                    HPOS="1342"
                    VPOS="1591"
                    WIDTH="2002"
                    HEIGHT="121"></String>
          </TextLine>

          
          
          <TextLine ID="eSc_line_e137213d"
                    
                    BASELINE="1351 1762 3369 1754" 
                    HPOS="1342"
                    VPOS="1666"
                    WIDTH="2027"
                    HEIGHT="129">
            <Shape><Polygon POINTS="1351 1762 1342 1675 3357 1666 3369 1754 3365 1795 1351 1795"/></Shape>
	    <String CONTENT="Nam in troianorum bello quosdam cecidisse filios : et hecubam ĩ canẽ"
                    HPOS="1342"
                    VPOS="1666"
                    WIDTH="2027"
                    HEIGHT="129"></String>
          </TextLine>

          
          
          <TextLine ID="eSc_line_cfe7eb35"
                    
                    BASELINE="1342 1841 3386 1841" 
                    HPOS="1338"
                    VPOS="1758"
                    WIDTH="2048"
                    HEIGHT="121">
            <Shape><Polygon POINTS="1342 1841 1338 1766 3382 1758 3386 1841 3382 1879 1338 1870"/></Shape>
	    <String CONTENT="Et podlydorũ in uirgulta conuersos legisse meminimus. Quod quidem"
                    HPOS="1338"
                    VPOS="1758"
                    WIDTH="2048"
                    HEIGHT="121"></String>
          </TextLine>

          
          
          <TextLine ID="eSc_line_12148eea"
                    
                    BASELINE="1338 1925 3382 1925" 
                    HPOS="1338"
                    VPOS="1854"
                    WIDTH="2044"
                    HEIGHT="108">
            <Shape><Polygon POINTS="1338 1925 1338 1854 3382 1858 3382 1925 3382 1954 1338 1962"/></Shape>
	    <String CONTENT="uetustistimum est:et plurium saeculorum tempus. Nec dubitãdũ insu&#39;"
                    HPOS="1338"
                    VPOS="1854"
                    WIDTH="2044"
                    HEIGHT="108"></String>
          </TextLine>

          
          
          <TextLine ID="eSc_line_57fe11ae"
                    
                    BASELINE="1342 2012 3382 2012" 
                    HPOS="1342"
                    VPOS="1941"
                    WIDTH="2040"
                    HEIGHT="109">
            <Shape><Polygon POINTS="1342 2012 1342 1941 3382 1941 3382 2012 3382 2037 1342 2050"/></Shape>
	    <String CONTENT="per quũ quocũq; hęc uiguerit stulticia:ibidem ĩgentia scripta sint uolu&#39;"
                    HPOS="1342"
                    VPOS="1941"
                    WIDTH="2040"
                    HEIGHT="109"></String>
          </TextLine>

          
          
          <TextLine ID="eSc_line_1adfc153"
                    
                    BASELINE="1342 2091 3378 2091" 
                    HPOS="1338"
                    VPOS="2020"
                    WIDTH="2040"
                    HEIGHT="105">
            <Shape><Polygon POINTS="1342 2091 1338 2025 3373 2020 3378 2091 3373 2125 1338 2116"/></Shape>
	    <String CONTENT="mina:ut maiorũ diuina nobilitas monimento litterarũ ueniret ad po&#39;"
                    HPOS="1338"
                    VPOS="2020"
                    WIDTH="2040"
                    HEIGHT="105"></String>
          </TextLine>

          
          
          <TextLine ID="eSc_line_a4821b5b"
                    
                    BASELINE="1338 2166 3382 2179" 
                    HPOS="1330"
                    VPOS="2079"
                    WIDTH="2052"
                    HEIGHT="137">
            <Shape><Polygon POINTS="1338 2166 1338 2079 3378 2091 3382 2179 3373 2216 1330 2195"/></Shape>
	    <String CONTENT="steros. Eit esto nũꝗᷓ ęstimauerim taliũ parum fuisse nume4 qd ꝗᷓmaxi"
                    HPOS="1330"
                    VPOS="2079"
                    WIDTH="2052"
                    HEIGHT="137"></String>
          </TextLine>

          
          
          <TextLine ID="eSc_line_bb1d53cd"
                    
                    BASELINE="1342 2250 3378 2262" 
                    HPOS="1334"
                    VPOS="2183"
                    WIDTH="2044"
                    HEIGHT="100">
            <Shape><Polygon POINTS="1342 2250 1342 2183 3373 2191 3378 2262 3369 2283 1334 2279"/></Shape>
	    <String CONTENT="mus fuerit.Paulus perusinus uir grauis:et taliũ solertissimus:atq;curio"
                    HPOS="1334"
                    VPOS="2183"
                    WIDTH="2044"
                    HEIGHT="100"></String>
          </TextLine>

          
          
          <TextLine ID="eSc_line_0a5b3955"
                    
                    BASELINE="1342 2329 3394 2341" 
                    HPOS="1334"
                    VPOS="2254"
                    WIDTH="2060"
                    HEIGHT="125">
            <Shape><Polygon POINTS="1342 2329 1342 2254 3390 2266 3394 2341 3386 2379 1334 2370"/></Shape>
	    <String CONTENT="sissimus exquisitor:nõ nũꝗᷓ asserit me pręsente a barlaam quodam cala"
                    HPOS="1334"
                    VPOS="2254"
                    WIDTH="2060"
                    HEIGHT="125"></String>
          </TextLine>

          
          
          <TextLine ID="eSc_line_a5928a93"
                    
                    BASELINE="1347 2425 3386 2425" 
                    HPOS="1342"
                    VPOS="2345"
                    WIDTH="2044"
                    HEIGHT="121">
            <Shape><Polygon POINTS="1347 2425 1347 2345 3386 2358 3386 2425 3382 2466 1342 2454"/></Shape>
	    <String CONTENT="bro homine gręcarum litterarum apprime erulito habuisse neminem"
                    HPOS="1342"
                    VPOS="2345"
                    WIDTH="2044"
                    HEIGHT="121"></String>
          </TextLine>

          
          
          <TextLine ID="eSc_line_a9e68ee6"
                    
                    BASELINE="1342 2504 3378 2512" 
                    HPOS="1338"
                    VPOS="2433"
                    WIDTH="2040"
                    HEIGHT="104">
            <Shape><Polygon POINTS="1342 2504 1342 2433 3373 2437 3378 2512 3373 2533 1338 2537"/></Shape>
	    <String CONTENT="insignem uirũ principatu:aut praeminentia alia tota in graecia insulis"
                    HPOS="1338"
                    VPOS="2433"
                    WIDTH="2040"
                    HEIGHT="104"></String>
          </TextLine>

          
          
          <TextLine ID="eSc_line_2780d0bb"
                    
                    BASELINE="1338 2587 3373 2587" 
                    HPOS="1334"
                    VPOS="2516"
                    WIDTH="2039"
                    HEIGHT="109">
            <Shape><Polygon POINTS="1338 2587 1334 2525 3369 2516 3373 2587 3373 2620 1338 2625"/></Shape>
	    <String CONTENT="et littoribus pręmontstratis eo fuisse sęculo quo haec fatuitas uiguit:qui"
                    HPOS="1334"
                    VPOS="2516"
                    WIDTH="2039"
                    HEIGHT="109"></String>
          </TextLine>

          
          
          <TextLine ID="eSc_line_23f6a39f"
                    
                    BASELINE="1342 2670 3378 2670" 
                    HPOS="1338"
                    VPOS="2591"
                    WIDTH="2040"
                    HEIGHT="121">
            <Shape><Polygon POINTS="1342 2670 1338 2608 3373 2591 3378 2670 3378 2695 1342 2712"/></Shape>
	    <String CONTENT="ab aliquo deorũ buiusmodi duxisse originem nõ mõstraret.Quid igit᷑"
                    HPOS="1338"
                    VPOS="2591"
                    WIDTH="2040"
                    HEIGHT="121"></String>
          </TextLine>

          
          
          <TextLine ID="eSc_line_2eb94a8f"
                    
                    BASELINE="1338 2750 3386 2758" 
                    HPOS="1334"
                    VPOS="2683"
                    WIDTH="2052"
                    HEIGHT="108">
            <Shape><Polygon POINTS="1338 2750 1338 2683 3382 2687 3386 2758 3382 2791 1334 2791"/></Shape>
	    <String CONTENT="dlicam: quid tu : spectares tam longe lateq; diffusũ malũ tam uetus:tot"
                    HPOS="1334"
                    VPOS="2683"
                    WIDTH="2052"
                    HEIGHT="108"></String>
          </TextLine>

          
          
          <TextLine ID="eSc_line_c0574aec"
                    
                    BASELINE="1342 2837 3378 2837" 
                    HPOS="1342"
                    VPOS="2775"
                    WIDTH="2036"
                    HEIGHT="104">
            <Shape><Polygon POINTS="1342 2837 1342 2775 3378 2775 3378 2837 3378 2862 1342 2879"/></Shape>
	    <String CONTENT="perseueratum sęculis:tot explicatum uoluminibus: et in tam grandi ui&#39;"
                    HPOS="1342"
                    VPOS="2775"
                    WIDTH="2036"
                    HEIGHT="104"></String>
          </TextLine>

          
          
          <TextLine ID="eSc_line_f232d205"
                    
                    BASELINE="1342 2912 3378 2925" 
                    HPOS="1334"
                    VPOS="2841"
                    WIDTH="2044"
                    HEIGHT="125">
            <Shape><Polygon POINTS="1342 2912 1338 2845 3369 2841 3378 2925 3369 2966 1334 2937"/></Shape>
	    <String CONTENT="rorũ numero ampliatũ credis ne me rogis optata posse ꝑficere.Equidẽ"
                    HPOS="1334"
                    VPOS="2841"
                    WIDTH="2044"
                    HEIGHT="125"></String>
          </TextLine>

          
          
          <TextLine ID="eSc_line_6394a9cd"
                    
                    BASELINE="1338 2995 3386 3008" 
                    HPOS="1330"
                    VPOS="2912"
                    WIDTH="2056"
                    HEIGHT="133">
            <Shape><Polygon POINTS="1338 2995 1338 2912 1447 2933 1872 2920 2001 2916 2006 2916 2006 2916 2010 2916 2010 2916 2010 2916 2014 2916 2014 2916 2014 2920 2018 2920 2018 2920 2031 2937 2364 2929 2602 2920 2606 2920 3382 2945 3386 3008 3378 3045 1330 3029"/></Shape>
	    <String CONTENT="si pręstent montes faciles transitus &amp; solitudines inuię apertũ notumq;"
                    HPOS="1330"
                    VPOS="2912"
                    WIDTH="2056"
                    HEIGHT="133"></String>
          </TextLine>

          
          
          <TextLine ID="eSc_line_6e89f5a3"
                    
                    BASELINE="1338 3079 3394 3091" 
                    HPOS="1330"
                    VPOS="3012"
                    WIDTH="2064"
                    HEIGHT="104">
            <Shape><Polygon POINTS="1338 3079 1338 3012 3390 3025 3394 3091 3386 3116 1330 3104"/></Shape>
	    <String CONTENT="itrer.Si flumina uada:et maria tranquililas undas:ac trãsfretanti emittat"
                    HPOS="1330"
                    VPOS="3012"
                    WIDTH="2064"
                    HEIGHT="104"></String>
          </TextLine>

          
          
          <TextLine ID="eSc_line_b4204a79"
                    
                    BASELINE="1338 3162 3390 3179" 
                    HPOS="1330"
                    VPOS="3091"
                    WIDTH="2060"
                    HEIGHT="113">
            <Shape><Polygon POINTS="1338 3162 1338 3091 3386 3104 3390 3179 3382 3204 1330 3187"/></Shape>
	    <String CONTENT="ab antro Aeolus uẽtos tam ualidos ꝗᷓ secundos:et quod maiu s est sint"
                    HPOS="1330"
                    VPOS="3091"
                    WIDTH="2060"
                    HEIGHT="113"></String>
          </TextLine>

          
          
          <TextLine ID="eSc_line_ddd88ee2"
                    
                    BASELINE="1338 3241 3373 3254" 
                    HPOS="1330"
                    VPOS="3179"
                    WIDTH="2043"
                    HEIGHT="108">
            <Shape><Polygon POINTS="1338 3241 1338 3179 3369 3191 3373 3254 3365 3287 1330 3283"/></Shape>
	    <String CONTENT="Argiphõtis talaria aurea uolucri cuicũq; homini alligata pedibus:et pro"
                    HPOS="1330"
                    VPOS="3179"
                    WIDTH="2043"
                    HEIGHT="108"></String>
          </TextLine>

          
          
          <TextLine ID="eSc_line_99141fa7"
                    
                    BASELINE="1342 3329 3378 3345" 
                    HPOS="1334"
                    VPOS="3262"
                    WIDTH="2044"
                    HEIGHT="113">
            <Shape><Polygon POINTS="1342 3329 1342 3262 3373 3262 3378 3345 3369 3375 1334 3350"/></Shape>
	    <String CONTENT="uotis qumocũq; libuerit euodet:uix tam lõgos tetrarũ marisq; tractus.etiã"
                    HPOS="1334"
                    VPOS="3262"
                    WIDTH="2044"
                    HEIGHT="113"></String>
          </TextLine>

          
          
          <TextLine ID="eSc_line_e4aaee72"
                    
                    BASELINE="1338 3416 3373 3416" 
                    HPOS="1338"
                    VPOS="3345"
                    WIDTH="2035"
                    HEIGHT="105">
            <Shape><Polygon POINTS="1338 3416 1338 3345 3373 3354 3373 3416 3373 3450 1338 3450"/></Shape>
	    <String CONTENT="fi ili p̃stetur permaxima sęculorũ annositas nedũ aliud agat:solũ pote&#39;"
                    HPOS="1338"
                    VPOS="3345"
                    WIDTH="2035"
                    HEIGHT="105"></String>
          </TextLine>

          
          
          <TextLine ID="eSc_line_aa132db2"
                    
                    BASELINE="1338 3491 3386 3504" 
                    HPOS="1330"
                    VPOS="3425"
                    WIDTH="2056"
                    HEIGHT="116">
            <Shape><Polygon POINTS="1338 3491 1338 3425 3382 3425 3386 3504 3378 3541 1330 3520"/></Shape>
	    <String CONTENT="rit peragrasse. Cõce dã ãplius dentur cui uelis.haec omnia posse contĩgẽ"
                    HPOS="1330"
                    VPOS="3425"
                    WIDTH="2056"
                    HEIGHT="116"></String>
          </TextLine>

          
          
          <TextLine ID="eSc_line_64654488"
                    
                    BASELINE="1338 3579 3382 3587" 
                    HPOS="1330"
                    VPOS="3504"
                    WIDTH="2052"
                    HEIGHT="112">
            <Shape><Polygon POINTS="1338 3579 1338 3504 3378 3525 3382 3587 3373 3616 1330 3608"/></Shape>
	    <String CONTENT="in momento loca etiam diuina ĩsuper fauente gratia: caracterũ ac ydio&#39;"
                    HPOS="1330"
                    VPOS="3504"
                    WIDTH="2052"
                    HEIGHT="112"></String>
          </TextLine>

          
          
          <TextLine ID="eSc_line_19f43d98"
                    
                    BASELINE="1338 3662 3386 3675" 
                    HPOS="1330"
                    VPOS="3595"
                    WIDTH="2056"
                    HEIGHT="105">
            <Shape><Polygon POINTS="1338 3662 1338 3595 3382 3595 3386 3675 3378 3700 1330 3695"/></Shape>
	    <String CONTENT="matum uariarũ nationũ noticia:et coram accedenti integra prępentur"
                    HPOS="1330"
                    VPOS="3595"
                    WIDTH="2056"
                    HEIGHT="105"></String>
          </TextLine>

          
          
          <TextLine ID="eSc_line_ff5fd445"
                    
                    BASELINE="1347 3745 3390 3758" 
                    HPOS="1338"
                    VPOS="3679"
                    WIDTH="2052"
                    HEIGHT="104">
            <Shape><Polygon POINTS="1347 3745 1347 3679 3390 3691 3390 3758 3382 3783 1338 3770"/></Shape>
	    <String CONTENT="uolumina.quis ut me prętermisterim mortalium erit:cui sint uires tam"
                    HPOS="1338"
                    VPOS="3679"
                    WIDTH="2052"
                    HEIGHT="104"></String>
          </TextLine>

          
          
          <TextLine ID="eSc_line_80935b1f"
                    
                    BASELINE="1342 3829 3390 3841" 
                    HPOS="1334"
                    VPOS="3750"
                    WIDTH="2056"
                    HEIGHT="112">
            <Shape><Polygon POINTS="1342 3829 1342 3750 3386 3766 3390 3841 3382 3862 1334 3854"/></Shape>
	    <String CONTENT="solidę:tam perspicax ingenium:tãq; tenax memoria: ut omnia queat ui"
                    HPOS="1334"
                    VPOS="3750"
                    WIDTH="2056"
                    HEIGHT="112"></String>
          </TextLine>

          
          
          <TextLine ID="eSc_line_d76e024c"
                    
                    BASELINE="1355 3904 3394 3929" 
                    HPOS="1347"
                    VPOS="3837"
                    WIDTH="2047"
                    HEIGHT="154">
            <Shape><Polygon POINTS="1355 3904 1355 3837 3390 3862 3394 3929 3390 3966 3198 3991 3198 3991 3194 3991 2815 3966 2714 3962 2656 3966 2502 3983 2502 3983 2498 3983 2498 3983 2493 3983 2439 3966 2427 3962 2414 3966 2381 3983 2381 3983 2381 3983 2377 3983 2377 3983 2373 3983 2373 3983 2373 3983 2368 3983 2368 3983 2368 3983 2364 3983 2343 3966 2331 3958 2277 3966 2197 3979 2197 3979 2193 3979 2193 3979 2097 3966 2010 3954 1989 3966 1976 3975 1972 3975 1972 3975 1972 3975 1968 3975 1968 3975 1964 3975 1964 3975 1964 3975 1960 3975 1960 3975 1960 3975 1955 3975 1955 3975 1955 3970 1947 3966 1935 3954 1885 3966 1835 3975 1835 3975 1835 3975 1830 3975 1347 3962"/></Shape>
	    <String CONTENT="dere apposita:et ĩtelligere uisa:et ĩtellecta seruare:et dmũ  calamo etiam"
                    HPOS="1347"
                    VPOS="3837"
                    WIDTH="2047"
                    HEIGHT="154"></String>
          </TextLine>

          
        </TextBlock>
        

        
      </PrintSpace>
    </Page>
  </Layout>
</alto>
