<?xml version="1.0" encoding="UTF-8"?>
<alto xmlns:xsi="http://www.w3.org/2001/XMLSchema-instance"
      xmlns="http://www.loc.gov/standards/alto/ns-v4#"
      xsi:schemaLocation="http://www.loc.gov/standards/alto/ns-v4# http://www.loc.gov/standards/alto/v4/alto-4-2.xsd">
  <Description>
    <MeasurementUnit>pixel</MeasurementUnit>
    <sourceImageInformation>
      <fileName>32_b95bc_default.jpg</fileName>
      <fileIdentifier>https://mazarinum.bibliotheque-mazarine.fr/i/?IIIF=/af/0a/c2/41/af0ac241-0f82-4dc2-a6df-bb95b17c4e73/iiif/751063002_inc59_0033.tif/full/full/0/default.jpg</fileIdentifier>
    </sourceImageInformation>
  </Description>
  
  <Tags>
    <OtherTag ID="BT1" LABEL="Title" DESCRIPTION="block type Title"/><OtherTag ID="BT2" LABEL="Main" DESCRIPTION="block type Main"/><OtherTag ID="BT3" LABEL="Commentary" DESCRIPTION="block type Commentary"/><OtherTag ID="BT4" LABEL="Illustration" DESCRIPTION="block type Illustration"/><OtherTag ID="BT1467" LABEL="Page" DESCRIPTION="block type Page"/>
    <OtherTag ID="LT1" LABEL="Main" DESCRIPTION="line type Main"/><OtherTag ID="LT2" LABEL="Numbering" DESCRIPTION="line type Numbering"/><OtherTag ID="LT3" LABEL="Correction" DESCRIPTION="line type Correction"/><OtherTag ID="LT4" LABEL="Signature" DESCRIPTION="line type Signature"/>
  </Tags>
  
  <Layout>
    <Page WIDTH="3667"
          HEIGHT="5000"
          PHYSICAL_IMG_NR="24"
          ID="eSc_dummypage_">
      <PrintSpace HPOS="0"
                  VPOS="0"
                  WIDTH="3667"
                  HEIGHT="5000">
        
        <TextBlock HPOS="380"
                   VPOS="495"
                   WIDTH="2115"
                   HEIGHT="3472"
                   ID="eSc_textblock_8f1735d5"
                   TAGREFS="BT2">
          <Shape><Polygon POINTS="397 3967 380 3417 380 495 2495 495 2495 3967"/></Shape>
          
          
          <TextLine ID="eSc_line_a9896da3"
                    
                    BASELINE="383 583 2441 554" 
                    HPOS="375"
                    VPOS="454"
                    WIDTH="2066"
                    HEIGHT="158">
            <Shape><Polygon POINTS="383 583 375 479 926 497 1070 475 1162 466 1166 466 1170 466 1204 475 1250 487 1266 475 1279 462 1283 462 1287 462 1291 462 1408 475 1491 483 1512 475 1545 458 1550 458 1554 458 1708 475 1766 479 1808 475 1937 454 1941 454 2433 475 2441 554 2437 591 383 612"/></Shape>
	    <String CONTENT="quirere:&amp; tot uolumina uoluere legere: &amp; hincinde excerpere perpauca"
                    HPOS="375"
                    VPOS="454"
                    WIDTH="2066"
                    HEIGHT="158"></String>
          </TextLine>

          
          
          <TextLine ID="eSc_line_d98f80ef"
                    
                    BASELINE="383 662 2441 641" 
                    HPOS="375"
                    VPOS="566"
                    WIDTH="2066"
                    HEIGHT="121">
            <Shape><Polygon POINTS="383 662 375 595 529 570 533 570 770 587 783 570 787 570 787 566 791 566 795 566 800 566 2433 570 2441 641 2437 670 383 687"/></Shape>
	    <String CONTENT="Credo satius desistẽdũ. Ast ille defixis luminibus ĩquit.Nõ me latebat"
                    HPOS="375"
                    VPOS="566"
                    WIDTH="2066"
                    HEIGHT="121"></String>
          </TextLine>

          
          
          <TextLine ID="eSc_line_e1e6dfd5"
                    
                    BASELINE="387 745 2437 725" 
                    HPOS="379"
                    VPOS="645"
                    WIDTH="2058"
                    HEIGHT="125">
            <Shape><Polygon POINTS="387 745 379 679 2425 645 2437 725 2433 758 387 770"/></Shape>
	    <String CONTENT="quin aduersum moderatam petitionem meã haberes quid diceres: sed"
                    HPOS="379"
                    VPOS="645"
                    WIDTH="2058"
                    HEIGHT="125"></String>
          </TextLine>

          
          
          <TextLine ID="eSc_line_61e13a7d"
                    
                    BASELINE="387 833 2441 812" 
                    HPOS="375"
                    VPOS="729"
                    WIDTH="2066"
                    HEIGHT="125">
            <Shape><Polygon POINTS="387 833 375 766 450 741 454 741 454 741 454 741 458 741 733 758 754 758 766 758 875 737 875 737 879 737 879 737 1033 754 1062 754 2429 729 2441 812 2437 845 387 854"/></Shape>
	    <String CONTENT="nõ adeo me repelles:quin loculus remaneat aliqus:in quẽ fugiam. Nõ"
                    HPOS="375"
                    VPOS="729"
                    WIDTH="2066"
                    HEIGHT="125"></String>
          </TextLine>

          
          
          <TextLine ID="eSc_line_b5aac442"
                    
                    BASELINE="383 916 2441 891" 
                    HPOS="370"
                    VPOS="816"
                    WIDTH="2071"
                    HEIGHT="125">
            <Shape><Polygon POINTS="383 916 370 850 420 825 420 825 420 825 425 825 425 825 429 825 1025 837 1104 816 1108 816 1108 816 1112 816 2433 825 2441 891 2441 920 383 941"/></Shape>
	    <String CONTENT="equidem negabo quod asseris.Verũ iam secũdo dixise uelim:quod po"
                    HPOS="370"
                    VPOS="816"
                    WIDTH="2071"
                    HEIGHT="125"></String>
          </TextLine>

          
          
          <TextLine ID="eSc_line_5398d065"
                    
                    BASELINE="395 1000 2446 975" 
                    HPOS="383"
                    VPOS="891"
                    WIDTH="2063"
                    HEIGHT="134">
            <Shape><Polygon POINTS="395 1000 383 937 475 912 479 912 479 912 479 912 483 912 729 929 1475 900 1479 900 1687 916 1779 895 1783 895 1783 895 1787 895 2075 912 2100 891 2100 891 2104 891 2104 891 2104 891 2108 891 2108 891 2108 891 2112 891 2437 912 2446 975 2441 1012 395 1025"/></Shape>
	    <String CONTENT="tes facito hãc portiũculam: quã bĩcinde excerpisse poteris : Rex noster"
                    HPOS="383"
                    VPOS="891"
                    WIDTH="2063"
                    HEIGHT="134"></String>
          </TextLine>

          
          
          <TextLine ID="eSc_line_b2427c34"
                    
                    BASELINE="387 1083 2446 1062" 
                    HPOS="379"
                    VPOS="995"
                    WIDTH="2067"
                    HEIGHT="109">
            <Shape><Polygon POINTS="387 1083 379 1016 2433 995 2446 1062 2441 1095 387 1104"/></Shape>
	    <String CONTENT="exoptat. Poteris ne istd&#39; denegasse:sed heu tiẽo:ne has tibi torpor igna."
                    HPOS="379"
                    VPOS="995"
                    WIDTH="2067"
                    HEIGHT="109"></String>
          </TextLine>

          
          
          <TextLine ID="eSc_line_3b04b0a9"
                    
                    BASELINE="391 1162 2446 1145" 
                    HPOS="383"
                    VPOS="1066"
                    WIDTH="2063"
                    HEIGHT="121">
            <Shape><Polygon POINTS="391 1162 383 1100 987 1070 991 1070 1300 1087 1408 1066 1408 1066 1412 1066 2437 1083 2446 1145 2441 1175 391 1187"/></Shape>
	    <String CONTENT="uus rõnes p̃paret:ut laborẽ effugias. Nihil nẽpe turpius ocioso iuuene"
                    HPOS="383"
                    VPOS="1066"
                    WIDTH="2063"
                    HEIGHT="121"></String>
          </TextLine>

          
          
          <TextLine ID="eSc_line_3085cf0b"
                    
                    BASELINE="387 1250 2446 1229" 
                    HPOS="375"
                    VPOS="1158"
                    WIDTH="2071"
                    HEIGHT="112">
            <Shape><Polygon POINTS="387 1250 375 1187 454 1162 458 1162 458 1162 458 1162 462 1162 750 1179 783 1158 787 1158 787 1158 787 1158 791 1158 791 1158 795 1158 2437 1166 2446 1229 2446 1258 387 1270"/></Shape>
	    <String CONTENT="&amp; si laborandũ est: quum omnes ad laborem nascãtur. cui melius ꝗᷓ re&#39;"
                    HPOS="375"
                    VPOS="1158"
                    WIDTH="2071"
                    HEIGHT="112"></String>
          </TextLine>

          
          
          <TextLine ID="eSc_line_0c1dc004"
                    
                    BASELINE="395 1329 2437 1312" 
                    HPOS="387"
                    VPOS="1233"
                    WIDTH="2050"
                    HEIGHT="133">
            <Shape><Polygon POINTS="395 1329 387 1266 2425 1233 2437 1312 2433 1345 395 1366"/></Shape>
	    <String CONTENT="gi optimo potes laborem impeudere.Surge igitur: &amp; inertiam hãc pel"
                    HPOS="387"
                    VPOS="1233"
                    WIDTH="2050"
                    HEIGHT="133"></String>
          </TextLine>

          
          
          <TextLine ID="eSc_line_962fe5b8"
                    
                    BASELINE="395 1420 2441 1395" 
                    HPOS="387"
                    VPOS="1320"
                    WIDTH="2054"
                    HEIGHT="121">
            <Shape><Polygon POINTS="395 1420 387 1337 2429 1320 2441 1395 2437 1437 395 1441"/></Shape>
	    <String CONTENT="le:&amp; ad opus ingenti attingere animo:ut regi pariter pareas:&amp; tuo noĩ"
                    HPOS="387"
                    VPOS="1320"
                    WIDTH="2054"
                    HEIGHT="121"></String>
          </TextLine>

          
          
          <TextLine ID="eSc_line_ed063f2d"
                    
                    BASELINE="391 1500 2441 1483" 
                    HPOS="383"
                    VPOS="1416"
                    WIDTH="2058"
                    HEIGHT="109">
            <Shape><Polygon POINTS="391 1500 383 1437 2429 1416 2441 1483 2437 1516 391 1525"/></Shape>
	    <String CONTENT="ad inclytam famam uiam facias. Venies profecto si prudens es: ultro"
                    HPOS="383"
                    VPOS="1416"
                    WIDTH="2058"
                    HEIGHT="109"></String>
          </TextLine>

          
          
          <TextLine ID="eSc_line_1779f1fb"
                    
                    BASELINE="391 1583 2446 1566" 
                    HPOS="379"
                    VPOS="1487"
                    WIDTH="2067"
                    HEIGHT="121">
            <Shape><Polygon POINTS="391 1583 379 1520 450 1495 454 1495 454 1495 454 1495 458 1495 841 1512 891 1512 904 1512 983 1491 987 1491 987 1491 991 1491 991 1491 1154 1508 1191 1508 2433 1487 2446 1566 2441 1600 391 1608"/></Shape>
	    <String CONTENT="eo quo ego te conor ĩpellere. Nosti enĩ quoniam labor improbus uĩcat"
                    HPOS="379"
                    VPOS="1487"
                    WIDTH="2067"
                    HEIGHT="121"></String>
          </TextLine>

          
          
          <TextLine ID="eSc_line_6d524312"
                    
                    BASELINE="395 1666 2446 1650" 
                    HPOS="387"
                    VPOS="1575"
                    WIDTH="2059"
                    HEIGHT="116">
            <Shape><Polygon POINTS="395 1666 387 1604 941 1575 945 1575 2437 1587 2446 1650 2441 1687 395 1691"/></Shape>
	    <String CONTENT="omnia:audentesq; fortuna iuu&amp;.&amp; multo magis deus ipse nũꝗᷓ deserẽs:"
                    HPOS="387"
                    VPOS="1575"
                    WIDTH="2059"
                    HEIGHT="116"></String>
          </TextLine>

          
          
          <TextLine ID="eSc_line_05cb53dd"
                    
                    BASELINE="400 1750 2441 1737" 
                    HPOS="395"
                    VPOS="1666"
                    WIDTH="2046"
                    HEIGHT="113">
            <Shape><Polygon POINTS="400 1750 395 1666 2433 1670 2441 1737 2437 1779 400 1779"/></Shape>
	    <String CONTENT="sperantes in se. Vade igitur et bonis auibus uolue &amp; euolue:&amp; exentẽa"
                    HPOS="395"
                    VPOS="1666"
                    WIDTH="2046"
                    HEIGHT="113"></String>
          </TextLine>

          
          
          <TextLine ID="eSc_line_e039e386"
                    
                    BASELINE="400 1833 2454 1820" 
                    HPOS="395"
                    VPOS="1750"
                    WIDTH="2059"
                    HEIGHT="112">
            <Shape><Polygon POINTS="400 1833 395 1750 2446 1754 2454 1820 2450 1862 400 1862"/></Shape>
	    <String CONTENT="libros:calamũ arripe:&amp; dũ regi obsequeris tuum nomen in longissmũ"
                    HPOS="395"
                    VPOS="1750"
                    WIDTH="2059"
                    HEIGHT="112"></String>
          </TextLine>

          
          
          <TextLine ID="eSc_line_93f619c6"
                    
                    BASELINE="400 1912 2458 1904" 
                    HPOS="383"
                    VPOS="1829"
                    WIDTH="2075"
                    HEIGHT="116">
            <Shape><Polygon POINTS="400 1912 383 1854 416 1829 416 1829 420 1829 420 1829 420 1829 425 1829 425 1829 429 1829 2450 1833 2458 1904 2454 1945 400 1945"/></Shape>
	    <String CONTENT="deduc euum.Tũ ego uincor inꝗ̃ magis fere lepiditate uerborum:ꝗᷓ uiri"
                    HPOS="383"
                    VPOS="1829"
                    WIDTH="2075"
                    HEIGHT="116"></String>
          </TextLine>

          
          
          <TextLine ID="eSc_line_8485a1bb"
                    
                    BASELINE="400 2000 2458 1987" 
                    HPOS="395"
                    VPOS="1920"
                    WIDTH="2063"
                    HEIGHT="109">
            <Shape><Polygon POINTS="400 2000 395 1920 2450 1925 2458 1987 2450 2029 395 2025"/></Shape>
	    <String CONTENT="bus rationum.Vrges &amp; enim me impellis:trahis:&amp; ut paream:si nolim"
                    HPOS="395"
                    VPOS="1920"
                    WIDTH="2063"
                    HEIGHT="109"></String>
          </TextLine>

          
          
          <TextLine ID="eSc_line_4179f143"
                    
                    BASELINE="400 2079 2454 2070" 
                    HPOS="391"
                    VPOS="2000"
                    WIDTH="2063"
                    HEIGHT="112">
            <Shape><Polygon POINTS="400 2079 391 2016 2441 2000 2454 2070 2446 2112 395 2108"/></Shape>
	    <String CONTENT="uelim necesse est.Et sic clementissme rex:ut ad te calamũ aliqũ flectã:"
                    HPOS="391"
                    VPOS="2000"
                    WIDTH="2063"
                    HEIGHT="112"></String>
          </TextLine>

          
          
          <TextLine ID="eSc_line_2000d650"
                    
                    BASELINE="400 2162 2462 2162" 
                    HPOS="395"
                    VPOS="2100"
                    WIDTH="2067"
                    HEIGHT="95">
            <Shape><Polygon POINTS="400 2162 400 2100 2462 2100 2462 2162 2458 2195 395 2187"/></Shape>
	    <String CONTENT="aliquandiu altricati sumus:Doninus tuus et ego:et seu ualeam seu non"
                    HPOS="395"
                    VPOS="2100"
                    WIDTH="2067"
                    HEIGHT="95"></String>
          </TextLine>

          
          
          <TextLine ID="eSc_line_c88b8a9d"
                    
                    BASELINE="400 2245 2462 2245" 
                    HPOS="395"
                    VPOS="2166"
                    WIDTH="2067"
                    HEIGHT="109">
            <Shape><Polygon POINTS="400 2245 395 2183 2458 2166 2462 2245 2462 2275 400 2275"/></Shape>
	    <String CONTENT="ulaeam: ad ultimum uictus in tuam sententiam impulsus uenio:ꝗbus"
                    HPOS="395"
                    VPOS="2166"
                    WIDTH="2067"
                    HEIGHT="109"></String>
          </TextLine>

          
          
          <TextLine ID="eSc_line_6239bbe8"
                    
                    BASELINE="400 2325 2462 2333" 
                    HPOS="391"
                    VPOS="2258"
                    WIDTH="2071"
                    HEIGHT="100">
            <Shape><Polygon POINTS="400 2325 400 2258 2458 2266 2462 2333 2454 2358 391 2350"/></Shape>
	    <String CONTENT="tamen uiribus tu uides. Iussu igitur tuo montanis certaldi cocleis: &amp; ste"
                    HPOS="391"
                    VPOS="2258"
                    WIDTH="2071"
                    HEIGHT="100"></String>
          </TextLine>

          
          
          <TextLine ID="eSc_line_31fab291"
                    
                    BASELINE="400 2412 2458 2404" 
                    HPOS="391"
                    VPOS="2341"
                    WIDTH="2067"
                    HEIGHT="104">
            <Shape><Polygon POINTS="400 2412 391 2350 2446 2341 2458 2404 2454 2433 400 2445"/></Shape>
	    <String CONTENT="rili solo:derelictis tenui:licet cymba in uerticinosum mare crebrisq; im&#39;"
                    HPOS="391"
                    VPOS="2341"
                    WIDTH="2067"
                    HEIGHT="104"></String>
          </TextLine>

          
          
          <TextLine ID="eSc_line_4ad3a5c2"
                    
                    BASELINE="404 2500 2462 2500" 
                    HPOS="400"
                    VPOS="2425"
                    WIDTH="2062"
                    HEIGHT="112">
            <Shape><Polygon POINTS="404 2500 400 2433 2458 2425 2462 2500 2462 2529 404 2537"/></Shape>
	    <String CONTENT="plicitũ scopulis nouus descendam nauta incertus nunquid opere p̃ciũ"
                    HPOS="400"
                    VPOS="2425"
                    WIDTH="2062"
                    HEIGHT="112"></String>
          </TextLine>

          
          
          <TextLine ID="eSc_line_26e11904"
                    
                    BASELINE="404 2575 2458 2583" 
                    HPOS="400"
                    VPOS="2500"
                    WIDTH="2058"
                    HEIGHT="108">
            <Shape><Polygon POINTS="404 2575 400 2508 2450 2500 2458 2583 2454 2604 400 2608"/></Shape>
	    <String CONTENT="facturus sim.si omnia legero littora:et montuosa etiam nemora scro&#39;"
                    HPOS="400"
                    VPOS="2500"
                    WIDTH="2058"
                    HEIGHT="108"></String>
          </TextLine>

          
          
          <TextLine ID="eSc_line_69a99d6b"
                    
                    BASELINE="404 2670 2458 2662" 
                    HPOS="395"
                    VPOS="2587"
                    WIDTH="2063"
                    HEIGHT="104">
            <Shape><Polygon POINTS="404 2670 395 2595 2446 2587 2458 2662 2454 2683 404 2691"/></Shape>
	    <String CONTENT="bes:&amp; antra:si opus sit peragrauero pedibus ad intferos usque descen&#39;"
                    HPOS="395"
                    VPOS="2587"
                    WIDTH="2063"
                    HEIGHT="104"></String>
          </TextLine>

          
          
          <TextLine ID="eSc_line_816ead89"
                    
                    BASELINE="404 2745 2458 2754" 
                    HPOS="395"
                    VPOS="2670"
                    WIDTH="2063"
                    HEIGHT="113">
            <Shape><Polygon POINTS="404 2745 400 2675 2450 2670 2458 2754 2450 2783 395 2766"/></Shape>
	    <String CONTENT="dere:et Dedalus alter factus: ad aethera transuolauero undiq; in tuum"
                    HPOS="395"
                    VPOS="2670"
                    WIDTH="2063"
                    HEIGHT="113"></String>
          </TextLine>

          
          
          <TextLine ID="eSc_line_3029c554"
                    
                    BASELINE="400 2833 2458 2833" 
                    HPOS="395"
                    VPOS="2750"
                    WIDTH="2063"
                    HEIGHT="120">
            <Shape><Polygon POINTS="400 2833 400 2750 2458 2766 2458 2833 2454 2870 395 2858"/></Shape>
	    <String CONTENT="desyderiũ:non aliter ꝗᷓ si per uastum littus ingentis naufragii:fragmẽta"
                    HPOS="395"
                    VPOS="2750"
                    WIDTH="2063"
                    HEIGHT="120"></String>
          </TextLine>

          
          
          <TextLine ID="eSc_line_18cd9c3e"
                    
                    BASELINE="404 2920 2458 2912" 
                    HPOS="395"
                    VPOS="2845"
                    WIDTH="2063"
                    HEIGHT="113">
            <Shape><Polygon POINTS="404 2920 395 2850 2446 2845 2458 2912 2454 2937 404 2958"/></Shape>
	    <String CONTENT="colligerem:sparsas per infinita poene uolumina deorum gentiliũ reli&#39;"
                    HPOS="395"
                    VPOS="2845"
                    WIDTH="2063"
                    HEIGHT="113"></String>
          </TextLine>

          
          
          <TextLine ID="eSc_line_60ca3e06"
                    
                    BASELINE="408 3004 2462 3004" 
                    HPOS="404"
                    VPOS="2920"
                    WIDTH="2058"
                    HEIGHT="113">
            <Shape><Polygon POINTS="408 3004 404 2937 2458 2920 2462 3004 2462 3029 408 3033"/></Shape>
	    <String CONTENT="quias coligam:quas comperiã: et collectas euo diminutas : atq; semes"
                    HPOS="404"
                    VPOS="2920"
                    WIDTH="2058"
                    HEIGHT="113"></String>
          </TextLine>

          
          
          <TextLine ID="eSc_line_72053bd1"
                    
                    BASELINE="408 3079 2458 3091" 
                    HPOS="400"
                    VPOS="3008"
                    WIDTH="2058"
                    HEIGHT="117">
            <Shape><Polygon POINTS="408 3079 408 3008 2454 3016 2458 3091 2450 3125 400 3100"/></Shape>
	    <String CONTENT="sas:et fere attritas in unum genealogię corpus:quo potero ordĩe ut tuo"
                    HPOS="400"
                    VPOS="3008"
                    WIDTH="2058"
                    HEIGHT="117"></String>
          </TextLine>

          
          
          <TextLine ID="eSc_line_69fb2183"
                    
                    BASELINE="404 3162 2458 3175" 
                    HPOS="395"
                    VPOS="3095"
                    WIDTH="2063"
                    HEIGHT="105">
            <Shape><Polygon POINTS="404 3162 404 3095 2454 3108 2458 3175 2450 3200 395 3183"/></Shape>
	    <String CONTENT="sruaris uoto redigam.Horesco tamẽ tam grãde opus assumere: et uix"
                    HPOS="395"
                    VPOS="3095"
                    WIDTH="2063"
                    HEIGHT="105"></String>
          </TextLine>

          
          
          <TextLine ID="eSc_line_9fb585b4"
                    
                    BASELINE="412 3250 2458 3258" 
                    HPOS="404"
                    VPOS="3170"
                    WIDTH="2054"
                    HEIGHT="121">
            <Shape><Polygon POINTS="412 3250 408 3179 2450 3170 2458 3258 2450 3291 404 3270"/></Shape>
	    <String CONTENT="credã:s resurgat et ueĩat promethe⁹  alter seu is id̃e ꝗ poetarum assertõ"
                    HPOS="404"
                    VPOS="3170"
                    WIDTH="2054"
                    HEIGHT="121"></String>
          </TextLine>

          
          
          <TextLine ID="eSc_line_adec3ba9"
                    
                    BASELINE="412 3329 2458 3341" 
                    HPOS="404"
                    VPOS="3254"
                    WIDTH="2054"
                    HEIGHT="116">
            <Shape><Polygon POINTS="412 3329 412 3254 2454 3275 2458 3341 2450 3370 404 3354"/></Shape>
	    <String CONTENT="ne prisco tempore consueuerat homines ex luto cõponere nedum ego:"
                    HPOS="404"
                    VPOS="3254"
                    WIDTH="2054"
                    HEIGHT="116"></String>
          </TextLine>

          
          
          <TextLine ID="eSc_line_1a184d89"
                    
                    BASELINE="416 3416 2462 3425" 
                    HPOS="408"
                    VPOS="3329"
                    WIDTH="2054"
                    HEIGHT="125">
            <Shape><Polygon POINTS="416 3416 416 3329 529 3350 2454 3345 2462 3425 2454 3454 408 3441"/></Shape>
	    <String CONTENT="huius operis sit artista sufficiens.Sane ne rex inclyte mireris ĩ posterũ"
                    HPOS="408"
                    VPOS="3329"
                    WIDTH="2054"
                    HEIGHT="125"></String>
          </TextLine>

          
          
          <TextLine ID="eSc_line_853049c9"
                    
                    BASELINE="416 3504 2458 3504" 
                    HPOS="416"
                    VPOS="3429"
                    WIDTH="2042"
                    HEIGHT="100">
            <Shape><Polygon POINTS="416 3504 416 3429 2458 3437 2458 3504 2458 3529 416 3529"/></Shape>
	    <String CONTENT="dixisse uelim:non expectes post multum temporis dispendium:et lon&#39;"
                    HPOS="416"
                    VPOS="3429"
                    WIDTH="2042"
                    HEIGHT="100"></String>
          </TextLine>

          
          
          <TextLine ID="eSc_line_3540d133"
                    
                    BASELINE="420 3583 2462 3595" 
                    HPOS="412"
                    VPOS="3508"
                    WIDTH="2050"
                    HEIGHT="112">
            <Shape><Polygon POINTS="420 3583 416 3512 2454 3508 2462 3595 2454 3620 412 3608"/></Shape>
	    <String CONTENT="gis uigilis ellucubratum opus corp⁹ huiusmodi habere ꝑfectũ. multũ"
                    HPOS="412"
                    VPOS="3508"
                    WIDTH="2050"
                    HEIGHT="112"></String>
          </TextLine>

          
          
          <TextLine ID="eSc_line_9d667409"
                    
                    BASELINE="420 3662 2462 3675" 
                    HPOS="412"
                    VPOS="3587"
                    WIDTH="2050"
                    HEIGHT="108">
            <Shape><Polygon POINTS="420 3662 420 3587 2458 3600 2462 3675 2454 3695 412 3691"/></Shape>
	    <String CONTENT="quippe et utinã nõ memhrorum pluriũ: &amp; fortasse distortum seu con&#39;"
                    HPOS="412"
                    VPOS="3587"
                    WIDTH="2050"
                    HEIGHT="108"></String>
          </TextLine>

          
          
          <TextLine ID="eSc_line_54492a66"
                    
                    BASELINE="416 3750 2462 3766" 
                    HPOS="408"
                    VPOS="3683"
                    WIDTH="2054"
                    HEIGHT="108">
            <Shape><Polygon POINTS="416 3750 416 3683 2458 3700 2462 3766 2454 3791 408 3783"/></Shape>
	    <String CONTENT="tractum gibbosumq; habendum ẽ. Iam rationibus pręmõstratis.Porro"
                    HPOS="408"
                    VPOS="3683"
                    WIDTH="2054"
                    HEIGHT="108"></String>
          </TextLine>

          
          
          <TextLine ID="eSc_line_822c16c9"
                    
                    BASELINE="420 3829 2462 3850" 
                    HPOS="412"
                    VPOS="3762"
                    WIDTH="2050"
                    HEIGHT="121">
            <Shape><Polygon POINTS="420 3829 420 3762 2458 3770 2462 3850 2454 3883 412 3862"/></Shape>
	    <String CONTENT="princeps eximie uti componenda membra deueniam:sic sensus abscon"
                    HPOS="412"
                    VPOS="3762"
                    WIDTH="2050"
                    HEIGHT="121"></String>
          </TextLine>

          
          
          <TextLine ID="eSc_line_f6af8d18"
                    
                    BASELINE="420 3916 2466 3937" 
                    HPOS="412"
                    VPOS="3837"
                    WIDTH="2054"
                    HEIGHT="367">
            <Shape><Polygon POINTS="420 3916 416 3845 1658 3837 1662 3837 1666 3837 1670 3837 1700 3858 1704 3858 1754 3858 2058 3841 2062 3841 2466 3866 2466 3937 2462 4008 2212 4041 2208 4041 2204 4041 2200 4041 2166 4020 2096 4033 2091 4033 2087 4033 2083 4033 2054 4008 2000 3975 1712 3975 1662 4008 1416 4204 1412 4204 1677 3990 1628 3982 1375 3982 1225 3990 1001 3974 942 3992 951 3986 783 4050 666 4012 412 4008"/></Shape>
	    <String CONTENT="ditos:sub duto cortice enucleando procedam. non tamẽ ad unguẽ iuxta"
                    HPOS="412"
                    VPOS="3837"
                    WIDTH="2054"
                    HEIGHT="367"></String>
          </TextLine>

          
        </TextBlock>
        
        <TextBlock HPOS="450"
                   VPOS="616"
                   WIDTH="29"
                   HEIGHT="13"
                   ID="eSc_textblock_fab3d0c2"
                   TAGREFS="BT">
          <Shape><Polygon POINTS="479 616 479 629 450 629 450 616"/></Shape>
          
        </TextBlock>
        
        <TextBlock HPOS="466"
                   VPOS="700"
                   WIDTH="13"
                   HEIGHT="12"
                   ID="eSc_textblock_32fec1ea"
                   TAGREFS="BT">
          <Shape><Polygon POINTS="479 700 479 712 466 712 466 700"/></Shape>
          
        </TextBlock>
        
        <TextBlock HPOS="466"
                   VPOS="1783"
                   WIDTH="13"
                   HEIGHT="12"
                   ID="eSc_textblock_84f19597"
                   TAGREFS="BT">
          <Shape><Polygon POINTS="479 1783 479 1795 466 1795 466 1783"/></Shape>
          
        </TextBlock>
        
        <TextBlock HPOS="450"
                   VPOS="1700"
                   WIDTH="29"
                   HEIGHT="12"
                   ID="eSc_textblock_69f074b8"
                   TAGREFS="BT">
          <Shape><Polygon POINTS="479 1700 479 1712 450 1712 450 1700"/></Shape>
          
        </TextBlock>
        
        <TextBlock HPOS="466"
                   VPOS="783"
                   WIDTH="13"
                   HEIGHT="12"
                   ID="eSc_textblock_a6012777"
                   TAGREFS="BT">
          <Shape><Polygon POINTS="479 783 479 795 466 795 466 783"/></Shape>
          
        </TextBlock>
        
        <TextBlock HPOS="3020"
                   VPOS="140"
                   WIDTH="153"
                   HEIGHT="128"
                   ID="eSc_textblock_1225837a"
                   TAGREFS="BT1467">
          <Shape><Polygon POINTS="3020 140 3020 268 3173 268 3173 140"/></Shape>
          
        </TextBlock>
        

        
        <TextBlock ID="eSc_dummyblock_">
          
          
          <TextLine ID="eSc_line_89f1a499"
                    
                    BASELINE="3060 227 3152 225" 
                    HPOS="3054"
                    VPOS="75"
                    WIDTH="96"
                    HEIGHT="275">
            <Shape><Polygon POINTS="3058 225 3054 83 3146 75 3150 225 3150 329 3058 350"/></Shape>
	    <String CONTENT="13"
                    HPOS="3054"
                    VPOS="75"
                    WIDTH="96"
                    HEIGHT="275"></String>
          </TextLine>

          
        </TextBlock>
        
      </PrintSpace>
    </Page>
  </Layout>
</alto>
