<?xml version="1.0" encoding="UTF-8"?>
<alto xmlns:xsi="http://www.w3.org/2001/XMLSchema-instance"
      xmlns="http://www.loc.gov/standards/alto/ns-v4#"
      xsi:schemaLocation="http://www.loc.gov/standards/alto/ns-v4# http://www.loc.gov/standards/alto/v4/alto-4-2.xsd">
  <Description>
    <MeasurementUnit>pixel</MeasurementUnit>
    <sourceImageInformation>
      <fileName>8_97ec7_default.jpg</fileName>
      <fileIdentifier>https://mazarinum.bibliotheque-mazarine.fr/i/?IIIF=/af/0a/c2/41/af0ac241-0f82-4dc2-a6df-bb95b17c4e73/iiif/751063002_inc59_0009.tif/full/full/0/default.jpg</fileIdentifier>
    </sourceImageInformation>
  </Description>
  
  <Tags>
    <OtherTag ID="BT1" LABEL="Title" DESCRIPTION="block type Title"/><OtherTag ID="BT2" LABEL="Main" DESCRIPTION="block type Main"/><OtherTag ID="BT3" LABEL="Commentary" DESCRIPTION="block type Commentary"/><OtherTag ID="BT4" LABEL="Illustration" DESCRIPTION="block type Illustration"/><OtherTag ID="BT1467" LABEL="Page" DESCRIPTION="block type Page"/>
    <OtherTag ID="LT1" LABEL="Main" DESCRIPTION="line type Main"/><OtherTag ID="LT2" LABEL="Numbering" DESCRIPTION="line type Numbering"/><OtherTag ID="LT3" LABEL="Correction" DESCRIPTION="line type Correction"/><OtherTag ID="LT4" LABEL="Signature" DESCRIPTION="line type Signature"/>
  </Tags>
  
  <Layout>
    <Page WIDTH="3833"
          HEIGHT="5000"
          PHYSICAL_IMG_NR="0"
          ID="eSc_dummypage_">
      <PrintSpace HPOS="0"
                  VPOS="0"
                  WIDTH="3833"
                  HEIGHT="5000">
        
        <TextBlock HPOS="534"
                   VPOS="966"
                   WIDTH="262"
                   HEIGHT="349"
                   ID="eSc_textblock_d24c41d4"
                   TAGREFS="BT2">
          <Shape><Polygon POINTS="796 966 796 1315 534 1315 534 966"/></Shape>
          
          
          <TextLine ID="eSc_line_4cecd2d6"
                    
                    BASELINE="540 1279 550 1279 565 1279 617 1279 672 1281 699 1281 740 1289 745 1289 786 1289 786 1279" 
                    HPOS="534"
                    VPOS="975"
                    WIDTH="292"
                    HEIGHT="345">
            <Shape><Polygon POINTS="538 1275 538 1187 534 1181 537 1141 544 975 826 979 791 1111 785 1095 721 1091 788 1095 784 1275 784 1291 709 1320 704 1320 700 1320 696 1320 625 1300 588 1291 538 1304"/></Shape>
	    <String CONTENT="G"
                    HPOS="534"
                    VPOS="975"
                    WIDTH="292"
                    HEIGHT="345"></String>
          </TextLine>

          
        </TextBlock>
        
        <TextBlock HPOS="484"
                   VPOS="1495"
                   WIDTH="195"
                   HEIGHT="160"
                   ID="eSc_textblock_cfa94272"
                   TAGREFS="BT2">
          <Shape><Polygon POINTS="484 1495 484 1655 679 1655 679 1495"/></Shape>
          
          
          <TextLine ID="eSc_line_01b84ee2"
                    
                    BASELINE="484 1652 669 1649" 
                    HPOS="458"
                    VPOS="1495"
                    WIDTH="209"
                    HEIGHT="184">
            <Shape><Polygon POINTS="483 1650 458 1502 657 1495 667 1645 658 1679 479 1675"/></Shape>
	    <String CONTENT="Q"
                    HPOS="458"
                    VPOS="1495"
                    WIDTH="209"
                    HEIGHT="184"></String>
          </TextLine>

          
        </TextBlock>
        
        <TextBlock HPOS="483"
                   VPOS="989"
                   WIDTH="1097"
                   HEIGHT="2973"
                   ID="eSc_textblock_01a7cb89"
                   TAGREFS="BT2">
          <Shape><Polygon POINTS="1580 1066 1568 2635 1556 2635 1556 2655 1568 2655 1568 2687 1445 2687 1445 2759 1567 2759 1566 2935 1562 2935 1562 3191 1023 3191 1023 3257 1562 3257 1562 3360 683 3360 683 3411 1536 3411 1536 3525 683 3525 683 3545 673 3545 673 3586 1562 3586 1562 3612 1564 3612 1564 3787 719 3787 719 3848 1511 3848 1511 3932 1480 3962 600 3945 500 3929 483 3829 498 1650 679 1650 679 1504 499 1504 500 1333 603 1320 822 1320 822 1012 820 1012 820 1005 895 989 1533 989"/></Shape>
          
          
          <TextLine ID="eSc_line_48447c40"
                    
                    BASELINE="796 1054 1547 1054" 
                    HPOS="796"
                    VPOS="966"
                    WIDTH="751"
                    HEIGHT="113">
            <Shape><Polygon POINTS="796 1054 796 966 1547 979 1547 1054 1547 1079 796 1079"/></Shape>
	    <String CONTENT="Enealogię deorum gen&#39;"
                    HPOS="796"
                    VPOS="966"
                    WIDTH="751"
                    HEIGHT="113"></String>
          </TextLine>

          
          
          <TextLine ID="eSc_line_c1a38912"
                    
                    BASELINE="813 1141 1530 1137" 
                    HPOS="800"
                    VPOS="1050"
                    WIDTH="730"
                    HEIGHT="112">
            <Shape><Polygon POINTS="813 1141 800 1075 855 1050 855 1050 859 1050 859 1050 863 1050 1522 1050 1530 1137 1522 1162 809 1158"/></Shape>
	    <String CONTENT="tilium ad Vgonem in&#39;"
                    HPOS="800"
                    VPOS="1050"
                    WIDTH="730"
                    HEIGHT="112"></String>
          </TextLine>

          
          
          <TextLine ID="eSc_line_a448f334"
                    
                    BASELINE="817 1229 1543 1216" 
                    HPOS="809"
                    VPOS="1137"
                    WIDTH="734"
                    HEIGHT="117">
            <Shape><Polygon POINTS="817 1229 809 1154 1530 1137 1543 1216 1539 1237 817 1254"/></Shape>
	    <String CONTENT="clytum Hierusalem̃ &amp; Cy&#39;"
                    HPOS="809"
                    VPOS="1137"
                    WIDTH="734"
                    HEIGHT="117"></String>
          </TextLine>

          
          
          <TextLine ID="eSc_line_ae7052bc"
                    
                    BASELINE="821 1304 1543 1312" 
                    HPOS="817"
                    VPOS="1220"
                    WIDTH="726"
                    HEIGHT="113">
            <Shape><Polygon POINTS="821 1304 817 1229 1534 1220 1543 1312 1539 1333 817 1333"/></Shape>
	    <String CONTENT="pri regem secundum Io&#39;"
                    HPOS="817"
                    VPOS="1220"
                    WIDTH="726"
                    HEIGHT="113"></String>
          </TextLine>

          
          
          <TextLine ID="eSc_line_40c1b166"
                    
                    BASELINE="500 1383 1543 1395" 
                    HPOS="492"
                    VPOS="1308"
                    WIDTH="1051"
                    HEIGHT="104">
            <Shape><Polygon POINTS="500 1383 500 1308 1543 1308 1543 1395 1534 1412 492 1400"/></Shape>
	    <String CONTENT="hannem Boccatiũ de certaldo liber"
                    HPOS="492"
                    VPOS="1308"
                    WIDTH="1051"
                    HEIGHT="104"></String>
          </TextLine>

          
          
          <TextLine ID="eSc_line_380ed4cf"
                    
                    BASELINE="500 1479 1522 1475" 
                    HPOS="492"
                    VPOS="1395"
                    WIDTH="1030"
                    HEIGHT="113">
            <Shape><Polygon POINTS="500 1479 492 1412 1509 1395 1522 1475 1518 1508 497 1503"/></Shape>
	    <String CONTENT="primus incipit feliciter. ꝓhemiũ."
                    HPOS="492"
                    VPOS="1395"
                    WIDTH="1030"
                    HEIGHT="113"></String>
          </TextLine>

          
          
          <TextLine ID="eSc_line_fa3dedd7"
                    
                    BASELINE="675 1562 1543 1562" 
                    HPOS="675"
                    VPOS="1470"
                    WIDTH="868"
                    HEIGHT="113">
            <Shape><Polygon POINTS="675 1562 675 1470 1543 1479 1543 1562 1543 1583 675 1583"/></Shape>
	    <String CONTENT="Vis primus apud gẽtiles de⁹"
                    HPOS="675"
                    VPOS="1470"
                    WIDTH="868"
                    HEIGHT="113"></String>
          </TextLine>

          
          
          <TextLine ID="eSc_line_ce89b2c2"
                    
                    BASELINE="684 1649 1543 1650" 
                    HPOS="675"
                    VPOS="1550"
                    WIDTH="864"
                    HEIGHT="129">
            <Shape><Polygon POINTS="679 1645 679 1550 809 1575 1534 1575 1539 1650 1534 1662 675 1679"/></Shape>
	    <String CONTENT="habitus sit. In arbore signata"
                    HPOS="675"
                    VPOS="1550"
                    WIDTH="864"
                    HEIGHT="129"></String>
          </TextLine>

          
          
          <TextLine ID="eSc_line_914fe7bc"
                    
                    BASELINE="500 1725 1543 1733" 
                    HPOS="490"
                    VPOS="1637"
                    WIDTH="1053"
                    HEIGHT="113">
            <Shape><Polygon POINTS="500 1725 490 1637 1534 1641 1543 1733 1534 1750 492 1741"/></Shape>
	    <String CONTENT="desuper ponitur in culmine demo&#39;"
                    HPOS="490"
                    VPOS="1637"
                    WIDTH="1053"
                    HEIGHT="113"></String>
          </TextLine>

          
          
          <TextLine ID="eSc_line_e47dc35a"
                    
                    BASELINE="500 1808 1534 1816" 
                    HPOS="496"
                    VPOS="1733"
                    WIDTH="1038"
                    HEIGHT="104">
            <Shape><Polygon POINTS="500 1808 500 1733 1530 1737 1534 1816 1530 1833 496 1837"/></Shape>
	    <String CONTENT="gornon uersa in cęlum radice : nec"
                    HPOS="496"
                    VPOS="1733"
                    WIDTH="1038"
                    HEIGHT="104"></String>
          </TextLine>

          
          
          <TextLine ID="eSc_line_05d6a555"
                    
                    BASELINE="500 1895 1543 1904" 
                    HPOS="496"
                    VPOS="1816"
                    WIDTH="1047"
                    HEIGHT="104">
            <Shape><Polygon POINTS="500 1895 500 1816 1539 1816 1543 1904 1539 1920 496 1920"/></Shape>
	    <String CONTENT="solum infra descriptę progeniei sed"
                    HPOS="496"
                    VPOS="1816"
                    WIDTH="1047"
                    HEIGHT="104"></String>
          </TextLine>

          
          
          <TextLine ID="eSc_line_ca154133"
                    
                    BASELINE="500 1975 1547 1983" 
                    HPOS="492"
                    VPOS="1895"
                    WIDTH="1055"
                    HEIGHT="121">
            <Shape><Polygon POINTS="500 1975 496 1904 1543 1895 1547 1983 1539 2016 492 1995"/></Shape>
	    <String CONTENT="deorum omnium gentilium pater"
                    HPOS="492"
                    VPOS="1895"
                    WIDTH="1055"
                    HEIGHT="121"></String>
          </TextLine>

          
          
          <TextLine ID="eSc_line_eb860738"
                    
                    BASELINE="500 2058 1539 2070" 
                    HPOS="492"
                    VPOS="1983"
                    WIDTH="1047"
                    HEIGHT="104">
            <Shape><Polygon POINTS="500 2058 500 1983 1534 1987 1539 2070 1530 2087 492 2075"/></Shape>
	    <String CONTENT="&amp; in ramis &amp; in frondibus ab eo de"
                    HPOS="492"
                    VPOS="1983"
                    WIDTH="1047"
                    HEIGHT="104"></String>
          </TextLine>

          
          
          <TextLine ID="eSc_line_5f24cceb"
                    
                    BASELINE="496 2145 1539 2154" 
                    HPOS="487"
                    VPOS="2050"
                    WIDTH="1052"
                    HEIGHT="129">
            <Shape><Polygon POINTS="496 2145 496 2050 1534 2075 1539 2154 1530 2179 487 2170"/></Shape>
	    <String CONTENT="scendentibus descibuntur eius filii"
                    HPOS="487"
                    VPOS="2050"
                    WIDTH="1052"
                    HEIGHT="129"></String>
          </TextLine>

          
          
          <TextLine ID="eSc_line_79842010"
                    
                    BASELINE="496 2233 1534 2233" 
                    HPOS="492"
                    VPOS="2162"
                    WIDTH="1042"
                    HEIGHT="96">
            <Shape><Polygon POINTS="496 2233 496 2162 1534 2162 1534 2233 1530 2258 492 2254"/></Shape>
	    <String CONTENT="&amp; nepotes de quibus omnibus hoc"
                    HPOS="492"
                    VPOS="2162"
                    WIDTH="1042"
                    HEIGHT="96"></String>
          </TextLine>

          
          
          <TextLine ID="eSc_line_642fab00"
                    
                    BASELINE="496 2316 1526 2316" 
                    HPOS="492"
                    VPOS="2245"
                    WIDTH="1034"
                    HEIGHT="96">
            <Shape><Polygon POINTS="496 2316 496 2245 1526 2250 1526 2316 1522 2341 492 2337"/></Shape>
	    <String CONTENT="in primo libro : prout signati sunt"
                    HPOS="492"
                    VPOS="2245"
                    WIDTH="1034"
                    HEIGHT="96"></String>
          </TextLine>

          
          
          <TextLine ID="eSc_line_aa28f79a"
                    
                    BASELINE="496 2395 1543 2412" 
                    HPOS="483"
                    VPOS="2304"
                    WIDTH="1056"
                    HEIGHT="121">
            <Shape><Polygon POINTS="492 2391 487 2320 750 2304 754 2304 1534 2337 1539 2408 1530 2425 483 2408"/></Shape>
	    <String CONTENT="distincte scribitur. Verum ex eis"
                    HPOS="483"
                    VPOS="2304"
                    WIDTH="1056"
                    HEIGHT="121"></String>
          </TextLine>

          
          
          <TextLine ID="eSc_line_29f16c30"
                    
                    BASELINE="496 2479 1539 2495" 
                    HPOS="492"
                    VPOS="2404"
                    WIDTH="1047"
                    HEIGHT="112">
            <Shape><Polygon POINTS="496 2479 496 2404 1534 2404 1539 2495 1534 2516 492 2516"/></Shape>
	    <String CONTENT="ęther excipiter solus:de quo &amp; eius"
                    HPOS="492"
                    VPOS="2404"
                    WIDTH="1047"
                    HEIGHT="112"></String>
          </TextLine>

          
          
          <TextLine ID="eSc_line_5f3a0f2b"
                    
                    BASELINE="496 2562 1534 2575" 
                    HPOS="487"
                    VPOS="2487"
                    WIDTH="1047"
                    HEIGHT="113">
            <Shape><Polygon POINTS="496 2562 496 2487 1530 2495 1534 2575 1526 2600 487 2579"/></Shape>
	    <String CONTENT="amplissima posteritate in libris se&#39;"
                    HPOS="487"
                    VPOS="2487"
                    WIDTH="1047"
                    HEIGHT="113"></String>
          </TextLine>

          
          
          <TextLine ID="eSc_line_f4bf111c"
                    
                    BASELINE="496 2650 1534 2666" 
                    HPOS="487"
                    VPOS="2554"
                    WIDTH="1047"
                    HEIGHT="125">
            <Shape><Polygon POINTS="496 2650 500 2554 546 2575 675 2558 704 2558 704 2558 709 2558 709 2558 713 2558 729 2562 796 2579 917 2566 988 2562 988 2562 992 2562 992 2562 996 2562 996 2562 1021 2570 1055 2583 1130 2575 1213 2566 1213 2566 1217 2566 1530 2591 1534 2666 1526 2679 487 2662"/></Shape>
	    <String CONTENT="quentibus describetur. Fuerũt ergo"
                    HPOS="487"
                    VPOS="2554"
                    WIDTH="1047"
                    HEIGHT="125"></String>
          </TextLine>

          
          
          <TextLine ID="eSc_line_426bae8a"
                    
                    BASELINE="496 2733 1451 2745" 
                    HPOS="487"
                    VPOS="2658"
                    WIDTH="964"
                    HEIGHT="104">
            <Shape><Polygon POINTS="496 2733 496 2658 1447 2670 1451 2745 1443 2762 487 2750"/></Shape>
	    <String CONTENT="demogorgoni filii filięque nouem."
                    HPOS="487"
                    VPOS="2658"
                    WIDTH="964"
                    HEIGHT="104"></String>
          </TextLine>

          
          
          <TextLine ID="eSc_line_818ad59d"
                    
                    BASELINE="496 2816 1539 2833" 
                    HPOS="487"
                    VPOS="2733"
                    WIDTH="1052"
                    HEIGHT="117">
            <Shape><Polygon POINTS="496 2816 496 2733 1180 2733 1180 2733 1180 2733 1192 2733 1284 2754 1530 2737 1539 2833 1530 2850 487 2833"/></Shape>
	    <String CONTENT="Quorum primis litigium.Secũd⁹"
                    HPOS="487"
                    VPOS="2733"
                    WIDTH="1052"
                    HEIGHT="117"></String>
          </TextLine>

          
          
          <TextLine ID="eSc_line_73916eb6"
                    
                    BASELINE="496 2895 1547 2916" 
                    HPOS="487"
                    VPOS="2804"
                    WIDTH="1060"
                    HEIGHT="129">
            <Shape><Polygon POINTS="496 2895 496 2804 1547 2841 1547 2916 1539 2933 487 2925"/></Shape>
	    <String CONTENT="Pan.Tertia Cloto.Quarta lachesis"
                    HPOS="487"
                    VPOS="2804"
                    WIDTH="1060"
                    HEIGHT="129"></String>
          </TextLine>

          
          
          <TextLine ID="eSc_line_47cd8caf"
                    
                    BASELINE="496 2983 1534 2995" 
                    HPOS="487"
                    VPOS="2908"
                    WIDTH="1047"
                    HEIGHT="117">
            <Shape><Polygon POINTS="496 2983 496 2908 1530 2920 1534 2995 1526 3025 487 3000"/></Shape>
	    <String CONTENT="Quinta Atropos. Sext⁹ Polus seu"
                    HPOS="487"
                    VPOS="2908"
                    WIDTH="1047"
                    HEIGHT="117"></String>
          </TextLine>

          
          
          <TextLine ID="eSc_line_097b6bf2"
                    
                    BASELINE="496 3066 1534 3083" 
                    HPOS="487"
                    VPOS="2970"
                    WIDTH="1047"
                    HEIGHT="130">
            <Shape><Polygon POINTS="496 3066 496 2970 1530 3000 1534 3083 1526 3100 487 3083"/></Shape>
	    <String CONTENT="Pollus.Septimus Phyton seu Pha"
                    HPOS="487"
                    VPOS="2970"
                    WIDTH="1047"
                    HEIGHT="130"></String>
          </TextLine>

          
          
          <TextLine ID="eSc_line_52e365dc"
                    
                    BASELINE="500 3154 1539 3170" 
                    HPOS="492"
                    VPOS="3075"
                    WIDTH="1047"
                    HEIGHT="125">
            <Shape><Polygon POINTS="500 3154 500 3075 1539 3087 1539 3170 1530 3200 492 3170"/></Shape>
	    <String CONTENT="neta. Octaua Terra. Monnus hereb⁹"
                    HPOS="492"
                    VPOS="3075"
                    WIDTH="1047"
                    HEIGHT="125"></String>
          </TextLine>

          
          
          <TextLine ID="eSc_line_e573ea3e"
                    
                    BASELINE="496 3233 1001 3245" 
                    HPOS="487"
                    VPOS="3141"
                    WIDTH="514"
                    HEIGHT="121">
            <Shape><Polygon POINTS="496 3233 496 3141 996 3175 1001 3245 992 3262 487 3250"/></Shape>
	    <String CONTENT="De Aeternitate."
                    HPOS="487"
                    VPOS="3141"
                    WIDTH="514"
                    HEIGHT="121"></String>
          </TextLine>

          
          
          <TextLine ID="eSc_line_68e59ac1"
                    
                    BASELINE="500 3320 1539 3345" 
                    HPOS="492"
                    VPOS="3225"
                    WIDTH="1047"
                    HEIGHT="158">
            <Shape><Polygon POINTS="500 3320 500 3225 1539 3245 1539 3345 1534 3362 1372 3383 1372 3383 1368 3383 492 3345"/></Shape>
	    <String CONTENT="De Litigio primo Demogorgõis"
                    HPOS="492"
                    VPOS="3225"
                    WIDTH="1047"
                    HEIGHT="158"></String>
          </TextLine>

          
          
          <TextLine ID="eSc_line_078898cf"
                    
                    BASELINE="496 3404 658 3404" 
                    HPOS="496"
                    VPOS="3325"
                    WIDTH="162"
                    HEIGHT="108">
            <Shape><Polygon POINTS="496 3404 496 3325 658 3325 658 3404 658 3429 496 3433"/></Shape>
	    <String CONTENT="filio."
                    HPOS="496"
                    VPOS="3325"
                    WIDTH="162"
                    HEIGHT="108"></String>
          </TextLine>

          
          
          <TextLine ID="eSc_line_2d9d81a2"
                    
                    BASELINE="500 3487 1539 3512" 
                    HPOS="496"
                    VPOS="3395"
                    WIDTH="1043"
                    HEIGHT="150">
            <Shape><Polygon POINTS="500 3487 500 3395 1539 3425 1539 3512 1534 3525 1368 3545 1368 3545 1363 3545 1038 3537 1038 3537 1038 3537 1034 3537 1034 3537 1034 3537 1030 3537 1030 3537 1013 3520 1005 3516 496 3516"/></Shape>
	    <String CONTENT="De pane secundo Demogorgonis"
                    HPOS="496"
                    VPOS="3395"
                    WIDTH="1043"
                    HEIGHT="150"></String>
          </TextLine>

          
          
          <TextLine ID="eSc_line_5d2fa245"
                    
                    BASELINE="500 3575 658 3566" 
                    HPOS="487"
                    VPOS="3470"
                    WIDTH="171"
                    HEIGHT="125">
            <Shape><Polygon POINTS="500 3575 487 3491 575 3470 575 3470 575 3470 579 3470 579 3470 579 3470 583 3470 654 3495 658 3566 658 3595 500 3595"/></Shape>
	    <String CONTENT="filio."
                    HPOS="487"
                    VPOS="3470"
                    WIDTH="171"
                    HEIGHT="125"></String>
          </TextLine>

          
          
          <TextLine ID="eSc_line_2b0be97f"
                    
                    BASELINE="496 3654 1539 3679" 
                    HPOS="487"
                    VPOS="3562"
                    WIDTH="1052"
                    HEIGHT="133">
            <Shape><Polygon POINTS="496 3654 496 3562 1539 3579 1539 3679 1530 3695 487 3670"/></Shape>
	    <String CONTENT="De Cloto tertia. Lachesi quarta:&amp;"
                    HPOS="487"
                    VPOS="3562"
                    WIDTH="1052"
                    HEIGHT="133"></String>
          </TextLine>

          
          
          <TextLine ID="eSc_line_b016f8b9"
                    
                    BASELINE="496 3741 1534 3770" 
                    HPOS="487"
                    VPOS="3662"
                    WIDTH="1047"
                    HEIGHT="146">
            <Shape><Polygon POINTS="496 3741 496 3662 1530 3691 1534 3770 1530 3787 1388 3808 1388 3808 1384 3808 487 3758"/></Shape>
	    <String CONTENT="Atropos quinta filiabus Demogor"
                    HPOS="487"
                    VPOS="3662"
                    WIDTH="1047"
                    HEIGHT="146"></String>
          </TextLine>

          
          
          <TextLine ID="eSc_line_51490adb"
                    
                    BASELINE="500 3829 713 3829" 
                    HPOS="500"
                    VPOS="3741"
                    WIDTH="213"
                    HEIGHT="113">
            <Shape><Polygon POINTS="500 3829 500 3741 713 3762 713 3829 713 3845 500 3854"/></Shape>
	    <String CONTENT="gonis."
                    HPOS="500"
                    VPOS="3741"
                    WIDTH="213"
                    HEIGHT="113"></String>
          </TextLine>

          
          
          <TextLine ID="eSc_line_bef15dc2"
                    
                    BASELINE="483 3912 1497 3937" 
                    HPOS="467"
                    VPOS="3825"
                    WIDTH="1026"
                    HEIGHT="191">
            <Shape><Polygon POINTS="479 3908 479 3825 1488 3833 1493 3933 1493 3983 1413 3985 1409 4008 1405 4008 1367 3991 1317 3983 1267 3966 1255 3983 1230 4000 1230 4004 1226 4004 1222 4004 1217 4004 1213 4004 1151 3979 1109 3966 1071 3979 1059 3983 1055 3983 1051 3983 1021 3979 913 3958 884 3979 875 3983 871 3983 867 3983 863 3983 859 3983 855 3983 846 3975 834 3970 825 3975 784 4012 784 4016 779 4016 775 4016 781 3974 725 3974 646 4016 653 3970 467 3970"/></Shape>
	    <String CONTENT="De Poli vi.Demogorgonis filio."
                    HPOS="467"
                    VPOS="3825"
                    WIDTH="1026"
                    HEIGHT="191"></String>
          </TextLine>

          
        </TextBlock>
        
        <TextBlock HPOS="3196"
                   VPOS="149"
                   WIDTH="92"
                   HEIGHT="98"
                   ID="eSc_textblock_832a698e"
                   TAGREFS="BT1467">
          <Shape><Polygon POINTS="3196 149 3196 247 3288 247 3288 149"/></Shape>
          
          
          <TextLine ID="eSc_line_88b79f3c"
                    
                    BASELINE="3212 231 3219 231 3277 231" 
                    HPOS="3211"
                    VPOS="154"
                    WIDTH="63"
                    HEIGHT="100">
            <Shape><Polygon POINTS="3211 229 3211 154 3274 154 3274 229 3274 254 3211 254"/></Shape>
	    <String CONTENT="1"
                    HPOS="3211"
                    VPOS="154"
                    WIDTH="63"
                    HEIGHT="100"></String>
          </TextLine>

          
        </TextBlock>
        
        <TextBlock HPOS="1613"
                   VPOS="3211"
                   WIDTH="1"
                   HEIGHT="2"
                   ID="eSc_textblock_5085f5b4"
                   TAGREFS="BT">
          <Shape><Polygon POINTS="1614 3212 1613 3213 1613 3211"/></Shape>
          
        </TextBlock>
        
        <TextBlock HPOS="2870"
                   VPOS="79"
                   WIDTH="7"
                   HEIGHT="3"
                   ID="eSc_textblock_23c02dbf"
                   TAGREFS="BT">
          <Shape><Polygon POINTS="2870 79 2877 79 2877 82 2870 82"/></Shape>
          
        </TextBlock>
        
        <TextBlock HPOS="2367"
                   VPOS="409"
                   WIDTH="8"
                   HEIGHT="0"
                   ID="eSc_textblock_b5895bcf"
                   TAGREFS="BT">
          <Shape><Polygon POINTS="2367 409 2375 409 2375 409 2367 409"/></Shape>
          
        </TextBlock>
        
        <TextBlock HPOS="1751"
                   VPOS="474"
                   WIDTH="1080"
                   HEIGHT="3488"
                   ID="eSc_textblock_d72e4aa1"
                   TAGREFS="BT2">
          <Shape><Polygon POINTS="2655 1295 2655 1360 2714 1360 2714 1509 2798 1509 2824 1528 2824 1802 2831 1802 2831 2612 2818 2623 2818 2596 2695 2596 2695 2779 2810 2779 2831 2800 2804 2863 1940 2863 1940 2935 2031 2935 2031 2928 2656 2928 2656 3045 2792 3045 2812 3117 2128 3117 2128 3169 2154 3169 2154 3189 2649 3189 2649 3286 2564 3286 2564 3351 2649 3351 2649 3371 2727 3371 2727 3469 2774 3469 2781 3483 2761 3560 2656 3560 2656 3638 2714 3638 2714 3814 2763 3814 2798 3962 1751 3945 1767 749 1768 585 1777 585 1777 474 2825 474 2825 1015 2121 1015 2121 1041 2134 1041 2134 1067 2154 1067 2154 1073 2596 1073 2596 1164 2743 1164 2746 1167 2746 1295"/></Shape>
          
        </TextBlock>
        
        <TextBlock HPOS="1992"
                   VPOS="154"
                   WIDTH="5"
                   HEIGHT="12"
                   ID="eSc_textblock_c1adfa3c"
                   TAGREFS="BT">
          <Shape><Polygon POINTS="1997 154 1997 166 1992 166 1992 154"/></Shape>
          
        </TextBlock>
        
        <TextBlock HPOS="1994"
                   VPOS="165"
                   WIDTH="4"
                   HEIGHT="6"
                   ID="eSc_textblock_dc3048a8"
                   TAGREFS="BT">
          <Shape><Polygon POINTS="1994 171 1994 165 1998 165 1998 171"/></Shape>
          
        </TextBlock>
        

        
        <TextBlock ID="eSc_dummyblock_">
          
          
          <TextLine ID="eSc_line_6d067bcd"
                    
                    BASELINE="1776 545 2819 554" 
                    HPOS="1768"
                    VPOS="437"
                    WIDTH="1059"
                    HEIGHT="135">
            <Shape><Polygon POINTS="1776 545 1772 454 2111 452 2110 437 2114 437 2118 437 2118 441 2135 454 2139 462 2302 462 2310 458 2369 452 2373 437 2377 437 2381 437 2385 437 2414 458 2427 466 2573 466 2577 458 2602 437 2606 437 2610 437 2615 437 2777 437 2781 437 2786 437 2827 462 2819 554 2811 572 1768 562"/></Shape>
	    <String CONTENT="De Phytone vii.demogorgõis filio"
                    HPOS="1768"
                    VPOS="437"
                    WIDTH="1059"
                    HEIGHT="135"></String>
          </TextLine>

          
          
          <TextLine ID="eSc_line_e102b6d6"
                    
                    BASELINE="1780 637 2806 645" 
                    HPOS="1776"
                    VPOS="558"
                    WIDTH="1030"
                    HEIGHT="104">
            <Shape><Polygon POINTS="1780 637 1780 558 2802 558 2806 645 2802 662 1776 662"/></Shape>
	    <String CONTENT="De terra ex filiis Demogorgonis"
                    HPOS="1776"
                    VPOS="558"
                    WIDTH="1030"
                    HEIGHT="104"></String>
          </TextLine>

          
          
          <TextLine ID="eSc_line_84bb17ac"
                    
                    BASELINE="1780 720 2819 729" 
                    HPOS="1772"
                    VPOS="650"
                    WIDTH="1047"
                    HEIGHT="112">
            <Shape><Polygon POINTS="1780 720 1780 650 2815 658 2819 729 2811 762 1772 737"/></Shape>
	    <String CONTENT="octaua quę ex incognitis parētibus"
                    HPOS="1772"
                    VPOS="650"
                    WIDTH="1047"
                    HEIGHT="112"></String>
          </TextLine>

          
          
          <TextLine ID="eSc_line_8e134495"
                    
                    BASELINE="1780 804 2819 816" 
                    HPOS="1772"
                    VPOS="729"
                    WIDTH="1047"
                    HEIGHT="100">
            <Shape><Polygon POINTS="1780 804 1780 729 2815 741 2819 816 2811 829 1772 816"/></Shape>
	    <String CONTENT="quinꝙ genuit filios:Quorũ prima"
                    HPOS="1772"
                    VPOS="729"
                    WIDTH="1047"
                    HEIGHT="100"></String>
          </TextLine>

          
          
          <TextLine ID="eSc_line_04d68185"
                    
                    BASELINE="1776 891 2819 900" 
                    HPOS="1768"
                    VPOS="795"
                    WIDTH="1051"
                    HEIGHT="125">
            <Shape><Polygon POINTS="1776 891 1780 795 1826 816 2135 804 2293 800 2298 800 2298 800 2302 800 2302 800 2302 800 2306 800 2318 808 2339 825 2815 825 2819 900 2811 920 1768 908"/></Shape>
	    <String CONTENT="Nox.Secundus Tartarus.Tertia fa"
                    HPOS="1768"
                    VPOS="795"
                    WIDTH="1051"
                    HEIGHT="125"></String>
          </TextLine>

          
          
          <TextLine ID="eSc_line_4c306b88"
                    
                    BASELINE="1776 975 2823 987" 
                    HPOS="1772"
                    VPOS="891"
                    WIDTH="1051"
                    HEIGHT="117">
            <Shape><Polygon POINTS="1776 975 1776 891 2819 895 2823 987 2819 1008 1772 1008"/></Shape>
	    <String CONTENT="ma.Quartus Taygetes. Quintus"
                    HPOS="1772"
                    VPOS="891"
                    WIDTH="1051"
                    HEIGHT="117"></String>
          </TextLine>

          
          
          <TextLine ID="eSc_line_c385460f"
                    
                    BASELINE="1776 1062 2110 1062" 
                    HPOS="1776"
                    VPOS="983"
                    WIDTH="334"
                    HEIGHT="104">
            <Shape><Polygon POINTS="1776 1062 1776 983 2110 1000 2110 1062 2110 1087 1776 1087"/></Shape>
	    <String CONTENT="Antheus."
                    HPOS="1776"
                    VPOS="983"
                    WIDTH="334"
                    HEIGHT="104"></String>
          </TextLine>

          
          
          <TextLine ID="eSc_line_56cb6129"
                    
                    BASELINE="1776 1141 2590 1154" 
                    HPOS="1768"
                    VPOS="1050"
                    WIDTH="822"
                    HEIGHT="120">
            <Shape><Polygon POINTS="1776 1141 1776 1050 2585 1050 2590 1154 2581 1170 1768 1166"/></Shape>
	    <String CONTENT="De nocte prima terrę filia."
                    HPOS="1768"
                    VPOS="1050"
                    WIDTH="822"
                    HEIGHT="120"></String>
          </TextLine>

          
          
          <TextLine ID="eSc_line_60637857"
                    
                    BASELINE="1776 1233 2744 1233" 
                    HPOS="1776"
                    VPOS="1141"
                    WIDTH="968"
                    HEIGHT="121">
            <Shape><Polygon POINTS="1776 1233 1776 1141 2744 1158 2744 1233 2744 1258 1776 1262"/></Shape>
	    <String CONTENT="De Fama secunda ex filiis terrę."
                    HPOS="1776"
                    VPOS="1141"
                    WIDTH="968"
                    HEIGHT="121"></String>
          </TextLine>

          
          
          <TextLine ID="eSc_line_3096c190"
                    
                    BASELINE="1776 1308 2640 1320" 
                    HPOS="1768"
                    VPOS="1229"
                    WIDTH="872"
                    HEIGHT="108">
            <Shape><Polygon POINTS="1776 1308 1776 1229 2635 1250 2640 1320 2631 1337 1768 1329"/></Shape>
	    <String CONTENT="De Tartaro tertio terrę filio."
                    HPOS="1768"
                    VPOS="1229"
                    WIDTH="872"
                    HEIGHT="108"></String>
          </TextLine>

          
          
          <TextLine ID="eSc_line_918da444"
                    
                    BASELINE="1776 1395 2690 1408" 
                    HPOS="1768"
                    VPOS="1308"
                    WIDTH="922"
                    HEIGHT="112">
            <Shape><Polygon POINTS="1776 1395 1776 1308 2686 1329 2690 1408 2681 1420 1768 1408"/></Shape>
	    <String CONTENT="De Taygete quarto terrę filio."
                    HPOS="1768"
                    VPOS="1308"
                    WIDTH="922"
                    HEIGHT="112"></String>
          </TextLine>

          
          
          <TextLine ID="eSc_line_73af106a"
                    
                    BASELINE="1776 1479 2686 1487" 
                    HPOS="1768"
                    VPOS="1387"
                    WIDTH="918"
                    HEIGHT="117">
            <Shape><Polygon POINTS="1776 1479 1776 1387 2681 1416 2686 1487 2677 1504 1768 1500"/></Shape>
	    <String CONTENT="De Antheo quinto terrę filio."
                    HPOS="1768"
                    VPOS="1387"
                    WIDTH="918"
                    HEIGHT="117"></String>
          </TextLine>

          
          
          <TextLine ID="eSc_line_c844796e"
                    
                    BASELINE="1776 1570 2798 1570" 
                    HPOS="1772"
                    VPOS="1475"
                    WIDTH="1026"
                    HEIGHT="120">
            <Shape><Polygon POINTS="1776 1570 1776 1475 2798 1487 2798 1570 2794 1595 1772 1591"/></Shape>
	    <String CONTENT="De Herebo nono demogorgonis"
                    HPOS="1772"
                    VPOS="1475"
                    WIDTH="1026"
                    HEIGHT="120"></String>
          </TextLine>

          
          
          <TextLine ID="eSc_line_c241ea5f"
                    
                    BASELINE="1772 1650 2815 1662" 
                    HPOS="1764"
                    VPOS="1575"
                    WIDTH="1051"
                    HEIGHT="100">
            <Shape><Polygon POINTS="1772 1650 1772 1575 2815 1587 2815 1662 2806 1675 1764 1670"/></Shape>
	    <String CONTENT="filio:cui fuerunt filii.xxi. Quorum"
                    HPOS="1764"
                    VPOS="1575"
                    WIDTH="1051"
                    HEIGHT="100"></String>
          </TextLine>

          
          
          <TextLine ID="eSc_line_fec3cbe1"
                    
                    BASELINE="1776 1733 2815 1741" 
                    HPOS="1768"
                    VPOS="1645"
                    WIDTH="1047"
                    HEIGHT="121">
            <Shape><Polygon POINTS="1776 1733 1776 1645 2811 1666 2815 1741 2806 1766 1768 1762"/></Shape>
	    <String CONTENT="primus amor.Secunda gratia.Ter"
                    HPOS="1768"
                    VPOS="1645"
                    WIDTH="1047"
                    HEIGHT="121"></String>
          </TextLine>

          
          
          <TextLine ID="eSc_line_af5c14b1"
                    
                    BASELINE="1776 1816 2815 1829" 
                    HPOS="1768"
                    VPOS="1737"
                    WIDTH="1047"
                    HEIGHT="108">
            <Shape><Polygon POINTS="1776 1816 1776 1737 2811 1750 2815 1829 2806 1845 1768 1833"/></Shape>
	    <String CONTENT="tius labor. Quarta inuidentia. Quĩ"
                    HPOS="1768"
                    VPOS="1737"
                    WIDTH="1047"
                    HEIGHT="108"></String>
          </TextLine>

          
          
          <TextLine ID="eSc_line_035b526c"
                    
                    BASELINE="1776 1904 2819 1912" 
                    HPOS="1768"
                    VPOS="1825"
                    WIDTH="1051"
                    HEIGHT="100">
            <Shape><Polygon POINTS="1776 1904 1776 1825 2819 1837 2819 1912 2811 1925 1768 1920"/></Shape>
	    <String CONTENT="tus metus. Sextus dolus. Septim⁹"
                    HPOS="1768"
                    VPOS="1825"
                    WIDTH="1051"
                    HEIGHT="100"></String>
          </TextLine>

          
          
          <TextLine ID="eSc_line_bf3b5bce"
                    
                    BASELINE="1772 1987 2815 2000" 
                    HPOS="1764"
                    VPOS="1904"
                    WIDTH="1051"
                    HEIGHT="108">
            <Shape><Polygon POINTS="1772 1987 1772 1904 2811 1916 2815 2000 2806 2012 1764 2008"/></Shape>
	    <String CONTENT="fraus.Octaua pertinantia.Nona ęge"
                    HPOS="1764"
                    VPOS="1904"
                    WIDTH="1051"
                    HEIGHT="108"></String>
          </TextLine>

          
          
          <TextLine ID="eSc_line_91c4fc45"
                    
                    BASELINE="1772 2070 2815 2083" 
                    HPOS="1764"
                    VPOS="1995"
                    WIDTH="1051"
                    HEIGHT="113">
            <Shape><Polygon POINTS="1772 2070 1772 1995 2811 2008 2815 2083 2806 2108 1764 2083"/></Shape>
	    <String CONTENT="stas. Decima miseria. Vndecima"
                    HPOS="1764"
                    VPOS="1995"
                    WIDTH="1051"
                    HEIGHT="113"></String>
          </TextLine>

          
          
          <TextLine ID="eSc_line_e2c45ec0"
                    
                    BASELINE="1776 2154 2815 2162" 
                    HPOS="1768"
                    VPOS="2075"
                    WIDTH="1047"
                    HEIGHT="104">
            <Shape><Polygon POINTS="1776 2154 1776 2075 2811 2087 2815 2162 2806 2179 1768 2170"/></Shape>
	    <String CONTENT="fames.Duodecima quęrela. Deci&#39;"
                    HPOS="1768"
                    VPOS="2075"
                    WIDTH="1047"
                    HEIGHT="104"></String>
          </TextLine>

          
          
          <TextLine ID="eSc_line_368591ca"
                    
                    BASELINE="1776 2237 2815 2254" 
                    HPOS="1768"
                    VPOS="2162"
                    WIDTH="1047"
                    HEIGHT="121">
            <Shape><Polygon POINTS="1776 2237 1776 2162 2811 2170 2815 2254 2806 2283 1768 2258"/></Shape>
	    <String CONTENT="mustertius morbus. Decimusquar"
                    HPOS="1768"
                    VPOS="2162"
                    WIDTH="1047"
                    HEIGHT="121"></String>
          </TextLine>

          
          
          <TextLine ID="eSc_line_469784d7"
                    
                    BASELINE="1776 2325 2811 2337" 
                    HPOS="1768"
                    VPOS="2245"
                    WIDTH="1043"
                    HEIGHT="113">
            <Shape><Polygon POINTS="1776 2325 1776 2245 2806 2258 2811 2337 2802 2358 1768 2337"/></Shape>
	    <String CONTENT="tus senectus.Decimusquĩt⁹  pallor."
                    HPOS="1768"
                    VPOS="2245"
                    WIDTH="1043"
                    HEIGHT="113"></String>
          </TextLine>

          
          
          <TextLine ID="eSc_line_b370a190"
                    
                    BASELINE="1772 2408 2806 2425" 
                    HPOS="1764"
                    VPOS="2320"
                    WIDTH="1042"
                    HEIGHT="130">
            <Shape><Polygon POINTS="1772 2408 1772 2320 2802 2329 2806 2425 2798 2450 1764 2433"/></Shape>
	    <String CONTENT="Decimasexta tenebra.Decimussepᵃ"
                    HPOS="1764"
                    VPOS="2320"
                    WIDTH="1042"
                    HEIGHT="130"></String>
          </TextLine>

          
          
          <TextLine ID="eSc_line_652ce738"
                    
                    BASELINE="1776 2491 2811 2508" 
                    HPOS="1768"
                    VPOS="2408"
                    WIDTH="1043"
                    HEIGHT="117">
            <Shape><Polygon POINTS="1776 2491 1776 2408 2806 2433 2811 2508 2802 2525 1768 2508"/></Shape>
	    <String CONTENT="timus somnus.Decĩa octaua mors."
                    HPOS="1768"
                    VPOS="2408"
                    WIDTH="1043"
                    HEIGHT="117"></String>
          </TextLine>

          
          
          <TextLine ID="eSc_line_5bbf5d0d"
                    
                    BASELINE="1772 2575 2811 2595" 
                    HPOS="1764"
                    VPOS="2491"
                    WIDTH="1047"
                    HEIGHT="125">
            <Shape><Polygon POINTS="1772 2575 1772 2491 2806 2512 2811 2595 2802 2616 1764 2591"/></Shape>
	    <String CONTENT="Decimusnonus charõ. Vigesimus"
                    HPOS="1764"
                    VPOS="2491"
                    WIDTH="1047"
                    HEIGHT="125"></String>
          </TextLine>

          
          
          <TextLine ID="eSc_line_43ac5a89"
                    
                    BASELINE="1772 2658 2690 2675" 
                    HPOS="1764"
                    VPOS="2583"
                    WIDTH="926"
                    HEIGHT="117">
            <Shape><Polygon POINTS="1772 2658 1772 2583 2686 2600 2690 2675 2681 2700 1764 2683"/></Shape>
	    <String CONTENT="dies.Vigesimusprimus ęther."
                    HPOS="1764"
                    VPOS="2583"
                    WIDTH="926"
                    HEIGHT="117"></String>
          </TextLine>

          
          
          <TextLine ID="eSc_line_80cfd512"
                    
                    BASELINE="1768 2745 2656 2758" 
                    HPOS="1760"
                    VPOS="2658"
                    WIDTH="896"
                    HEIGHT="117">
            <Shape><Polygon POINTS="1768 2745 1768 2658 2652 2683 2656 2758 2648 2775 1760 2762"/></Shape>
	    <String CONTENT="De gratia herebi &amp; noctis secunda"
                    HPOS="1760"
                    VPOS="2658"
                    WIDTH="896"
                    HEIGHT="117"></String>
          </TextLine>

          
          
          <TextLine ID="eSc_line_0ffadde3"
                    
                    BASELINE="1768 2829 2815 2845" 
                    HPOS="1760"
                    VPOS="2733"
                    WIDTH="1055"
                    HEIGHT="146">
            <Shape><Polygon POINTS="1768 2829 1768 2733 2815 2745 2815 2845 2806 2879 1760 2854"/></Shape>
	    <String CONTENT="De gratia herebi &amp; noctis secunda"
                    HPOS="1760"
                    VPOS="2733"
                    WIDTH="1055"
                    HEIGHT="146"></String>
          </TextLine>

          
          
          <TextLine ID="eSc_line_e9ee2b51"
                    
                    BASELINE="1768 2916 1926 2908" 
                    HPOS="1760"
                    VPOS="2829"
                    WIDTH="166"
                    HEIGHT="108">
            <Shape><Polygon POINTS="1768 2916 1760 2829 1918 2841 1926 2908 1926 2933 1768 2937"/></Shape>
	    <String CONTENT="filia."
                    HPOS="1760"
                    VPOS="2829"
                    WIDTH="166"
                    HEIGHT="108"></String>
          </TextLine>

          
          
          <TextLine ID="eSc_line_e46f09dc"
                    
                    BASELINE="1768 3000 2656 3012" 
                    HPOS="1760"
                    VPOS="2908"
                    WIDTH="896"
                    HEIGHT="121">
            <Shape><Polygon POINTS="1768 3000 1768 2908 2652 2920 2656 3012 2648 3029 1760 3016"/></Shape>
	    <String CONTENT="De labore tertio herebi filio."
                    HPOS="1760"
                    VPOS="2908"
                    WIDTH="896"
                    HEIGHT="121"></String>
          </TextLine>

          
          
          <TextLine ID="eSc_line_b229436b"
                    
                    BASELINE="1768 3079 2798 3100" 
                    HPOS="1760"
                    VPOS="2991"
                    WIDTH="1038"
                    HEIGHT="142">
            <Shape><Polygon POINTS="1768 3079 1768 2991 2798 3008 2798 3100 2790 3133 1760 3100"/></Shape>
	    <String CONTENT="inuidentia seu inuidia quarta"
                    HPOS="1760"
                    VPOS="2991"
                    WIDTH="1038"
                    HEIGHT="142"></String>
          </TextLine>

          
          
          <TextLine ID="eSc_line_8c6f90d9"
                    
                    BASELINE="1764 3166 2131 3175" 
                    HPOS="1760"
                    VPOS="3079"
                    WIDTH="371"
                    HEIGHT="112">
            <Shape><Polygon POINTS="1764 3166 1764 3079 2127 3091 2131 3175 2127 3187 1760 3191"/></Shape>
	    <String CONTENT="herebi filia."
                    HPOS="1760"
                    VPOS="3079"
                    WIDTH="371"
                    HEIGHT="112"></String>
          </TextLine>

          
          
          <TextLine ID="eSc_line_f2fc813c"
                    
                    BASELINE="1764 3250 2631 3266" 
                    HPOS="1755"
                    VPOS="3166"
                    WIDTH="876"
                    HEIGHT="117">
            <Shape><Polygon POINTS="1764 3250 1764 3166 2631 3187 2631 3266 2623 3283 1755 3266"/></Shape>
	    <String CONTENT="De metu quinto herebi filio."
                    HPOS="1755"
                    VPOS="3166"
                    WIDTH="876"
                    HEIGHT="117"></String>
          </TextLine>

          
          
          <TextLine ID="eSc_line_0521c282"
                    
                    BASELINE="1760 3337 2573 3354" 
                    HPOS="1751"
                    VPOS="3250"
                    WIDTH="822"
                    HEIGHT="120">
            <Shape><Polygon POINTS="1760 3337 1760 3250 2569 3270 2573 3354 2565 3370 1751 3350"/></Shape>
	    <String CONTENT="De dolo sento herebi filio."
                    HPOS="1751"
                    VPOS="3250"
                    WIDTH="822"
                    HEIGHT="120"></String>
          </TextLine>

          
          
          <TextLine ID="eSc_line_58e6b852"
                    
                    BASELINE="1768 3416 2711 3433" 
                    HPOS="1760"
                    VPOS="3325"
                    WIDTH="951"
                    HEIGHT="137">
            <Shape><Polygon POINTS="1768 3416 1768 3325 2706 3345 2711 3433 2702 3462 1760 3445"/></Shape>
	    <String CONTENT="De fraude septima herebi filia."
                    HPOS="1760"
                    VPOS="3325"
                    WIDTH="951"
                    HEIGHT="137"></String>
          </TextLine>

          
          
          <TextLine ID="eSc_line_c753e267"
                    
                    BASELINE="1764 3504 2761 3525" 
                    HPOS="1755"
                    VPOS="3416"
                    WIDTH="1006"
                    HEIGHT="125">
            <Shape><Polygon POINTS="1764 3504 1764 3416 2761 3425 2761 3525 2752 3541 1755 3520"/></Shape>
	    <String CONTENT="De pertinantia octaua herebi filia.De ę"
                    HPOS="1755"
                    VPOS="3416"
                    WIDTH="1006"
                    HEIGHT="125"></String>
          </TextLine>

          
          
          <TextLine ID="eSc_line_1abd90db"
                    
                    BASELINE="1768 3591 2644 3608" 
                    HPOS="1760"
                    VPOS="3495"
                    WIDTH="884"
                    HEIGHT="125">
            <Shape><Polygon POINTS="1768 3591 1768 3495 2640 3525 2644 3608 2635 3620 1760 3604"/></Shape>
	    <String CONTENT="gestate nona herebi filia."
                    HPOS="1760"
                    VPOS="3495"
                    WIDTH="884"
                    HEIGHT="125"></String>
          </TextLine>

          
          
          <TextLine ID="eSc_line_5928aced"
                    
                    BASELINE="1764 3675 2706 3691" 
                    HPOS="1755"
                    VPOS="3587"
                    WIDTH="951"
                    HEIGHT="117">
            <Shape><Polygon POINTS="1764 3675 1764 3587 2706 3612 2706 3691 2698 3704 1755 3691"/></Shape>
	    <String CONTENT="De miseria decima hereb. filia."
                    HPOS="1755"
                    VPOS="3587"
                    WIDTH="951"
                    HEIGHT="117"></String>
          </TextLine>

          
          
          <TextLine ID="eSc_line_60072354"
                    
                    BASELINE="1760 3758 2706 3775" 
                    HPOS="1751"
                    VPOS="3670"
                    WIDTH="955"
                    HEIGHT="121">
            <Shape><Polygon POINTS="1760 3758 1760 3670 2702 3700 2706 3775 2698 3791 1751 3775"/></Shape>
	    <String CONTENT="De fame undecima herebi filia."
                    HPOS="1751"
                    VPOS="3670"
                    WIDTH="955"
                    HEIGHT="121"></String>
          </TextLine>

          
          
          <TextLine ID="eSc_line_7387bcfd"
                    
                    BASELINE="1764 3845 2761 3858" 
                    HPOS="1755"
                    VPOS="3750"
                    WIDTH="1006"
                    HEIGHT="120">
            <Shape><Polygon POINTS="1764 3845 1764 3750 2761 3775 2761 3858 2752 3870 1755 3858"/></Shape>
	    <String CONTENT="De quęrela duodecĩa herebi filia."
                    HPOS="1755"
                    VPOS="3750"
                    WIDTH="1006"
                    HEIGHT="120"></String>
          </TextLine>

          
          
          <TextLine ID="eSc_line_881a119b"
                    
                    BASELINE="1764 3937 2802 3950" 
                    HPOS="1755"
                    VPOS="3833"
                    WIDTH="1047"
                    HEIGHT="167">
            <Shape><Polygon POINTS="1764 3937 1764 3833 2802 3858 2802 3950 2798 3970 2114 3971 2110 4000 2106 3966 2031 3962 1755 3958"/></Shape>
	    <String CONTENT="De morbo duodecimo herebi filio."
                    HPOS="1755"
                    VPOS="3833"
                    WIDTH="1047"
                    HEIGHT="167"></String>
          </TextLine>

          
        </TextBlock>
        
      </PrintSpace>
    </Page>
  </Layout>
</alto>
