<?xml version="1.0" encoding="UTF-8"?>
<alto xmlns:xsi="http://www.w3.org/2001/XMLSchema-instance"
      xmlns="http://www.loc.gov/standards/alto/ns-v4#"
      xsi:schemaLocation="http://www.loc.gov/standards/alto/ns-v4# http://www.loc.gov/standards/alto/v4/alto-4-2.xsd">
  <Description>
    <MeasurementUnit>pixel</MeasurementUnit>
    <sourceImageInformation>
      <fileName>9_000c1_default.jpg</fileName>
      <fileIdentifier>https://mazarinum.bibliotheque-mazarine.fr/i/?IIIF=/af/0a/c2/41/af0ac241-0f82-4dc2-a6df-bb95b17c4e73/iiif/751063002_inc59_0010.tif/full/full/0/default.jpg</fileIdentifier>
    </sourceImageInformation>
  </Description>
  
  <Tags>
    <OtherTag ID="BT1" LABEL="Title" DESCRIPTION="block type Title"/><OtherTag ID="BT2" LABEL="Main" DESCRIPTION="block type Main"/><OtherTag ID="BT3" LABEL="Commentary" DESCRIPTION="block type Commentary"/><OtherTag ID="BT4" LABEL="Illustration" DESCRIPTION="block type Illustration"/><OtherTag ID="BT1467" LABEL="Page" DESCRIPTION="block type Page"/>
    <OtherTag ID="LT1" LABEL="Main" DESCRIPTION="line type Main"/><OtherTag ID="LT2" LABEL="Numbering" DESCRIPTION="line type Numbering"/><OtherTag ID="LT3" LABEL="Correction" DESCRIPTION="line type Correction"/><OtherTag ID="LT4" LABEL="Signature" DESCRIPTION="line type Signature"/>
  </Tags>
  
  <Layout>
    <Page WIDTH="3635"
          HEIGHT="5000"
          PHYSICAL_IMG_NR="1"
          ID="eSc_dummypage_">
      <PrintSpace HPOS="0"
                  VPOS="0"
                  WIDTH="3635"
                  HEIGHT="5000">
        

        
      </PrintSpace>
    </Page>
  </Layout>
</alto>
